user_id,ground_truth_label,p_bot,identity_auth_score,interaction_health_score,network_hygiene_score,content_safety_score,trust_score,recommendation_tier,split
0,0,0.8115,0.1991,0.9021,0.8823,0.18,15.01,TIER_4_QUARANTINE_FRAUD,train
1,0,0.0997,0.8319,0.9146,0.8669,0.1066,59.51,TIER_3_RESTRICTED_CAUTION,test
2,0,0.7262,0.2612,0.8765,0.8577,0.0274,19.24,TIER_4_QUARANTINE_FRAUD,val
3,1,0.7015,0.277,0.756,0.1942,0.0319,11.62,TIER_4_QUARANTINE_FRAUD,train
4,0,0.0109,0.9281,0.9297,0.8063,0.4222,72.07,TIER_2_STANDARD_TRUST,test
5,0,0.8342,0.1803,0.8744,0.5888,0.1056,9.92,TIER_4_QUARANTINE_FRAUD,test
6,0,0.0051,0.9365,0.942,0.8031,0.4762,74.26,TIER_2_STANDARD_TRUST,test
7,1,0.9481,0.092,0.8349,0.281,0.0239,2.41,TIER_4_QUARANTINE_FRAUD,train
8,0,0.0093,0.9838,0.9253,0.7002,0.4898,73.42,TIER_2_STANDARD_TRUST,train
9,0,0.0751,0.8816,0.8519,0.8537,0.1051,59.99,TIER_3_RESTRICTED_CAUTION,train
10,0,0.2474,0.7492,0.919,0.7592,0.221,58.38,TIER_3_RESTRICTED_CAUTION,train
11,0,0.0203,0.7899,0.9074,0.7913,0.1084,56.35,TIER_3_RESTRICTED_CAUTION,test
12,0,0.4402,0.4794,0.8744,0.6894,0.0921,43.59,TIER_4_QUARANTINE_FRAUD,test
13,0,0.2725,0.7144,0.9172,0.7983,0.9592,84.13,TIER_1_VERIFIED_SAFE,train
14,1,0.9591,0.1184,0.8764,0.4857,0.0216,4.44,TIER_4_QUARANTINE_FRAUD,train
15,0,0.1403,0.7079,0.8927,0.9899,1.0,89.91,TIER_1_VERIFIED_SAFE,train
16,0,0.3838,0.5359,0.9286,0.7523,0.4299,59.22,TIER_3_RESTRICTED_CAUTION,val
17,0,0.0094,0.8247,0.9357,0.8439,0.4457,70.8,TIER_2_STANDARD_TRUST,train
18,0,0.8694,0.1578,0.8735,0.6068,0.1123,8.34,TIER_4_QUARANTINE_FRAUD,train
19,0,0.0022,0.9595,0.9192,0.87,0.4756,76.37,TIER_2_STANDARD_TRUST,test
20,0,0.075,0.7515,0.9174,0.4449,0.0157,43.39,TIER_4_QUARANTINE_FRAUD,train
21,0,0.01,0.8272,0.938,0.7505,0.1196,57.14,TIER_3_RESTRICTED_CAUTION,train
22,0,0.0199,0.8765,0.9128,0.8882,0.4339,72.82,TIER_2_STANDARD_TRUST,train
23,0,0.0318,0.7807,0.8523,0.8599,0.134,58.13,TIER_3_RESTRICTED_CAUTION,train
24,0,0.8947,0.1592,0.8709,0.6646,0.4282,11.68,TIER_4_QUARANTINE_FRAUD,test
25,0,0.689,0.2994,0.8861,0.8605,0.2517,28.36,TIER_4_QUARANTINE_FRAUD,train
26,0,0.3243,0.6615,0.8825,0.7512,0.0848,50.42,TIER_3_RESTRICTED_CAUTION,train
27,0,0.1293,0.7091,0.9082,0.8192,0.188,57.42,TIER_3_RESTRICTED_CAUTION,train
28,0,0.1866,0.699,0.9303,0.7915,0.0247,50.92,TIER_3_RESTRICTED_CAUTION,train
29,1,0.884,0.1768,0.7899,0.6098,0.1199,9.69,TIER_4_QUARANTINE_FRAUD,train
30,0,0.1834,0.6287,0.8269,0.7946,0.0934,50.26,TIER_3_RESTRICTED_CAUTION,train
31,0,0.0044,0.9339,0.9296,0.8375,0.4432,73.76,TIER_2_STANDARD_TRUST,val
32,1,0.8527,0.1906,0.8536,0.6146,0.1014,10.85,TIER_4_QUARANTINE_FRAUD,train
33,0,0.0712,0.7498,0.9022,0.717,0.1219,53.71,TIER_3_RESTRICTED_CAUTION,test
34,0,0.0579,0.888,0.9326,0.7748,0.4798,72.13,TIER_2_STANDARD_TRUST,train
35,1,0.9718,0.096,0.7526,1.0,0.0591,5.03,TIER_4_QUARANTINE_FRAUD,train
36,0,0.3559,0.5739,0.9151,0.7619,0.5229,63.72,TIER_3_RESTRICTED_CAUTION,train
37,0,0.1746,0.6776,0.8265,0.7228,0.1145,50.67,TIER_3_RESTRICTED_CAUTION,train
38,0,0.1942,0.6888,0.8684,0.7286,0.1036,51.19,TIER_3_RESTRICTED_CAUTION,train
39,0,0.4646,0.4561,0.8575,0.7203,0.1812,46.61,TIER_3_RESTRICTED_CAUTION,train
40,0,0.2554,0.6254,0.8465,0.7913,0.6436,69.53,TIER_2_STANDARD_TRUST,val
41,0,0.0203,0.8245,0.906,0.6834,0.1054,54.57,TIER_3_RESTRICTED_CAUTION,train
42,0,0.1781,0.6703,0.8499,0.7656,0.112,51.67,TIER_3_RESTRICTED_CAUTION,test
43,0,0.839,0.1868,0.8832,0.5409,0.1131,10.18,TIER_4_QUARANTINE_FRAUD,train
44,0,0.0316,0.7906,0.8695,0.8082,0.1386,57.47,TIER_3_RESTRICTED_CAUTION,test
45,0,0.0119,0.8134,0.9224,0.7064,0.4329,66.44,TIER_2_STANDARD_TRUST,train
46,0,0.1164,0.8281,0.9244,0.6844,0.5059,68.9,TIER_2_STANDARD_TRUST,test
47,0,0.8605,0.1714,0.7992,0.7684,0.0317,9.53,TIER_4_QUARANTINE_FRAUD,train
48,0,0.0046,0.7602,0.8643,0.6961,0.1444,53.9,TIER_3_RESTRICTED_CAUTION,train
49,1,0.8531,0.1169,0.865,0.5456,0.0357,4.69,TIER_4_QUARANTINE_FRAUD,train
50,1,0.9707,0.0871,0.8434,0.5282,0.1021,3.29,TIER_4_QUARANTINE_FRAUD,train
51,0,0.0126,0.7942,0.9384,0.8085,0.0991,56.89,TIER_3_RESTRICTED_CAUTION,train
52,0,0.0062,0.8164,0.9092,0.7894,0.4872,70.37,TIER_2_STANDARD_TRUST,train
53,1,0.9436,0.0991,0.85,0.5419,0.1122,4.05,TIER_4_QUARANTINE_FRAUD,train
54,1,0.8489,0.1792,0.8166,0.6762,0.1444,10.73,TIER_4_QUARANTINE_FRAUD,train
55,0,0.7004,0.4021,0.8963,0.6907,0.4848,47.74,TIER_3_RESTRICTED_CAUTION,train
56,0,0.0402,0.8079,0.8812,0.855,0.9723,88.46,TIER_1_VERIFIED_SAFE,val
57,0,0.0017,0.8846,0.9302,0.6861,0.4146,67.5,TIER_2_STANDARD_TRUST,train
58,0,0.9453,0.094,0.4557,0.7029,0.1831,4.1,TIER_4_QUARANTINE_FRAUD,train
59,0,0.2219,0.6682,0.926,0.741,0.5134,65.8,TIER_2_STANDARD_TRUST,train
60,1,0.9413,0.1217,0.8185,0.4994,0.1122,5.16,TIER_4_QUARANTINE_FRAUD,train
61,0,0.1437,0.8304,0.917,0.7314,0.4155,66.91,TIER_2_STANDARD_TRUST,train
62,1,0.0452,0.7697,0.8537,0.6036,0.1433,51.73,TIER_3_RESTRICTED_CAUTION,train
63,0,0.144,0.7085,0.8807,0.5909,0.119,49.0,TIER_3_RESTRICTED_CAUTION,train
64,0,0.2743,0.7223,0.8757,0.6878,0.1197,51.81,TIER_3_RESTRICTED_CAUTION,train
65,0,0.1865,0.6919,0.8931,0.5669,0.1212,48.1,TIER_3_RESTRICTED_CAUTION,test
66,1,0.9464,0.1189,0.8544,0.6785,0.4336,7.85,TIER_4_QUARANTINE_FRAUD,train
67,0,0.1133,0.8337,0.9048,0.7454,0.55,71.94,TIER_2_STANDARD_TRUST,test
68,1,0.9508,0.0912,0.845,0.2723,0.0269,2.38,TIER_4_QUARANTINE_FRAUD,val
69,0,0.795,0.2062,0.8973,0.6813,0.0446,12.24,TIER_4_QUARANTINE_FRAUD,val
70,0,0.2069,0.7522,0.9228,0.6819,0.0953,52.18,TIER_3_RESTRICTED_CAUTION,train
71,0,0.1383,0.7258,0.8752,0.7666,0.0871,52.74,TIER_3_RESTRICTED_CAUTION,train
72,0,0.1798,0.6874,0.8185,0.6518,0.1444,50.15,TIER_3_RESTRICTED_CAUTION,train
73,0,0.0108,0.8279,0.8667,0.7697,0.1106,56.62,TIER_3_RESTRICTED_CAUTION,train
74,0,0.9194,0.1205,0.8549,0.8823,0.0211,6.3,TIER_4_QUARANTINE_FRAUD,test
75,0,0.0018,0.9065,0.9106,0.7667,0.1409,60.4,TIER_3_RESTRICTED_CAUTION,train
76,0,0.0446,0.7755,0.8677,0.7844,0.1322,56.18,TIER_3_RESTRICTED_CAUTION,train
77,0,0.5303,0.4298,0.8713,0.7034,0.1028,40.31,TIER_4_QUARANTINE_FRAUD,train
78,1,0.0046,0.8348,0.8484,0.5885,0.1341,52.93,TIER_3_RESTRICTED_CAUTION,train
79,1,0.9495,0.1161,0.8662,0.6059,0.1286,5.47,TIER_4_QUARANTINE_FRAUD,train
80,0,0.0052,0.8068,0.9228,0.8194,0.1367,58.7,TIER_3_RESTRICTED_CAUTION,val
81,0,0.1026,0.8548,0.9122,0.7974,0.4304,69.77,TIER_2_STANDARD_TRUST,train
82,1,0.9158,0.1187,0.8909,0.7697,0.1584,6.59,TIER_4_QUARANTINE_FRAUD,train
83,1,0.8387,0.1901,0.8281,0.6457,0.0281,10.15,TIER_4_QUARANTINE_FRAUD,test
84,0,0.9709,0.0794,0.8677,0.7415,0.126,3.56,TIER_4_QUARANTINE_FRAUD,test
85,0,0.0447,0.8948,0.9275,0.8586,0.0526,59.42,TIER_3_RESTRICTED_CAUTION,train
86,0,0.0086,0.7969,0.9265,0.8066,0.1153,57.37,TIER_3_RESTRICTED_CAUTION,train
87,1,0.9192,0.1148,0.8499,0.6276,0.1067,5.31,TIER_4_QUARANTINE_FRAUD,test
88,0,0.0441,0.7554,0.8216,0.698,0.1203,52.54,TIER_3_RESTRICTED_CAUTION,train
89,1,0.8976,0.0836,0.8912,0.7071,0.0634,3.51,TIER_4_QUARANTINE_FRAUD,train
90,0,0.1624,0.6465,0.8904,0.9864,0.9972,87.86,TIER_1_VERIFIED_SAFE,train
91,0,0.0266,0.8109,0.9273,0.7586,0.0744,55.17,TIER_3_RESTRICTED_CAUTION,train
92,0,0.0058,0.9356,0.9257,0.6205,0.4238,67.67,TIER_2_STANDARD_TRUST,train
93,0,0.0217,0.8075,0.9138,0.872,0.0367,56.45,TIER_3_RESTRICTED_CAUTION,train
94,0,0.318,0.5973,0.9123,0.7312,0.55,64.57,TIER_3_RESTRICTED_CAUTION,test
95,0,0.0081,0.9241,0.9175,0.796,0.1603,62.41,TIER_3_RESTRICTED_CAUTION,train
96,0,0.7954,0.2102,0.8607,0.5695,0.1092,12.26,TIER_4_QUARANTINE_FRAUD,train
97,0,0.8021,0.2002,0.8669,0.8928,0.1577,14.83,TIER_4_QUARANTINE_FRAUD,test
98,0,0.7565,0.2393,0.903,0.9127,0.2299,20.71,TIER_4_QUARANTINE_FRAUD,train
99,0,0.5466,0.5298,0.8879,0.6652,0.4476,57.07,TIER_3_RESTRICTED_CAUTION,train
100,0,0.0065,0.9153,0.898,0.6918,0.0781,56.47,TIER_3_RESTRICTED_CAUTION,train
101,0,0.559,0.386,0.859,0.6286,0.0442,30.67,TIER_4_QUARANTINE_FRAUD,train
102,0,0.2991,0.5798,0.8678,0.9178,0.2025,56.1,TIER_3_RESTRICTED_CAUTION,train
103,0,0.107,0.7232,0.8572,0.7761,0.116,53.73,TIER_3_RESTRICTED_CAUTION,train
104,0,0.1667,0.6797,0.8701,0.6905,0.0923,49.58,TIER_3_RESTRICTED_CAUTION,train
105,0,0.0009,0.9149,0.9268,0.7926,0.498,73.96,TIER_2_STANDARD_TRUST,train
106,0,0.0036,0.9937,0.922,0.4779,0.4487,66.68,TIER_2_STANDARD_TRUST,train
107,0,0.4395,0.4991,0.9249,0.6236,0.0659,42.12,TIER_4_QUARANTINE_FRAUD,train
108,0,0.2162,0.6742,0.8834,0.7699,0.0674,50.67,TIER_3_RESTRICTED_CAUTION,train
109,1,0.9514,0.0924,0.7816,0.5221,0.1123,3.52,TIER_4_QUARANTINE_FRAUD,train
110,0,0.007,0.9035,0.861,0.7829,0.1091,59.11,TIER_3_RESTRICTED_CAUTION,test
111,1,0.1326,0.7397,0.8693,0.848,0.4486,67.78,TIER_2_STANDARD_TRUST,train
112,1,0.8843,0.1444,0.811,0.5303,0.029,6.09,TIER_4_QUARANTINE_FRAUD,train
113,0,0.1037,0.853,0.821,0.8586,0.4762,71.93,TIER_2_STANDARD_TRUST,train
114,0,0.3962,0.5077,0.9079,0.9932,0.2658,58.44,TIER_3_RESTRICTED_CAUTION,train
115,1,0.3243,0.5585,0.8953,0.7219,0.0597,45.84,TIER_3_RESTRICTED_CAUTION,train
116,0,0.7234,0.2657,0.8029,0.6082,0.154,18.45,TIER_4_QUARANTINE_FRAUD,train
117,0,0.0065,0.8282,0.9277,0.8701,0.4298,70.92,TIER_2_STANDARD_TRUST,train
118,0,0.9371,0.0602,0.8636,0.5752,0.1268,2.14,TIER_4_QUARANTINE_FRAUD,test
119,1,0.9551,0.1013,0.8764,0.4488,0.0336,3.48,TIER_4_QUARANTINE_FRAUD,val
120,0,0.1555,0.6903,0.9095,0.9858,0.6749,78.07,TIER_2_STANDARD_TRUST,train
121,0,0.6174,0.3413,0.8722,0.9284,0.1715,33.63,TIER_4_QUARANTINE_FRAUD,train
122,1,0.9785,0.0709,0.8451,0.4516,0.149,2.45,TIER_4_QUARANTINE_FRAUD,train
123,0,0.2315,0.6324,0.9153,0.9854,0.2168,60.35,TIER_3_RESTRICTED_CAUTION,train
124,1,0.9756,0.0218,0.8044,0.5981,0.1533,0.57,TIER_4_QUARANTINE_FRAUD,train
125,0,0.8711,0.1879,0.8765,0.5473,0.1033,10.19,TIER_4_QUARANTINE_FRAUD,test
126,1,0.9497,0.0971,0.899,0.4592,0.0188,3.27,TIER_4_QUARANTINE_FRAUD,train
127,1,0.2194,0.6512,0.9006,0.6028,0.054,45.5,TIER_3_RESTRICTED_CAUTION,test
128,1,0.9796,0.0786,0.8056,0.7917,0.1286,3.59,TIER_4_QUARANTINE_FRAUD,train
129,1,0.9355,0.1043,0.7328,1.0,0.1487,6.08,TIER_4_QUARANTINE_FRAUD,test
130,0,0.6388,0.3513,0.9143,0.9436,0.1932,36.27,TIER_4_QUARANTINE_FRAUD,train
131,1,0.7921,0.2114,0.8191,0.462,0.1161,11.29,TIER_4_QUARANTINE_FRAUD,train
132,0,0.0073,0.8269,0.9387,0.8167,0.4701,71.07,TIER_2_STANDARD_TRUST,train
133,0,0.8819,0.2535,0.8654,0.5309,0.476,21.9,TIER_4_QUARANTINE_FRAUD,train
134,0,0.0013,0.9198,0.8887,0.8611,0.0526,59.85,TIER_3_RESTRICTED_CAUTION,train
135,1,0.9409,0.0988,0.821,0.5583,0.0555,3.77,TIER_4_QUARANTINE_FRAUD,train
136,0,0.0045,0.8988,0.9321,0.8659,0.1138,61.92,TIER_3_RESTRICTED_CAUTION,train
137,0,0.4879,0.4407,0.8637,0.7355,0.0929,42.33,TIER_4_QUARANTINE_FRAUD,train
138,0,0.0682,0.7587,0.8659,0.722,0.1258,53.87,TIER_3_RESTRICTED_CAUTION,test
139,0,0.2585,0.7197,0.8603,0.7811,0.1085,53.52,TIER_3_RESTRICTED_CAUTION,train
140,0,0.0076,0.7986,0.8639,0.82,0.1265,57.53,TIER_3_RESTRICTED_CAUTION,train
141,1,0.6696,0.3017,0.8604,0.7227,0.1201,23.74,TIER_4_QUARANTINE_FRAUD,train
142,0,0.1628,0.8233,0.9173,0.7955,0.5598,73.35,TIER_2_STANDARD_TRUST,train
143,0,0.0871,0.7475,0.877,0.8148,0.1253,55.95,TIER_3_RESTRICTED_CAUTION,train
144,0,0.7723,0.2297,0.8811,0.755,0.1269,16.28,TIER_4_QUARANTINE_FRAUD,train
145,1,0.9416,0.1089,0.8794,0.6478,0.5012,7.24,TIER_4_QUARANTINE_FRAUD,train
146,1,0.1277,0.7126,0.798,0.6919,0.1214,50.91,TIER_3_RESTRICTED_CAUTION,train
147,0,0.1746,0.6745,0.9192,0.6921,0.0348,47.95,TIER_3_RESTRICTED_CAUTION,train
148,1,0.942,0.1203,0.8464,0.7309,0.0268,5.63,TIER_4_QUARANTINE_FRAUD,train
149,0,0.44,0.4976,0.8866,1.0,0.0464,50.42,TIER_3_RESTRICTED_CAUTION,train
150,1,0.8929,0.166,0.8246,0.603,0.1228,8.92,TIER_4_QUARANTINE_FRAUD,train
151,0,0.0199,0.7908,0.9212,0.7574,0.098,55.3,TIER_3_RESTRICTED_CAUTION,train
152,0,0.0047,0.922,0.8715,0.8128,0.4609,72.83,TIER_2_STANDARD_TRUST,test
153,0,0.9405,0.1008,0.8919,0.7812,0.0326,4.66,TIER_4_QUARANTINE_FRAUD,train
154,0,0.0016,0.8073,0.9333,0.8187,0.1311,58.61,TIER_3_RESTRICTED_CAUTION,val
155,0,0.5375,0.5046,0.8957,0.7517,0.0594,44.97,TIER_4_QUARANTINE_FRAUD,test
156,0,0.8982,0.1292,0.7175,0.3472,0.0383,4.16,TIER_4_QUARANTINE_FRAUD,train
157,0,0.0156,0.8221,0.873,0.8518,0.1126,58.63,TIER_3_RESTRICTED_CAUTION,val
158,0,0.1251,0.7113,0.8596,0.8195,0.1094,54.25,TIER_3_RESTRICTED_CAUTION,train
159,0,0.008,0.9824,0.9257,0.7987,0.4318,73.81,TIER_2_STANDARD_TRUST,train
160,1,0.0007,0.8038,0.8829,0.2753,0.0327,40.97,TIER_4_QUARANTINE_FRAUD,train
161,0,0.5868,0.3733,0.8198,0.7275,0.1372,33.24,TIER_4_QUARANTINE_FRAUD,train
162,0,0.0173,0.7955,0.8902,0.8331,0.132,58.21,TIER_3_RESTRICTED_CAUTION,train
163,1,0.7385,0.2763,0.8252,0.4035,0.0387,14.85,TIER_4_QUARANTINE_FRAUD,train
164,0,0.0247,0.9108,0.8392,0.8112,0.98,90.3,TIER_1_VERIFIED_SAFE,train
165,0,0.0283,0.79,0.9091,0.9252,0.1243,60.27,TIER_3_RESTRICTED_CAUTION,test
166,0,0.1742,0.672,0.8638,0.7984,0.1203,52.97,TIER_3_RESTRICTED_CAUTION,test
167,0,0.0519,0.7718,0.8221,0.8938,0.1418,58.68,TIER_3_RESTRICTED_CAUTION,val
168,0,0.7803,0.2286,0.7841,0.7567,0.1834,16.59,TIER_4_QUARANTINE_FRAUD,train
169,1,0.5311,0.4339,0.8627,0.7297,0.4258,52.25,TIER_3_RESTRICTED_CAUTION,train
170,0,0.2048,0.677,0.8996,0.7607,0.1026,51.91,TIER_3_RESTRICTED_CAUTION,test
171,0,0.1326,0.7042,0.8583,0.8506,0.1364,55.75,TIER_3_RESTRICTED_CAUTION,test
172,1,0.833,0.2019,0.8941,0.5745,0.1087,11.7,TIER_4_QUARANTINE_FRAUD,train
173,0,0.4231,0.4898,0.8848,0.7197,0.1492,46.76,TIER_3_RESTRICTED_CAUTION,train
174,1,0.9663,0.1004,0.8257,0.7494,0.0609,4.57,TIER_4_QUARANTINE_FRAUD,train
175,0,0.2951,0.5812,0.8727,0.8274,0.148,52.03,TIER_3_RESTRICTED_CAUTION,train
176,0,0.8081,0.3253,0.9053,0.6639,0.4716,34.05,TIER_4_QUARANTINE_FRAUD,val
177,0,0.9508,0.1184,0.8461,0.4337,0.022,4.16,TIER_4_QUARANTINE_FRAUD,train
178,1,0.8918,0.1656,0.8587,0.4115,0.0434,6.92,TIER_4_QUARANTINE_FRAUD,train
179,0,0.0075,0.8341,0.9042,0.8854,0.4267,71.13,TIER_2_STANDARD_TRUST,train
180,0,0.0038,0.928,0.9266,0.8285,0.1003,61.33,TIER_3_RESTRICTED_CAUTION,train
181,0,0.894,0.1359,0.8751,0.6318,0.0959,6.74,TIER_4_QUARANTINE_FRAUD,val
182,0,0.8366,0.1318,0.5449,1.0,0.2047,8.43,TIER_4_QUARANTINE_FRAUD,train
183,1,0.8794,0.155,0.7946,0.7347,0.1391,8.97,TIER_4_QUARANTINE_FRAUD,val
184,0,0.0039,0.9153,0.9113,0.7116,0.5006,71.88,TIER_2_STANDARD_TRUST,train
185,0,0.8811,0.2773,0.9202,0.4886,0.4367,23.99,TIER_4_QUARANTINE_FRAUD,train
186,0,0.5121,0.5461,0.8625,0.7505,0.4735,60.34,TIER_3_RESTRICTED_CAUTION,train
187,1,0.7386,0.2508,0.8224,0.7175,0.1395,18.04,TIER_4_QUARANTINE_FRAUD,test
188,0,0.8146,0.2202,0.8906,0.6802,0.0365,13.35,TIER_4_QUARANTINE_FRAUD,train
189,0,0.2179,0.7666,0.9162,0.8164,0.4816,69.43,TIER_2_STANDARD_TRUST,test
190,1,0.9438,0.1203,0.8866,0.7017,0.1482,6.33,TIER_4_QUARANTINE_FRAUD,test
191,1,0.7629,0.2358,0.8461,0.6449,0.0329,14.16,TIER_4_QUARANTINE_FRAUD,train
192,0,0.0274,0.9014,0.903,0.8486,0.5129,75.24,TIER_2_STANDARD_TRUST,train
193,0,0.0067,0.8005,0.9196,0.8054,0.135,58.07,TIER_3_RESTRICTED_CAUTION,test
194,0,0.8256,0.2123,0.9032,0.7139,0.4543,18.51,TIER_4_QUARANTINE_FRAUD,test
195,0,0.0699,0.7781,0.9224,0.775,0.069,54.36,TIER_3_RESTRICTED_CAUTION,train
196,0,0.0414,0.8929,0.9175,0.7131,0.4671,70.14,TIER_2_STANDARD_TRUST,test
197,0,0.5776,0.5501,0.9228,0.7792,0.4443,60.76,TIER_3_RESTRICTED_CAUTION,train
198,1,0.8511,0.1661,0.8534,0.52,0.0279,7.53,TIER_4_QUARANTINE_FRAUD,val
199,0,0.0144,0.9218,0.9305,0.8715,0.0996,62.23,TIER_3_RESTRICTED_CAUTION,train
200,1,0.8898,0.0872,0.8203,0.7511,0.0783,3.83,TIER_4_QUARANTINE_FRAUD,train
201,0,0.2144,0.6421,0.8674,0.744,0.0984,49.98,TIER_3_RESTRICTED_CAUTION,train
202,0,0.8656,0.1728,0.8834,0.7971,0.2033,11.83,TIER_4_QUARANTINE_FRAUD,train
203,1,0.9655,0.0916,0.8681,0.6202,0.0469,3.61,TIER_4_QUARANTINE_FRAUD,train
204,0,0.547,0.4003,0.874,0.6722,0.094,35.09,TIER_4_QUARANTINE_FRAUD,test
205,0,0.2909,0.6064,0.9037,0.7552,0.55,65.36,TIER_2_STANDARD_TRUST,val
206,1,0.8275,0.1884,0.8234,0.6567,0.1341,11.28,TIER_4_QUARANTINE_FRAUD,train
207,0,0.0058,0.8114,0.9253,0.8162,0.1721,60.03,TIER_3_RESTRICTED_CAUTION,train
208,1,0.9779,0.0342,0.8239,0.6432,0.0503,0.95,TIER_4_QUARANTINE_FRAUD,train
209,0,0.3298,0.5851,0.8193,0.854,0.55,66.35,TIER_2_STANDARD_TRUST,train
210,0,0.0373,0.777,0.916,0.77,0.1132,55.68,TIER_3_RESTRICTED_CAUTION,train
211,1,0.9328,0.1046,0.898,1.0,0.55,8.46,TIER_4_QUARANTINE_FRAUD,train
212,1,0.8925,0.1382,0.8855,0.7385,0.1626,8.0,TIER_4_QUARANTINE_FRAUD,train
213,0,0.8534,0.1623,0.7458,0.4317,0.1514,7.55,TIER_4_QUARANTINE_FRAUD,test
214,1,0.4626,0.4542,0.9004,0.8253,0.1111,47.15,TIER_3_RESTRICTED_CAUTION,train
215,0,0.0061,0.9275,0.8675,0.8207,0.0865,60.04,TIER_3_RESTRICTED_CAUTION,train
216,0,0.7619,0.181,0.8885,0.7728,0.1283,11.67,TIER_4_QUARANTINE_FRAUD,test
217,0,0.0051,0.7982,0.8867,0.7023,0.1134,54.34,TIER_3_RESTRICTED_CAUTION,test
218,0,0.8964,0.1306,0.8494,0.2656,0.0262,4.0,TIER_4_QUARANTINE_FRAUD,train
219,0,0.002,0.935,0.9458,0.6118,0.4335,67.98,TIER_2_STANDARD_TRUST,train
220,0,0.577,0.3788,0.8989,0.7323,0.2118,36.83,TIER_4_QUARANTINE_FRAUD,test
221,0,0.866,0.1791,0.9034,0.7203,0.0484,10.29,TIER_4_QUARANTINE_FRAUD,test
222,0,0.197,0.6607,0.8852,0.7802,0.1486,53.38,TIER_3_RESTRICTED_CAUTION,train
223,0,0.8908,0.1348,0.4706,0.4135,0.0501,4.35,TIER_4_QUARANTINE_FRAUD,train
224,1,0.3759,0.5265,0.8932,0.3871,0.121,38.64,TIER_4_QUARANTINE_FRAUD,train
225,0,0.0421,0.8806,0.9061,0.6791,0.0433,53.97,TIER_3_RESTRICTED_CAUTION,train
226,0,0.1597,0.6862,0.8781,0.6347,0.1085,49.03,TIER_3_RESTRICTED_CAUTION,train
227,1,0.9343,0.1371,0.8724,0.6262,0.4405,9.36,TIER_4_QUARANTINE_FRAUD,val
228,0,0.0021,0.8114,0.9189,0.9274,0.1036,60.34,TIER_3_RESTRICTED_CAUTION,train
229,0,0.9612,0.2198,0.8767,0.7681,0.0799,14.71,TIER_4_QUARANTINE_FRAUD,test
230,0,0.2757,0.5562,0.6525,0.7718,0.13,47.06,TIER_3_RESTRICTED_CAUTION,train
231,0,0.0446,0.8065,0.8588,0.8033,0.1316,57.47,TIER_3_RESTRICTED_CAUTION,train
232,1,0.841,0.2024,0.867,0.7878,0.48,18.13,TIER_4_QUARANTINE_FRAUD,train
233,1,0.983,0.0259,0.8749,1.0,0.118,0.95,TIER_4_QUARANTINE_FRAUD,train
234,0,0.0106,0.923,0.9122,0.8208,0.1126,61.27,TIER_3_RESTRICTED_CAUTION,train
235,0,0.0324,0.7845,0.8544,0.6636,0.1469,53.81,TIER_3_RESTRICTED_CAUTION,train
236,1,0.9319,0.1346,0.8894,1.0,0.6436,12.59,TIER_4_QUARANTINE_FRAUD,train
237,0,0.1899,0.8037,0.9264,0.7859,0.9427,86.02,TIER_1_VERIFIED_SAFE,train
238,0,0.0034,0.924,0.9289,0.8979,0.443,74.96,TIER_2_STANDARD_TRUST,train
239,1,0.9182,0.1268,0.8592,0.7447,0.0651,6.42,TIER_4_QUARANTINE_FRAUD,test
240,0,0.0027,0.8079,0.9254,0.7854,0.1478,58.3,TIER_3_RESTRICTED_CAUTION,train
241,1,0.9673,0.1052,0.8909,1.0,0.503,8.27,TIER_4_QUARANTINE_FRAUD,train
242,0,0.0696,0.7524,0.8985,0.7981,0.1063,55.23,TIER_3_RESTRICTED_CAUTION,train
243,1,0.8373,0.1936,0.8794,0.4908,0.0373,9.41,TIER_4_QUARANTINE_FRAUD,test
244,0,0.0007,0.9709,0.9373,0.9184,0.4215,76.21,TIER_2_STANDARD_TRUST,train
245,0,0.0019,0.9222,0.9302,0.7679,0.4372,71.47,TIER_2_STANDARD_TRUST,train
246,0,0.9317,0.1079,0.8679,0.7029,0.0973,5.14,TIER_4_QUARANTINE_FRAUD,train
247,0,0.0194,0.82,0.8533,0.7379,0.1164,55.66,TIER_3_RESTRICTED_CAUTION,train
248,1,0.9762,0.0981,0.8512,0.4588,0.1257,3.77,TIER_4_QUARANTINE_FRAUD,train
249,0,0.0052,0.8165,0.9178,0.9101,0.094,59.72,TIER_3_RESTRICTED_CAUTION,train
250,0,0.001,0.9423,0.9455,0.865,0.4298,74.39,TIER_2_STANDARD_TRUST,train
251,1,0.9251,0.1305,0.8352,0.6412,0.1028,6.38,TIER_4_QUARANTINE_FRAUD,test
252,0,0.0018,0.9371,0.8811,0.7176,0.4397,70.26,TIER_2_STANDARD_TRUST,test
253,0,0.0504,0.9002,0.9003,0.7357,0.1637,60.13,TIER_3_RESTRICTED_CAUTION,train
254,0,0.8441,0.1699,0.7981,0.1724,0.0227,5.12,TIER_4_QUARANTINE_FRAUD,train
255,0,0.0014,0.9363,0.9352,0.8969,0.4604,75.98,TIER_2_STANDARD_TRUST,test
256,1,0.9547,0.1248,0.8872,1.0,0.4804,10.27,TIER_4_QUARANTINE_FRAUD,test
257,1,0.9819,0.0769,0.8748,0.5007,0.0241,2.45,TIER_4_QUARANTINE_FRAUD,test
258,0,0.1174,0.8536,0.9222,0.928,0.1179,62.15,TIER_3_RESTRICTED_CAUTION,test
259,0,0.1895,0.6638,0.8669,0.8614,0.1388,54.97,TIER_3_RESTRICTED_CAUTION,train
260,1,0.94,0.1061,0.8627,1.0,0.1922,6.65,TIER_4_QUARANTINE_FRAUD,train
261,1,0.6839,0.3276,0.8628,0.6296,0.1253,25.54,TIER_4_QUARANTINE_FRAUD,val
262,1,0.3343,0.5671,0.8493,0.5032,0.0174,38.7,TIER_4_QUARANTINE_FRAUD,train
263,0,0.0068,0.9333,0.9179,0.7338,0.4793,72.3,TIER_2_STANDARD_TRUST,train
264,0,0.906,0.1241,0.8807,0.2034,0.0215,3.44,TIER_4_QUARANTINE_FRAUD,train
265,1,0.9117,0.1484,0.8307,0.6715,0.0688,7.56,TIER_4_QUARANTINE_FRAUD,train
266,0,0.0011,0.8075,0.8543,0.8512,0.1157,58.1,TIER_3_RESTRICTED_CAUTION,train
267,0,0.0142,0.931,0.9046,0.8064,0.4414,72.58,TIER_2_STANDARD_TRUST,train
268,0,0.4215,0.5126,0.7573,0.9752,0.9849,81.8,TIER_1_VERIFIED_SAFE,train
269,0,0.0883,0.8744,0.885,0.7517,0.4845,70.83,TIER_2_STANDARD_TRUST,test
270,0,0.2952,0.6193,0.9196,0.7611,0.5011,64.34,TIER_3_RESTRICTED_CAUTION,train
271,0,0.2623,0.6208,0.8747,0.5335,0.1366,45.49,TIER_3_RESTRICTED_CAUTION,train
272,0,0.0204,0.891,0.9362,0.7511,0.0965,58.25,TIER_3_RESTRICTED_CAUTION,val
273,1,0.9051,0.1384,0.8018,0.3634,0.4304,7.84,TIER_4_QUARANTINE_FRAUD,train
274,0,0.8584,0.1149,0.7834,0.6467,0.1432,5.5,TIER_4_QUARANTINE_FRAUD,test
275,0,0.0028,0.8328,0.9328,0.6806,0.0669,53.67,TIER_3_RESTRICTED_CAUTION,test
276,0,0.3917,0.5296,0.8921,0.843,0.0643,48.13,TIER_3_RESTRICTED_CAUTION,train
277,0,0.0682,0.7807,0.9252,0.6529,0.115,53.02,TIER_3_RESTRICTED_CAUTION,train
278,1,0.9572,0.0632,0.8107,0.5725,0.1064,2.18,TIER_4_QUARANTINE_FRAUD,test
279,0,0.0006,0.99,0.9556,0.8962,0.4461,77.27,TIER_2_STANDARD_TRUST,train
280,1,0.9185,0.1174,0.762,0.6245,0.1225,5.41,TIER_4_QUARANTINE_FRAUD,test
281,0,0.0263,0.7874,0.8749,0.8325,0.1322,57.81,TIER_3_RESTRICTED_CAUTION,val
282,0,0.0251,0.8235,0.9278,0.7669,0.4212,67.9,TIER_2_STANDARD_TRUST,val
283,0,0.005,0.8274,0.9381,0.8981,0.1032,60.27,TIER_3_RESTRICTED_CAUTION,train
284,1,0.9205,0.1419,0.8635,0.6544,0.0577,6.97,TIER_4_QUARANTINE_FRAUD,train
285,0,0.0029,0.936,0.9461,0.6667,0.1351,58.94,TIER_3_RESTRICTED_CAUTION,train
286,0,0.0127,0.8989,0.9075,0.6644,0.43,67.7,TIER_2_STANDARD_TRUST,train
287,0,0.0027,0.8023,0.8716,0.8585,0.1392,59.12,TIER_3_RESTRICTED_CAUTION,train
288,0,0.829,0.2114,0.9244,0.693,0.5235,19.19,TIER_4_QUARANTINE_FRAUD,train
289,0,0.6583,0.31,0.8839,0.7828,0.0969,25.32,TIER_4_QUARANTINE_FRAUD,test
290,0,0.0217,0.9202,0.9118,0.8286,0.4582,73.48,TIER_2_STANDARD_TRUST,train
291,0,0.0088,0.9201,0.869,0.814,0.1245,61.0,TIER_3_RESTRICTED_CAUTION,test
292,0,0.4792,0.4493,0.8984,0.847,0.1589,49.1,TIER_3_RESTRICTED_CAUTION,train
293,0,0.1965,0.6893,0.877,0.588,0.4619,60.32,TIER_3_RESTRICTED_CAUTION,train
294,1,0.409,0.5106,0.8685,0.5782,0.1004,41.97,TIER_4_QUARANTINE_FRAUD,train
295,1,0.9802,0.091,0.8126,0.8022,0.0287,4.0,TIER_4_QUARANTINE_FRAUD,train
296,1,0.924,0.1232,0.8903,1.0,0.1057,7.67,TIER_4_QUARANTINE_FRAUD,test
297,1,0.5174,0.4376,0.8911,0.5221,0.4419,48.76,TIER_3_RESTRICTED_CAUTION,test
298,0,0.0497,0.7935,0.8664,0.8,0.4851,69.45,TIER_2_STANDARD_TRUST,train
299,1,0.9591,0.1196,0.8343,0.5529,0.111,5.29,TIER_4_QUARANTINE_FRAUD,train
300,1,0.8971,0.1464,0.8948,1.0,0.1144,9.84,TIER_4_QUARANTINE_FRAUD,test
301,1,0.732,0.2084,0.8791,1.0,0.196,17.24,TIER_4_QUARANTINE_FRAUD,train
302,0,0.01,0.9279,0.9323,0.7175,0.4486,70.8,TIER_2_STANDARD_TRUST,train
303,0,0.2017,0.7851,0.9075,0.7112,0.4521,66.23,TIER_2_STANDARD_TRUST,train
304,0,0.8902,0.1372,0.8646,0.6167,0.1238,6.94,TIER_4_QUARANTINE_FRAUD,train
305,0,0.0642,0.8781,0.8855,0.8671,0.6531,79.74,TIER_2_STANDARD_TRUST,train
306,0,0.714,0.2726,0.843,0.6672,0.1135,19.43,TIER_4_QUARANTINE_FRAUD,val
307,1,0.9448,0.1113,0.7083,0.546,0.0211,4.04,TIER_4_QUARANTINE_FRAUD,train
308,0,0.0109,0.9235,0.911,0.729,0.4943,72.34,TIER_2_STANDARD_TRUST,test
309,0,0.0008,0.8046,0.9086,0.9403,0.1211,60.97,TIER_3_RESTRICTED_CAUTION,test
310,0,0.0163,0.9082,0.8732,0.8293,0.6499,79.46,TIER_2_STANDARD_TRUST,train
311,0,0.0111,0.9838,0.9093,0.7517,0.1205,61.61,TIER_3_RESTRICTED_CAUTION,train
312,1,0.3346,0.5669,0.8844,0.6383,0.1039,45.44,TIER_3_RESTRICTED_CAUTION,train
313,0,0.0014,0.9217,0.9257,0.7767,0.4776,73.04,TIER_2_STANDARD_TRUST,train
314,1,0.5329,0.4155,0.8736,0.5833,0.0387,33.48,TIER_4_QUARANTINE_FRAUD,train
315,0,0.8843,0.1767,0.8392,0.6608,0.1341,10.35,TIER_4_QUARANTINE_FRAUD,train
316,1,0.9835,0.079,0.8874,1.0,0.1295,4.25,TIER_4_QUARANTINE_FRAUD,test
317,0,0.876,0.0986,0.6944,1.0,0.1666,5.66,TIER_4_QUARANTINE_FRAUD,train
318,1,0.867,0.1541,0.863,0.5972,0.04,7.34,TIER_4_QUARANTINE_FRAUD,test
319,1,0.9607,0.0809,0.8981,0.8786,0.0649,3.83,TIER_4_QUARANTINE_FRAUD,train
320,1,0.3714,0.5308,0.8091,0.7393,0.4486,58.2,TIER_3_RESTRICTED_CAUTION,train
321,0,0.4541,0.5052,0.9304,0.7083,0.4206,56.89,TIER_3_RESTRICTED_CAUTION,train
322,0,0.8109,0.2135,0.8193,0.6117,0.1215,12.95,TIER_4_QUARANTINE_FRAUD,val
323,1,0.8822,0.1204,0.8771,0.5928,0.1432,5.81,TIER_4_QUARANTINE_FRAUD,train
324,1,0.976,0.0761,0.7996,0.7489,0.1621,3.44,TIER_4_QUARANTINE_FRAUD,test
325,1,0.925,0.1093,0.836,0.1718,0.0212,2.65,TIER_4_QUARANTINE_FRAUD,train
326,0,0.0164,0.8039,0.9216,0.8314,0.427,69.06,TIER_2_STANDARD_TRUST,train
327,0,0.4661,0.4886,0.9111,0.7604,0.4245,57.64,TIER_3_RESTRICTED_CAUTION,train
328,0,0.0029,0.9831,0.9484,0.8828,0.4566,77.03,TIER_2_STANDARD_TRUST,test
329,1,0.9521,0.1006,0.8911,1.0,0.0739,5.63,TIER_4_QUARANTINE_FRAUD,train
330,1,0.8703,0.182,0.8959,0.435,0.0248,8.07,TIER_4_QUARANTINE_FRAUD,train
331,0,0.1843,0.6679,0.9132,0.7275,0.0974,50.76,TIER_3_RESTRICTED_CAUTION,test
332,0,0.3725,0.5619,0.9338,0.78,0.474,62.28,TIER_3_RESTRICTED_CAUTION,train
333,0,0.7239,0.2978,0.9031,0.55,0.4284,27.31,TIER_4_QUARANTINE_FRAUD,train
334,0,0.66,0.3193,0.8564,0.7494,0.0467,24.65,TIER_4_QUARANTINE_FRAUD,train
335,1,0.9436,0.0487,0.8766,1.0,0.1301,2.21,TIER_4_QUARANTINE_FRAUD,train
336,0,0.007,0.8025,0.8901,0.5166,0.0385,47.24,TIER_3_RESTRICTED_CAUTION,train
337,0,0.8815,0.1569,0.9054,0.5022,0.1551,8.07,TIER_4_QUARANTINE_FRAUD,test
338,0,0.0349,0.9031,0.8124,0.8286,0.9739,90.02,TIER_1_VERIFIED_SAFE,test
339,1,0.4802,0.4007,0.8526,0.7562,0.1314,37.89,TIER_4_QUARANTINE_FRAUD,train
340,0,0.573,0.3761,0.8906,0.7946,0.1298,35.32,TIER_4_QUARANTINE_FRAUD,train
341,0,0.2015,0.7648,0.9176,0.6798,0.0474,50.78,TIER_3_RESTRICTED_CAUTION,test
342,0,0.0016,0.9087,0.9455,0.8197,0.0239,58.05,TIER_3_RESTRICTED_CAUTION,train
343,0,0.0046,0.8059,0.8904,0.8197,0.4444,69.13,TIER_2_STANDARD_TRUST,train
344,0,0.0388,0.7815,0.9256,0.8971,0.1243,59.48,TIER_3_RESTRICTED_CAUTION,train
345,1,0.9113,0.2449,0.8919,0.8245,0.1127,18.51,TIER_4_QUARANTINE_FRAUD,train
346,0,0.0004,0.8097,0.9138,0.6564,0.1265,54.26,TIER_3_RESTRICTED_CAUTION,train
347,1,0.9002,0.137,0.893,0.6163,0.0315,6.3,TIER_4_QUARANTINE_FRAUD,train
348,0,0.7549,0.2677,0.8939,0.7881,0.0865,20.21,TIER_4_QUARANTINE_FRAUD,val
349,0,0.5406,0.4288,0.8823,0.8516,0.4639,55.61,TIER_3_RESTRICTED_CAUTION,val
350,1,0.8198,0.1927,0.8422,0.7561,0.1352,12.57,TIER_4_QUARANTINE_FRAUD,test
351,0,0.2465,0.6225,0.822,0.6927,0.1575,49.73,TIER_3_RESTRICTED_CAUTION,train
352,0,0.3676,0.531,0.8501,0.6162,0.1584,45.38,TIER_3_RESTRICTED_CAUTION,train
353,1,0.9715,0.0784,0.9001,1.0,0.0999,4.11,TIER_4_QUARANTINE_FRAUD,val
354,0,0.6309,0.3451,0.9256,0.575,0.0242,24.67,TIER_4_QUARANTINE_FRAUD,val
355,1,0.9413,0.1028,0.8825,0.4042,0.0567,3.52,TIER_4_QUARANTINE_FRAUD,train
356,0,0.0051,0.8023,0.8818,0.8065,0.1159,57.11,TIER_3_RESTRICTED_CAUTION,train
357,0,0.8391,0.1894,0.8753,0.6981,0.2243,12.9,TIER_4_QUARANTINE_FRAUD,val
358,0,0.0862,0.7391,0.9003,0.8549,0.1337,57.23,TIER_3_RESTRICTED_CAUTION,train
359,0,0.2267,0.748,0.897,0.8347,0.55,71.53,TIER_2_STANDARD_TRUST,train
360,0,0.1106,0.8479,0.9006,0.6844,0.4816,68.41,TIER_2_STANDARD_TRUST,train
361,0,0.6774,0.4132,0.9245,0.7595,0.4906,51.73,TIER_3_RESTRICTED_CAUTION,train
362,1,0.8602,0.1815,0.8176,0.4862,0.0246,8.18,TIER_4_QUARANTINE_FRAUD,val
363,0,0.0367,0.8118,0.9253,0.8092,0.508,71.62,TIER_2_STANDARD_TRUST,test
364,0,0.0389,0.7776,0.8909,0.8915,0.1164,58.6,TIER_3_RESTRICTED_CAUTION,train
365,0,0.2138,0.6463,0.8797,0.7277,0.0901,49.53,TIER_3_RESTRICTED_CAUTION,test
366,0,0.0081,0.9021,0.9337,0.7921,0.1276,60.67,TIER_3_RESTRICTED_CAUTION,train
367,0,0.0396,0.8885,0.9134,0.8739,0.4488,73.34,TIER_2_STANDARD_TRUST,train
368,0,0.1752,0.797,0.9278,0.7222,0.1657,57.04,TIER_3_RESTRICTED_CAUTION,train
369,0,0.0048,0.9065,0.9307,0.8149,0.4587,72.93,TIER_2_STANDARD_TRUST,train
370,0,0.133,0.728,0.9189,0.893,0.4288,68.36,TIER_2_STANDARD_TRUST,train
371,1,0.9112,0.1379,0.8899,1.0,0.48,11.79,TIER_4_QUARANTINE_FRAUD,train
372,0,0.7908,0.2151,0.8854,0.6871,0.0668,13.34,TIER_4_QUARANTINE_FRAUD,train
373,0,0.3809,0.4825,0.8784,0.6785,0.1375,45.03,TIER_3_RESTRICTED_CAUTION,test
374,1,0.5839,0.3671,0.8334,0.2194,0.0216,19.63,TIER_4_QUARANTINE_FRAUD,val
375,0,0.0232,0.7856,0.852,0.763,0.1202,55.37,TIER_3_RESTRICTED_CAUTION,train
376,1,0.9004,0.1289,0.8323,0.8746,0.0297,6.91,TIER_4_QUARANTINE_FRAUD,test
377,1,0.964,0.0529,0.8401,0.5834,0.0992,1.73,TIER_4_QUARANTINE_FRAUD,train
378,1,0.8481,0.1682,0.7546,0.6375,0.1619,9.51,TIER_4_QUARANTINE_FRAUD,train
379,0,0.2632,0.6438,0.8832,0.7601,0.492,64.37,TIER_3_RESTRICTED_CAUTION,test
380,0,0.3222,0.5685,0.9084,0.787,0.2008,52.84,TIER_3_RESTRICTED_CAUTION,train
381,1,0.939,0.0616,0.7853,0.4867,0.1094,1.94,TIER_4_QUARANTINE_FRAUD,train
382,0,0.06,0.7847,0.8633,0.7134,0.0838,52.94,TIER_3_RESTRICTED_CAUTION,test
383,0,0.4314,0.6188,0.9063,0.688,0.4348,60.04,TIER_3_RESTRICTED_CAUTION,train
384,0,0.8962,0.1666,0.862,0.5913,0.454,12.17,TIER_4_QUARANTINE_FRAUD,val
385,0,0.3843,0.5331,0.8521,0.9599,0.5193,66.69,TIER_2_STANDARD_TRUST,train
386,1,0.8186,0.224,0.841,0.75,0.4536,20.09,TIER_4_QUARANTINE_FRAUD,train
387,1,0.8459,0.1678,0.8524,0.721,0.118,9.9,TIER_4_QUARANTINE_FRAUD,train
388,1,0.969,0.1014,0.8336,0.6027,0.1062,4.35,TIER_4_QUARANTINE_FRAUD,val
389,0,0.2877,0.6107,0.8957,0.7759,0.1105,50.54,TIER_3_RESTRICTED_CAUTION,test
390,1,0.984,0.1002,0.8995,0.3638,0.1396,3.69,TIER_4_QUARANTINE_FRAUD,train
391,1,0.804,0.2054,0.8095,0.521,0.1073,11.2,TIER_4_QUARANTINE_FRAUD,train
392,0,0.0069,0.8075,0.8532,0.8018,0.1263,57.22,TIER_3_RESTRICTED_CAUTION,train
393,1,0.9183,0.1203,0.8321,0.776,0.1322,6.47,TIER_4_QUARANTINE_FRAUD,test
394,0,0.0043,0.8016,0.9219,0.9826,0.1978,64.75,TIER_3_RESTRICTED_CAUTION,train
395,1,0.964,0.0839,0.8403,1.0,0.0196,4.12,TIER_4_QUARANTINE_FRAUD,train
396,1,0.8579,0.1935,0.8739,0.7193,0.0709,11.68,TIER_4_QUARANTINE_FRAUD,val
397,1,0.8924,0.0946,0.8266,0.5916,0.0349,3.57,TIER_4_QUARANTINE_FRAUD,train
398,1,0.9353,0.1075,0.9044,0.3547,0.0171,3.38,TIER_4_QUARANTINE_FRAUD,val
399,0,0.0008,0.8045,0.9278,0.8444,0.1484,59.72,TIER_3_RESTRICTED_CAUTION,val
400,0,0.3658,0.5299,0.8008,0.8713,0.1988,52.65,TIER_3_RESTRICTED_CAUTION,test
401,0,0.1392,0.6993,0.8711,0.8619,0.057,53.23,TIER_3_RESTRICTED_CAUTION,train
402,0,0.8693,0.1672,0.8805,0.7689,0.0748,9.84,TIER_4_QUARANTINE_FRAUD,train
403,1,0.8585,0.1831,0.9037,0.4263,0.0187,8.03,TIER_4_QUARANTINE_FRAUD,train
404,0,0.8195,0.2196,0.8901,0.7469,0.144,15.42,TIER_4_QUARANTINE_FRAUD,val
405,0,0.2074,0.6556,0.845,0.7367,0.1057,50.24,TIER_3_RESTRICTED_CAUTION,val
406,0,0.03,0.9105,0.9251,0.8166,0.0479,58.66,TIER_3_RESTRICTED_CAUTION,train
407,0,0.4111,0.5042,0.9096,0.7865,0.1437,48.92,TIER_3_RESTRICTED_CAUTION,train
408,0,0.5891,0.3806,0.9058,0.737,0.5429,46.57,TIER_3_RESTRICTED_CAUTION,train
409,0,0.1407,0.8175,0.9239,0.5458,0.0287,48.41,TIER_3_RESTRICTED_CAUTION,train
410,1,0.9,0.1624,0.9003,0.377,0.4298,10.19,TIER_4_QUARANTINE_FRAUD,test
411,0,0.3074,0.5785,0.9206,0.94,0.2177,57.68,TIER_3_RESTRICTED_CAUTION,train
412,0,0.0995,0.7342,0.8198,0.7599,0.1221,53.49,TIER_3_RESTRICTED_CAUTION,train
413,0,0.0849,0.7523,0.9538,0.7467,0.1538,56.16,TIER_3_RESTRICTED_CAUTION,train
414,0,0.2771,0.597,0.9049,0.6833,0.027,44.99,TIER_4_QUARANTINE_FRAUD,train
415,0,0.7774,0.1755,0.8113,0.7,0.0341,9.43,TIER_4_QUARANTINE_FRAUD,test
416,0,0.9294,0.1058,0.746,0.2159,0.0187,2.54,TIER_4_QUARANTINE_FRAUD,train
417,1,0.8817,0.1646,0.8964,0.7562,0.1169,9.98,TIER_4_QUARANTINE_FRAUD,train
418,0,0.0088,0.7991,0.8672,0.7382,0.445,66.67,TIER_2_STANDARD_TRUST,train
419,0,0.0206,0.9248,0.8689,0.7681,0.4991,73.1,TIER_2_STANDARD_TRUST,train
420,0,0.0277,0.7876,0.876,0.7528,0.1124,55.14,TIER_3_RESTRICTED_CAUTION,train
421,0,0.0406,0.7787,0.9322,0.6443,0.1084,52.59,TIER_3_RESTRICTED_CAUTION,train
422,1,0.842,0.1826,0.8414,0.6266,0.0238,9.41,TIER_4_QUARANTINE_FRAUD,test
423,0,0.0433,0.7776,0.8666,0.7848,0.1155,55.65,TIER_3_RESTRICTED_CAUTION,train
424,1,0.9288,0.1072,0.8716,0.5977,0.1329,4.88,TIER_4_QUARANTINE_FRAUD,train
425,0,0.0229,0.7903,0.9198,0.8862,0.142,60.03,TIER_3_RESTRICTED_CAUTION,val
426,0,0.0005,0.936,0.9548,0.7518,0.4658,72.72,TIER_2_STANDARD_TRUST,test
427,1,0.7372,0.2738,0.8846,0.8391,0.1511,22.71,TIER_4_QUARANTINE_FRAUD,train
428,1,0.7958,0.241,0.8817,0.5937,0.0668,14.75,TIER_4_QUARANTINE_FRAUD,test
429,0,0.6076,0.3799,0.8937,0.6213,0.1154,32.01,TIER_4_QUARANTINE_FRAUD,train
430,0,0.1098,0.8518,0.9237,0.7455,0.4499,69.17,TIER_2_STANDARD_TRUST,train
431,0,0.2844,0.7168,0.9051,0.7343,0.4957,66.26,TIER_2_STANDARD_TRUST,train
432,1,0.9182,0.1153,0.8587,0.482,0.1277,4.86,TIER_4_QUARANTINE_FRAUD,test
433,0,0.2159,0.6464,0.8881,0.9263,0.1904,58.1,TIER_3_RESTRICTED_CAUTION,test
434,0,0.0087,0.9284,0.9257,0.6478,0.442,68.77,TIER_2_STANDARD_TRUST,train
435,0,0.09,0.845,0.8472,0.7359,0.1979,59.14,TIER_3_RESTRICTED_CAUTION,train
436,0,0.9289,0.1054,0.5935,0.7371,0.2058,5.27,TIER_4_QUARANTINE_FRAUD,train
437,0,0.2406,0.7613,0.9126,0.7017,0.0777,52.23,TIER_3_RESTRICTED_CAUTION,test
438,0,0.6272,0.2864,0.8482,0.8591,0.1289,23.94,TIER_4_QUARANTINE_FRAUD,val
439,1,0.9491,0.0934,0.8305,0.7177,0.1139,4.28,TIER_4_QUARANTINE_FRAUD,train
440,0,0.0143,0.9262,0.9057,0.8427,0.428,72.89,TIER_2_STANDARD_TRUST,train
441,0,0.0036,0.8036,0.862,0.8629,0.1293,58.83,TIER_3_RESTRICTED_CAUTION,train
442,0,0.0147,0.9811,0.9419,0.7838,0.4389,73.81,TIER_2_STANDARD_TRUST,train
443,0,0.0007,0.9291,0.9358,0.77,0.5262,74.9,TIER_2_STANDARD_TRUST,train
444,0,0.0138,0.9254,0.9242,0.7559,0.4112,70.29,TIER_2_STANDARD_TRUST,val
445,0,0.0076,0.8355,0.9308,0.725,0.4971,69.9,TIER_2_STANDARD_TRUST,test
446,0,0.0259,0.8033,0.8875,0.7789,0.1365,57.22,TIER_3_RESTRICTED_CAUTION,train
447,1,0.5969,0.461,0.7879,0.7756,0.1734,47.17,TIER_3_RESTRICTED_CAUTION,val
448,0,0.0074,0.8007,0.9146,0.7114,0.0926,54.19,TIER_3_RESTRICTED_CAUTION,train
449,0,0.0004,0.8364,0.8714,0.7775,0.4666,69.57,TIER_2_STANDARD_TRUST,val
450,0,0.0052,0.9206,0.9206,0.8114,0.0472,58.76,TIER_3_RESTRICTED_CAUTION,train
451,0,0.8088,0.2021,0.8452,0.8367,0.1426,14.28,TIER_4_QUARANTINE_FRAUD,train
452,1,0.9125,0.1509,0.8909,0.6822,0.0735,7.99,TIER_4_QUARANTINE_FRAUD,test
453,0,0.2461,0.7386,0.9162,0.7263,0.6519,72.29,TIER_2_STANDARD_TRUST,train
454,0,0.3179,0.592,0.8928,0.7511,0.4635,61.69,TIER_3_RESTRICTED_CAUTION,train
455,0,0.5411,0.3508,0.7314,0.7023,0.1193,28.62,TIER_4_QUARANTINE_FRAUD,train
456,0,0.7792,0.2258,0.8304,0.6464,0.1555,14.96,TIER_4_QUARANTINE_FRAUD,train
457,0,0.7963,0.3164,0.9044,0.8746,0.1307,28.45,TIER_4_QUARANTINE_FRAUD,val
458,0,0.0696,0.876,0.917,0.8874,0.4647,73.9,TIER_2_STANDARD_TRUST,train
459,0,0.0416,0.7862,0.9079,0.8397,0.1674,59.52,TIER_3_RESTRICTED_CAUTION,val
460,0,0.0326,0.7815,0.9216,0.6889,0.0216,50.64,TIER_3_RESTRICTED_CAUTION,train
461,0,0.3919,0.5155,0.8996,0.9936,0.2521,58.13,TIER_3_RESTRICTED_CAUTION,train
462,0,0.5292,0.4054,0.8639,0.7727,0.1203,38.7,TIER_4_QUARANTINE_FRAUD,train
463,0,0.1079,0.7302,0.9179,0.8321,0.1153,55.92,TIER_3_RESTRICTED_CAUTION,train
464,0,0.6067,0.4685,0.8542,0.7535,0.0743,44.04,TIER_4_QUARANTINE_FRAUD,train
465,0,0.0665,0.789,0.9022,0.6813,0.4626,65.92,TIER_2_STANDARD_TRUST,val
466,0,0.0031,0.8193,0.9127,0.8021,0.1133,57.73,TIER_3_RESTRICTED_CAUTION,train
467,0,0.8742,0.1511,0.8717,0.596,0.0951,7.62,TIER_4_QUARANTINE_FRAUD,val
468,0,0.9098,0.1594,0.8838,0.8108,0.5169,13.49,TIER_4_QUARANTINE_FRAUD,test
469,0,0.007,0.9195,0.9286,0.804,0.961,90.61,TIER_1_VERIFIED_SAFE,train
470,0,0.4813,0.4409,0.8822,0.8052,0.1728,46.97,TIER_3_RESTRICTED_CAUTION,train
471,0,0.0194,0.7911,0.9365,0.9867,0.1998,64.76,TIER_3_RESTRICTED_CAUTION,test
472,0,0.8155,0.1931,0.817,0.8198,0.0319,11.84,TIER_4_QUARANTINE_FRAUD,train
473,0,0.8186,0.1912,0.7886,0.6829,0.1031,11.27,TIER_4_QUARANTINE_FRAUD,train
474,0,0.085,0.8665,0.9147,0.727,0.6405,75.74,TIER_2_STANDARD_TRUST,train
475,0,0.8095,0.1954,0.8694,0.675,0.1469,12.36,TIER_4_QUARANTINE_FRAUD,test
476,1,0.6113,0.3631,0.8853,0.6814,0.0613,29.46,TIER_4_QUARANTINE_FRAUD,test
477,1,0.9389,0.1198,0.8481,0.5798,0.1111,5.45,TIER_4_QUARANTINE_FRAUD,train
478,0,0.0003,0.933,0.9035,0.6862,0.5101,72.03,TIER_2_STANDARD_TRUST,train
479,0,0.8708,0.2629,0.8555,0.8614,0.116,20.9,TIER_4_QUARANTINE_FRAUD,train
480,0,0.0038,0.9254,0.9289,0.8391,0.0573,60.03,TIER_3_RESTRICTED_CAUTION,train
481,0,0.8258,0.1573,0.791,0.6435,0.153,8.69,TIER_4_QUARANTINE_FRAUD,train
482,0,0.7375,0.2512,0.8631,0.98,0.1301,21.2,TIER_4_QUARANTINE_FRAUD,train
483,0,0.4171,0.5,0.8915,0.6679,0.095,43.94,TIER_4_QUARANTINE_FRAUD,train
484,0,0.8537,0.1861,0.7798,0.99,0.4683,17.31,TIER_4_QUARANTINE_FRAUD,test
485,0,0.9202,0.0661,0.8698,0.6728,0.0937,2.54,TIER_4_QUARANTINE_FRAUD,train
486,1,0.8968,0.1522,0.8076,0.7481,0.1356,8.82,TIER_4_QUARANTINE_FRAUD,test
487,0,0.0191,0.9084,0.925,0.7103,0.4973,71.67,TIER_2_STANDARD_TRUST,train
488,0,0.0124,0.9262,0.9295,0.8427,0.4385,73.5,TIER_2_STANDARD_TRUST,train
489,0,0.0309,0.8794,0.9548,0.7625,0.1263,59.41,TIER_3_RESTRICTED_CAUTION,train
490,0,0.0473,0.8004,0.8304,0.8961,0.55,73.97,TIER_2_STANDARD_TRUST,test
491,0,0.0104,0.9323,0.9245,0.7966,0.4328,72.28,TIER_2_STANDARD_TRUST,train
492,0,0.7292,0.261,0.9264,0.426,0.0153,13.93,TIER_4_QUARANTINE_FRAUD,train
493,1,0.8515,0.1668,0.8586,0.6768,0.113,9.48,TIER_4_QUARANTINE_FRAUD,train
494,0,0.0164,0.8988,0.9284,0.7813,0.102,59.35,TIER_3_RESTRICTED_CAUTION,train
495,1,0.8788,0.1643,0.8966,0.6062,0.0648,8.45,TIER_4_QUARANTINE_FRAUD,train
496,1,0.8496,0.1655,0.85,0.716,0.1134,9.62,TIER_4_QUARANTINE_FRAUD,train
497,0,0.0014,0.9406,0.9246,0.6782,0.4522,70.25,TIER_2_STANDARD_TRUST,train
498,0,0.0676,0.8888,0.9212,0.8094,0.9619,89.78,TIER_1_VERIFIED_SAFE,test
499,1,0.6804,0.3006,0.8652,0.515,0.1216,20.59,TIER_4_QUARANTINE_FRAUD,train
500,1,0.8875,0.1414,0.8446,0.5404,0.1024,6.61,TIER_4_QUARANTINE_FRAUD,train
501,0,0.0361,0.7957,0.9216,0.7653,0.4614,68.37,TIER_2_STANDARD_TRUST,train
502,0,0.1282,0.7352,0.9175,0.4689,0.55,62.2,TIER_3_RESTRICTED_CAUTION,test
503,1,0.8637,0.1591,0.7861,0.725,0.1107,8.96,TIER_4_QUARANTINE_FRAUD,val
504,0,0.4796,0.5524,0.8996,0.7568,0.1347,49.2,TIER_3_RESTRICTED_CAUTION,train
505,0,0.1904,0.696,0.8629,0.9028,0.9667,85.91,TIER_1_VERIFIED_SAFE,train
506,1,0.8061,0.2016,0.8181,0.525,0.0394,10.12,TIER_4_QUARANTINE_FRAUD,test
507,0,0.74,0.252,0.8756,0.8186,0.1197,19.28,TIER_4_QUARANTINE_FRAUD,train
508,0,0.1788,0.6761,0.9131,0.6809,0.041,47.87,TIER_3_RESTRICTED_CAUTION,train
509,1,0.532,0.4116,0.8586,0.584,0.1361,35.88,TIER_4_QUARANTINE_FRAUD,train
510,0,0.2172,0.7757,0.9366,0.7274,0.4764,67.5,TIER_2_STANDARD_TRUST,train
511,1,0.7237,0.2713,0.8522,0.8589,0.1855,23.12,TIER_4_QUARANTINE_FRAUD,train
512,1,0.9401,0.1329,0.8563,0.5758,0.0387,5.79,TIER_4_QUARANTINE_FRAUD,train
513,0,0.042,0.7904,0.9311,0.8247,0.1736,59.72,TIER_3_RESTRICTED_CAUTION,train
514,1,0.6162,0.3505,0.8495,0.673,0.1014,28.46,TIER_4_QUARANTINE_FRAUD,train
515,0,0.863,0.1567,0.8615,0.1622,0.1151,5.43,TIER_4_QUARANTINE_FRAUD,train
516,0,0.3741,0.6496,0.9143,0.7211,0.1665,52.48,TIER_3_RESTRICTED_CAUTION,train
517,1,0.9211,0.1154,0.818,0.7115,0.1037,5.64,TIER_4_QUARANTINE_FRAUD,train
518,0,0.1467,0.6966,0.8701,0.7001,0.0936,50.38,TIER_3_RESTRICTED_CAUTION,train
519,0,0.5525,0.3966,0.9254,0.6336,0.0153,31.85,TIER_4_QUARANTINE_FRAUD,test
520,0,0.0236,0.8168,0.9281,0.8922,0.1728,62.14,TIER_3_RESTRICTED_CAUTION,test
521,0,0.4035,0.51,0.8678,1.0,0.0658,51.28,TIER_3_RESTRICTED_CAUTION,train
522,1,0.9025,0.1322,0.8799,0.5107,0.0627,5.64,TIER_4_QUARANTINE_FRAUD,train
523,0,0.0102,0.8026,0.927,0.6967,0.4802,67.57,TIER_2_STANDARD_TRUST,train
524,0,0.4083,0.6169,0.8881,0.8306,0.0849,51.13,TIER_3_RESTRICTED_CAUTION,train
525,0,0.0007,0.831,0.9238,0.7618,0.1224,57.5,TIER_3_RESTRICTED_CAUTION,test
526,1,0.8514,0.1157,0.908,0.6135,0.1251,5.52,TIER_4_QUARANTINE_FRAUD,train
527,1,0.8171,0.2254,0.8884,0.6314,0.4525,19.24,TIER_4_QUARANTINE_FRAUD,train
528,1,0.9404,0.1262,0.8307,0.5969,0.1398,6.11,TIER_4_QUARANTINE_FRAUD,val
529,0,0.5218,0.4155,0.8864,0.8465,0.1256,42.27,TIER_4_QUARANTINE_FRAUD,train
530,0,0.0696,0.8757,0.9061,0.7789,0.55,74.05,TIER_2_STANDARD_TRUST,train
531,0,0.0145,0.7941,0.8709,0.8374,0.1146,57.48,TIER_3_RESTRICTED_CAUTION,train
532,0,0.2877,0.7179,0.9148,0.8448,0.1089,55.61,TIER_3_RESTRICTED_CAUTION,train
533,0,0.2075,0.7866,0.8809,0.8142,0.0576,54.78,TIER_3_RESTRICTED_CAUTION,val
534,0,0.0152,0.8306,0.8632,0.7947,0.1223,57.7,TIER_3_RESTRICTED_CAUTION,val
535,0,0.7038,0.2789,0.8759,0.6671,0.0939,19.92,TIER_4_QUARANTINE_FRAUD,train
536,1,0.582,0.3775,0.8182,0.5698,0.1159,30.08,TIER_4_QUARANTINE_FRAUD,test
537,0,0.0367,0.9051,0.9096,0.7597,0.1458,60.34,TIER_3_RESTRICTED_CAUTION,train
538,1,0.8816,0.1446,0.8327,0.5748,0.1165,7.11,TIER_4_QUARANTINE_FRAUD,train
539,0,0.3957,0.5077,0.8881,0.7462,0.1366,47.55,TIER_3_RESTRICTED_CAUTION,test
540,0,0.4921,0.4664,0.9153,0.7479,0.5236,60.17,TIER_3_RESTRICTED_CAUTION,train
541,0,0.0298,0.784,0.9274,0.713,0.4163,65.19,TIER_2_STANDARD_TRUST,test
542,1,0.8922,0.153,0.8556,0.493,0.0415,6.62,TIER_4_QUARANTINE_FRAUD,test
543,1,0.7574,0.2365,0.8283,0.702,0.157,16.65,TIER_4_QUARANTINE_FRAUD,train
544,0,0.0029,0.9063,0.9274,0.8528,0.4148,72.3,TIER_2_STANDARD_TRUST,test
545,0,0.1791,0.6952,0.9107,0.9204,0.446,68.58,TIER_2_STANDARD_TRUST,train
546,0,0.413,0.4963,0.9058,0.8188,0.0696,46.85,TIER_3_RESTRICTED_CAUTION,train
547,0,0.9343,0.1048,0.7968,0.7272,0.137,5.13,TIER_4_QUARANTINE_FRAUD,test
548,0,0.0071,0.8368,0.9152,0.7527,0.4535,68.95,TIER_2_STANDARD_TRUST,val
549,0,0.0466,0.7866,0.907,0.7324,0.0578,53.0,TIER_3_RESTRICTED_CAUTION,train
550,0,0.0154,0.9223,0.9201,0.7711,0.529,74.66,TIER_2_STANDARD_TRUST,train
551,0,0.8841,0.1395,0.8773,1.0,0.1646,9.54,TIER_4_QUARANTINE_FRAUD,train
552,1,0.8673,0.1904,0.8321,0.5987,0.0542,10.1,TIER_4_QUARANTINE_FRAUD,train
553,0,0.0018,0.939,0.9116,0.7856,0.4371,72.22,TIER_2_STANDARD_TRUST,train
554,1,0.898,0.0815,0.8623,0.7115,0.0999,3.51,TIER_4_QUARANTINE_FRAUD,train
555,0,0.1845,0.6684,0.9238,0.753,0.0894,51.25,TIER_3_RESTRICTED_CAUTION,test
556,1,0.9016,0.1579,0.8758,0.6661,0.461,11.86,TIER_4_QUARANTINE_FRAUD,val
557,0,0.007,0.8092,0.9111,0.7065,0.1102,54.91,TIER_3_RESTRICTED_CAUTION,train
558,0,0.0146,0.7958,0.9218,0.6618,0.0949,52.96,TIER_3_RESTRICTED_CAUTION,train
559,0,0.0211,0.7903,0.923,0.7807,0.1015,56.01,TIER_3_RESTRICTED_CAUTION,test
560,0,0.0022,0.8019,0.8982,0.8756,0.1889,61.54,TIER_3_RESTRICTED_CAUTION,test
561,0,0.2364,0.7275,0.8999,0.7967,0.1572,56.24,TIER_3_RESTRICTED_CAUTION,train
562,0,0.8035,0.2019,0.8879,0.8019,0.1323,13.97,TIER_4_QUARANTINE_FRAUD,train
563,0,0.6757,0.3347,0.8842,0.7314,0.0863,27.35,TIER_4_QUARANTINE_FRAUD,train
564,1,0.8957,0.1441,0.8372,0.6121,0.0588,6.84,TIER_4_QUARANTINE_FRAUD,train
565,1,0.6848,0.2704,0.8847,0.8606,0.1374,22.32,TIER_4_QUARANTINE_FRAUD,train
566,0,0.0007,0.8029,0.915,0.9117,0.1966,62.91,TIER_3_RESTRICTED_CAUTION,train
567,0,0.8423,0.1711,0.8871,0.7296,0.1689,10.85,TIER_4_QUARANTINE_FRAUD,test
568,1,0.8484,0.1686,0.881,0.8878,0.0522,10.57,TIER_4_QUARANTINE_FRAUD,test
569,0,0.0628,0.7572,0.9306,0.75,0.0837,53.7,TIER_3_RESTRICTED_CAUTION,train
570,0,0.1411,0.8326,0.9256,0.8015,0.4922,71.5,TIER_2_STANDARD_TRUST,train
571,0,0.0123,0.7685,0.9443,0.7339,0.1006,54.36,TIER_3_RESTRICTED_CAUTION,val
572,0,0.0014,0.8076,0.9011,0.8305,0.1571,59.5,TIER_3_RESTRICTED_CAUTION,train
573,1,0.882,0.1603,0.8362,0.6652,0.1115,8.81,TIER_4_QUARANTINE_FRAUD,train
574,0,0.0026,0.8241,0.9096,0.8583,0.4913,72.48,TIER_2_STANDARD_TRUST,train
575,0,0.0213,0.807,0.8978,0.5995,0.187,54.72,TIER_3_RESTRICTED_CAUTION,train
576,1,0.9797,0.0708,0.8122,0.5947,0.0821,2.53,TIER_4_QUARANTINE_FRAUD,train
577,0,0.3774,0.5253,0.903,0.6794,0.1111,45.66,TIER_3_RESTRICTED_CAUTION,train
578,0,0.8112,0.301,0.842,0.744,0.1232,23.93,TIER_4_QUARANTINE_FRAUD,val
579,0,0.6284,0.3391,0.9213,0.3707,0.0113,20.11,TIER_4_QUARANTINE_FRAUD,train
580,0,0.0003,0.9264,0.925,0.6616,0.4791,70.35,TIER_2_STANDARD_TRUST,val
581,0,0.0339,0.8849,0.8531,0.7,0.4383,67.92,TIER_2_STANDARD_TRUST,train
582,1,0.9742,0.094,0.8927,1.0,0.0949,5.23,TIER_4_QUARANTINE_FRAUD,train
583,0,0.2697,0.7123,0.925,0.6987,0.169,54.0,TIER_3_RESTRICTED_CAUTION,train
584,1,0.8886,0.1416,0.8498,0.5152,0.0467,6.07,TIER_4_QUARANTINE_FRAUD,test
585,0,0.0073,0.8274,0.9013,0.7522,0.4873,69.69,TIER_2_STANDARD_TRUST,train
586,0,0.3277,0.5859,0.9278,0.5944,0.465,57.99,TIER_3_RESTRICTED_CAUTION,train
587,1,0.8749,0.1496,0.8239,0.2807,0.0226,4.91,TIER_4_QUARANTINE_FRAUD,train
588,0,0.2724,0.71,0.8983,0.8412,0.0959,54.67,TIER_3_RESTRICTED_CAUTION,train
589,0,0.813,0.2253,0.8454,0.5619,0.4299,18.03,TIER_4_QUARANTINE_FRAUD,train
590,1,0.8101,0.197,0.8515,0.7191,0.0993,12.26,TIER_4_QUARANTINE_FRAUD,train
591,0,0.5127,0.4201,0.9365,0.9378,0.2035,48.05,TIER_3_RESTRICTED_CAUTION,train
592,0,0.1677,0.7812,0.9039,0.6667,0.06,51.24,TIER_3_RESTRICTED_CAUTION,val
593,0,0.0054,0.7979,0.924,0.8151,0.1819,59.92,TIER_3_RESTRICTED_CAUTION,train
594,0,0.0,0.9388,0.9267,0.7555,0.1652,62.1,TIER_3_RESTRICTED_CAUTION,train
595,0,0.0135,0.82,0.9023,0.7637,0.1052,56.4,TIER_3_RESTRICTED_CAUTION,train
596,1,0.9437,0.1151,0.8021,0.6599,0.1159,5.44,TIER_4_QUARANTINE_FRAUD,val
597,1,0.406,0.5097,0.8273,0.8087,0.4247,58.64,TIER_3_RESTRICTED_CAUTION,val
598,0,0.6524,0.3497,0.8976,0.7366,0.4575,38.84,TIER_4_QUARANTINE_FRAUD,test
599,1,0.9161,0.1216,0.881,0.7706,0.1647,6.84,TIER_4_QUARANTINE_FRAUD,train
600,0,0.113,0.7316,0.9361,0.8508,0.2349,60.8,TIER_3_RESTRICTED_CAUTION,train
601,0,0.9194,0.1172,0.8684,0.6853,0.0945,5.68,TIER_4_QUARANTINE_FRAUD,train
602,0,0.0102,0.8079,0.8896,0.7633,0.1153,56.25,TIER_3_RESTRICTED_CAUTION,train
603,1,0.8854,0.1119,0.7881,0.7411,0.1574,5.78,TIER_4_QUARANTINE_FRAUD,test
604,0,0.1122,0.7243,0.887,0.7758,0.1602,55.6,TIER_3_RESTRICTED_CAUTION,train
605,0,0.0229,0.7985,0.91,0.7563,0.4207,66.69,TIER_2_STANDARD_TRUST,train
606,1,0.8794,0.1424,0.8796,0.5855,0.0454,6.56,TIER_4_QUARANTINE_FRAUD,train
607,1,0.7675,0.2554,0.9017,0.609,0.114,17.18,TIER_4_QUARANTINE_FRAUD,test
608,0,0.107,0.836,0.9128,0.8004,0.4737,70.8,TIER_2_STANDARD_TRUST,train
609,0,0.7913,0.2197,0.8611,0.7461,0.0214,13.62,TIER_4_QUARANTINE_FRAUD,train
610,0,0.3569,0.6439,0.9219,0.7323,0.0241,47.69,TIER_3_RESTRICTED_CAUTION,train
611,1,0.9184,0.1518,0.898,0.8969,0.0524,9.2,TIER_4_QUARANTINE_FRAUD,val
612,0,0.2768,0.6002,0.9257,0.4792,0.016,39.8,TIER_4_QUARANTINE_FRAUD,train
613,0,0.0534,0.8805,0.8801,0.7514,0.5858,74.5,TIER_2_STANDARD_TRUST,test
614,1,0.9491,0.1212,0.8326,0.425,0.4305,6.85,TIER_4_QUARANTINE_FRAUD,test
615,0,0.5444,0.4205,0.9015,0.7163,0.111,39.75,TIER_4_QUARANTINE_FRAUD,train
616,0,0.4492,0.6027,0.8729,0.7639,0.5524,65.24,TIER_2_STANDARD_TRUST,train
617,0,0.127,0.743,0.9328,0.7619,0.0699,53.12,TIER_3_RESTRICTED_CAUTION,train
618,0,0.0183,0.9192,0.916,0.7902,0.5175,74.6,TIER_2_STANDARD_TRUST,train
619,0,0.2277,0.6565,0.9016,0.7611,0.0802,50.55,TIER_3_RESTRICTED_CAUTION,train
620,0,0.0024,0.9444,0.9171,0.9025,0.397,73.96,TIER_2_STANDARD_TRUST,train
621,0,0.067,0.89,0.888,0.8015,0.5155,73.66,TIER_2_STANDARD_TRUST,train
622,0,0.8473,0.3038,0.8958,0.6013,0.1265,22.52,TIER_4_QUARANTINE_FRAUD,train
623,0,0.0122,0.913,0.8485,0.8535,0.9802,91.52,TIER_1_VERIFIED_SAFE,train
624,0,0.4487,0.5676,0.9274,0.6743,0.1189,47.32,TIER_3_RESTRICTED_CAUTION,train
625,1,0.9161,0.097,0.8897,0.4033,0.0461,3.2,TIER_4_QUARANTINE_FRAUD,train
626,0,0.0029,0.93,0.9124,0.8726,0.4335,74.01,TIER_2_STANDARD_TRUST,train
627,0,0.0009,0.9307,0.9257,0.7765,0.4689,73.0,TIER_2_STANDARD_TRUST,train
628,0,0.0245,0.9186,0.9229,0.7452,0.5339,74.1,TIER_2_STANDARD_TRUST,test
629,1,0.9429,0.0993,0.8343,0.5325,0.1267,4.08,TIER_4_QUARANTINE_FRAUD,train
630,0,0.9458,0.0454,0.5741,0.5957,0.1959,1.46,TIER_4_QUARANTINE_FRAUD,test
631,0,0.4476,0.4968,0.9145,0.7439,0.4679,59.02,TIER_3_RESTRICTED_CAUTION,train
632,0,0.8596,0.1747,0.8739,0.6633,0.0288,9.23,TIER_4_QUARANTINE_FRAUD,train
633,0,0.0004,0.8082,0.9169,0.9591,0.1543,62.79,TIER_3_RESTRICTED_CAUTION,val
634,0,0.5313,0.4117,0.9275,0.75,0.1501,40.64,TIER_4_QUARANTINE_FRAUD,train
635,0,0.0606,0.7591,0.8988,0.8289,0.1621,58.16,TIER_3_RESTRICTED_CAUTION,train
636,1,0.8925,0.1652,0.8168,0.8518,0.1125,10.43,TIER_4_QUARANTINE_FRAUD,val
637,1,0.9664,0.1163,0.8745,1.0,0.5519,9.73,TIER_4_QUARANTINE_FRAUD,train
638,0,0.015,0.9164,0.9185,0.7002,0.4617,70.34,TIER_2_STANDARD_TRUST,train
639,0,0.0154,0.8967,0.9373,0.8322,0.0945,60.39,TIER_3_RESTRICTED_CAUTION,train
640,1,0.8601,0.1588,0.8987,0.5433,0.0385,7.41,TIER_4_QUARANTINE_FRAUD,val
641,0,0.7423,0.2525,0.8603,0.7906,0.1503,19.44,TIER_4_QUARANTINE_FRAUD,train
642,0,0.8146,0.2188,0.8507,0.5943,0.4634,18.07,TIER_4_QUARANTINE_FRAUD,train
643,0,0.0655,0.9413,0.933,0.8208,0.4189,72.75,TIER_2_STANDARD_TRUST,train
644,0,0.0187,0.9705,0.921,0.8902,0.4247,75.44,TIER_2_STANDARD_TRUST,val
645,0,0.0106,0.7957,0.9116,0.8326,0.1235,58.12,TIER_3_RESTRICTED_CAUTION,test
646,1,0.9492,0.0525,0.7802,0.5438,0.1141,1.65,TIER_4_QUARANTINE_FRAUD,train
647,1,0.1727,0.6852,0.8701,0.8231,0.1422,54.81,TIER_3_RESTRICTED_CAUTION,val
648,1,0.9482,0.1214,0.8813,0.7722,0.1402,6.67,TIER_4_QUARANTINE_FRAUD,test
649,0,0.2499,0.6375,0.8516,0.6243,0.1384,48.09,TIER_3_RESTRICTED_CAUTION,train
650,0,0.0321,0.9009,0.9089,0.8219,0.9715,90.67,TIER_1_VERIFIED_SAFE,train
651,0,0.6649,0.3158,0.865,0.7428,0.1153,25.71,TIER_4_QUARANTINE_FRAUD,test
652,0,0.0135,0.9796,0.9307,0.8772,0.4259,75.53,TIER_2_STANDARD_TRUST,train
653,0,0.6649,0.3059,0.8917,0.9761,0.1664,29.26,TIER_4_QUARANTINE_FRAUD,train
654,1,0.7927,0.2243,0.843,0.709,0.0825,14.47,TIER_4_QUARANTINE_FRAUD,val
655,0,0.7411,0.3899,0.9016,0.8169,0.5823,51.05,TIER_3_RESTRICTED_CAUTION,train
656,0,0.5054,0.4548,0.8997,0.7007,0.4413,55.6,TIER_3_RESTRICTED_CAUTION,test
657,0,0.3427,0.5486,0.8844,0.8709,0.1703,53.03,TIER_3_RESTRICTED_CAUTION,train
658,0,0.0046,0.929,0.9318,0.9104,0.4362,75.21,TIER_2_STANDARD_TRUST,train
659,0,0.448,0.4773,0.8872,0.7794,0.0657,44.98,TIER_4_QUARANTINE_FRAUD,val
660,0,0.0637,0.8935,0.9312,0.7687,0.4712,71.82,TIER_2_STANDARD_TRUST,train
661,0,0.0023,0.9021,0.9068,0.8331,0.0741,59.55,TIER_3_RESTRICTED_CAUTION,train
662,0,0.4196,0.4878,0.8106,0.7665,0.1776,48.12,TIER_3_RESTRICTED_CAUTION,train
663,0,0.0658,0.756,0.9031,0.7665,0.1824,57.26,TIER_3_RESTRICTED_CAUTION,val
664,0,0.8914,0.1601,0.9042,0.5636,0.0171,7.45,TIER_4_QUARANTINE_FRAUD,train
665,0,0.0002,0.9144,0.9027,0.7761,0.4982,73.3,TIER_2_STANDARD_TRUST,train
666,0,0.0045,0.8306,0.9111,0.9762,0.0961,61.8,TIER_3_RESTRICTED_CAUTION,train
667,0,0.0093,0.926,0.9532,0.9248,0.422,75.2,TIER_2_STANDARD_TRUST,train
668,0,0.0112,0.7998,0.8939,0.6496,0.0544,51.08,TIER_3_RESTRICTED_CAUTION,train
669,0,0.0055,0.8175,0.906,0.7585,0.1595,58.13,TIER_3_RESTRICTED_CAUTION,train
670,0,0.0204,0.7916,0.9035,0.769,0.1062,55.72,TIER_3_RESTRICTED_CAUTION,val
671,0,0.0304,0.7815,0.8899,0.8306,0.1175,57.22,TIER_3_RESTRICTED_CAUTION,train
672,0,0.3498,0.6807,0.9121,0.8478,0.4519,66.55,TIER_2_STANDARD_TRUST,train
673,1,0.3354,0.5891,0.8575,0.7906,0.0836,48.94,TIER_3_RESTRICTED_CAUTION,train
674,0,0.0382,0.7813,0.901,0.584,0.1259,51.45,TIER_3_RESTRICTED_CAUTION,train
675,0,0.0236,0.8898,0.8864,0.7875,0.135,59.97,TIER_3_RESTRICTED_CAUTION,val
676,0,0.8166,0.2286,0.9292,0.78,0.0926,16.12,TIER_4_QUARANTINE_FRAUD,train
677,0,0.1252,0.7211,0.8716,0.796,0.2008,57.28,TIER_3_RESTRICTED_CAUTION,train
678,0,0.0071,0.7973,0.9177,0.769,0.1219,56.59,TIER_3_RESTRICTED_CAUTION,train
679,0,0.521,0.427,0.8599,0.6333,0.1365,39.25,TIER_4_QUARANTINE_FRAUD,train
680,0,0.0014,0.9895,0.9555,0.7076,0.47,73.38,TIER_2_STANDARD_TRUST,train
681,0,0.7157,0.2738,0.912,0.3767,0.4193,21.71,TIER_4_QUARANTINE_FRAUD,train
682,0,0.0667,0.889,0.9367,0.8189,0.9558,89.96,TIER_1_VERIFIED_SAFE,test
683,0,0.0931,0.8643,0.9125,0.9738,0.4269,74.34,TIER_2_STANDARD_TRUST,train
684,0,0.1641,0.6811,0.9011,0.9872,0.6749,77.75,TIER_2_STANDARD_TRUST,train
685,0,0.2567,0.6247,0.8949,0.9812,0.1401,57.13,TIER_3_RESTRICTED_CAUTION,test
686,0,0.002,0.9299,0.8851,0.7978,0.4732,73.26,TIER_2_STANDARD_TRUST,train
687,0,0.433,0.4884,0.8802,0.79,0.5458,62.31,TIER_3_RESTRICTED_CAUTION,test
688,1,0.8897,0.1479,0.8801,0.5098,0.0817,6.79,TIER_4_QUARANTINE_FRAUD,train
689,0,0.3453,0.5467,0.8909,0.722,0.1189,47.52,TIER_3_RESTRICTED_CAUTION,train
690,1,0.7608,0.1877,0.8885,0.6817,0.1407,11.7,TIER_4_QUARANTINE_FRAUD,train
691,0,0.003,0.9611,0.9442,0.8538,0.4432,75.13,TIER_2_STANDARD_TRUST,train
692,0,0.0073,0.921,0.8747,0.8768,0.4115,72.7,TIER_2_STANDARD_TRUST,train
693,0,0.0483,0.7911,0.8698,0.8372,0.1143,57.36,TIER_3_RESTRICTED_CAUTION,train
694,0,0.0069,0.9341,0.8785,0.7538,0.4965,73.03,TIER_2_STANDARD_TRUST,train
695,0,0.0101,0.9021,0.916,0.7832,0.0895,58.94,TIER_3_RESTRICTED_CAUTION,test
696,0,0.0113,0.7978,0.9207,0.9176,0.1038,59.72,TIER_3_RESTRICTED_CAUTION,train
697,1,0.9135,0.129,0.8556,0.5637,0.1531,6.28,TIER_4_QUARANTINE_FRAUD,train
698,1,0.7541,0.2426,0.891,0.6806,0.135,16.99,TIER_4_QUARANTINE_FRAUD,train
699,0,0.1126,0.7456,0.8958,0.61,0.0272,47.53,TIER_3_RESTRICTED_CAUTION,val
700,0,0.1405,0.6974,0.8657,0.852,0.1349,55.6,TIER_3_RESTRICTED_CAUTION,test
701,1,0.8528,0.1861,0.897,0.8514,0.4479,16.35,TIER_4_QUARANTINE_FRAUD,train
702,0,0.6117,0.4822,0.9335,0.7157,0.5093,59.52,TIER_3_RESTRICTED_CAUTION,test
703,0,0.5058,0.4262,0.8697,0.7427,0.1737,42.98,TIER_4_QUARANTINE_FRAUD,val
704,0,0.0028,0.8124,0.9315,0.8467,0.1244,59.21,TIER_3_RESTRICTED_CAUTION,train
705,0,0.7886,0.2455,0.8886,0.6449,0.5019,22.72,TIER_4_QUARANTINE_FRAUD,train
706,1,0.9818,0.0711,0.7979,0.6229,0.0235,2.41,TIER_4_QUARANTINE_FRAUD,test
707,1,0.8679,0.1532,0.898,0.5125,0.1193,7.53,TIER_4_QUARANTINE_FRAUD,train
708,1,0.9135,0.2386,0.8402,0.6684,0.0974,15.64,TIER_4_QUARANTINE_FRAUD,train
709,0,0.3561,0.65,0.9252,0.7466,0.484,64.36,TIER_3_RESTRICTED_CAUTION,train
710,0,0.7406,0.2512,0.8729,0.6937,0.0965,17.34,TIER_4_QUARANTINE_FRAUD,test
711,0,0.4491,0.4767,0.8535,0.6612,0.0987,42.82,TIER_4_QUARANTINE_FRAUD,val
712,1,0.9365,0.1006,0.791,0.1204,0.0176,2.08,TIER_4_QUARANTINE_FRAUD,train
713,1,0.6636,0.3101,0.8855,0.7317,0.0374,23.27,TIER_4_QUARANTINE_FRAUD,train
714,0,0.1649,0.7871,0.9123,0.7322,0.5266,69.47,TIER_2_STANDARD_TRUST,train
715,0,0.7147,0.2679,0.844,0.6219,0.0347,16.94,TIER_4_QUARANTINE_FRAUD,train
716,0,0.0967,0.749,0.9196,0.5571,0.1131,49.55,TIER_3_RESTRICTED_CAUTION,val
717,0,0.949,0.1199,0.8987,0.2816,0.4443,6.31,TIER_4_QUARANTINE_FRAUD,test
718,1,0.9707,0.0829,0.841,0.6203,0.1239,3.41,TIER_4_QUARANTINE_FRAUD,train
719,1,0.9493,0.0405,0.8314,1.0,0.6683,2.53,TIER_4_QUARANTINE_FRAUD,train
720,0,0.0115,0.9214,0.9343,0.6868,0.4249,69.03,TIER_2_STANDARD_TRUST,test
721,1,0.7887,0.1653,0.7747,0.551,0.1058,8.21,TIER_4_QUARANTINE_FRAUD,train
722,0,0.047,0.7744,0.9294,0.7989,0.5002,70.0,TIER_2_STANDARD_TRUST,test
723,0,0.1809,0.7046,0.8581,0.7883,0.1599,55.02,TIER_3_RESTRICTED_CAUTION,train
724,1,0.8756,0.1593,0.8651,0.8468,0.0322,9.26,TIER_4_QUARANTINE_FRAUD,train
725,0,0.0078,0.9048,0.907,0.756,0.1395,60.0,TIER_3_RESTRICTED_CAUTION,train
726,0,0.0222,0.8049,0.9248,0.9286,0.1302,61.17,TIER_3_RESTRICTED_CAUTION,test
727,0,0.028,0.9017,0.9434,0.6514,0.5068,70.51,TIER_2_STANDARD_TRUST,train
728,0,0.4922,0.4488,0.9069,0.7375,0.1489,46.02,TIER_3_RESTRICTED_CAUTION,train
729,1,0.9705,0.0807,0.8025,0.6925,0.1174,3.41,TIER_4_QUARANTINE_FRAUD,train
730,0,0.1302,0.7415,0.9231,0.75,0.497,67.62,TIER_2_STANDARD_TRUST,train
731,0,0.2378,0.7487,0.8984,0.7747,0.504,68.45,TIER_2_STANDARD_TRUST,train
732,0,0.0733,0.8684,0.8754,0.739,0.0938,56.56,TIER_3_RESTRICTED_CAUTION,train
733,0,0.0753,0.7714,0.8587,0.8256,0.6537,75.25,TIER_2_STANDARD_TRUST,train
734,1,0.8358,0.1921,0.8304,0.6913,0.085,11.35,TIER_4_QUARANTINE_FRAUD,train
735,0,0.004,0.8126,0.906,0.68,0.0361,51.7,TIER_3_RESTRICTED_CAUTION,test
736,0,0.0048,0.8027,0.9285,0.8234,0.1119,57.87,TIER_3_RESTRICTED_CAUTION,test
737,0,0.0113,0.9287,0.8674,0.8535,0.5346,76.59,TIER_2_STANDARD_TRUST,train
738,0,0.0121,0.9244,0.9193,0.8656,0.1131,62.52,TIER_3_RESTRICTED_CAUTION,test
739,1,0.3765,0.542,0.8918,0.5876,0.0286,40.87,TIER_4_QUARANTINE_FRAUD,val
740,0,0.0973,0.7379,0.9045,0.7919,0.2044,58.13,TIER_3_RESTRICTED_CAUTION,train
741,1,0.885,0.1421,0.8515,0.626,0.0292,6.58,TIER_4_QUARANTINE_FRAUD,train
742,1,0.9478,0.0421,0.8695,1.0,0.55,2.49,TIER_4_QUARANTINE_FRAUD,train
743,0,0.2619,0.6271,0.9023,0.7263,0.4874,63.05,TIER_3_RESTRICTED_CAUTION,train
744,0,0.822,0.3237,0.8957,0.7193,0.4715,34.63,TIER_4_QUARANTINE_FRAUD,train
745,0,0.0305,0.8091,0.8584,0.7854,0.1366,57.27,TIER_3_RESTRICTED_CAUTION,train
746,1,0.7577,0.2368,0.82,0.7592,0.0906,16.25,TIER_4_QUARANTINE_FRAUD,train
747,1,0.9188,0.2353,0.8748,0.9433,0.4863,24.28,TIER_4_QUARANTINE_FRAUD,test
748,0,0.5666,0.3799,0.818,1.0,0.2009,41.41,TIER_4_QUARANTINE_FRAUD,train
749,0,0.3226,0.5997,0.9124,0.8307,0.1569,53.37,TIER_3_RESTRICTED_CAUTION,test
750,0,0.4857,0.458,0.8755,0.8016,0.4823,59.42,TIER_3_RESTRICTED_CAUTION,train
751,1,0.2925,0.5938,0.8876,0.7672,0.1603,51.48,TIER_3_RESTRICTED_CAUTION,train
752,0,0.6336,0.3594,0.8901,0.8619,0.4364,42.19,TIER_4_QUARANTINE_FRAUD,train
753,0,0.1043,0.7263,0.8723,0.8597,0.1456,57.1,TIER_3_RESTRICTED_CAUTION,train
754,1,0.7101,0.3088,0.8984,0.6905,0.557,33.7,TIER_4_QUARANTINE_FRAUD,train
755,1,0.8284,0.1823,0.8543,0.1941,0.0191,6.03,TIER_4_QUARANTINE_FRAUD,train
756,0,0.7335,0.2539,0.7537,0.6806,0.1315,17.48,TIER_4_QUARANTINE_FRAUD,train
757,1,0.954,0.0871,0.8841,0.4269,0.0228,2.71,TIER_4_QUARANTINE_FRAUD,val
758,0,0.0081,0.803,0.8844,0.7924,0.1289,57.26,TIER_3_RESTRICTED_CAUTION,train
759,0,0.0757,0.9262,0.8996,0.7321,0.4973,72.49,TIER_2_STANDARD_TRUST,train
760,0,0.6683,0.3179,0.8763,0.7835,0.1312,27.04,TIER_4_QUARANTINE_FRAUD,test
761,0,0.0129,0.8917,0.939,0.7998,0.1344,60.84,TIER_3_RESTRICTED_CAUTION,train
762,0,0.0126,0.9327,0.8341,0.7221,0.435,69.6,TIER_2_STANDARD_TRUST,train
763,0,0.0715,0.7594,0.7983,0.6733,0.6449,70.17,TIER_2_STANDARD_TRUST,train
764,0,0.0048,0.9096,0.9274,0.8117,0.1276,61.32,TIER_3_RESTRICTED_CAUTION,test
765,0,0.3011,0.5794,0.8762,0.6932,0.0954,46.81,TIER_3_RESTRICTED_CAUTION,train
766,0,0.0284,0.8017,0.9244,0.7182,0.0861,54.26,TIER_3_RESTRICTED_CAUTION,train
767,0,0.0049,0.8356,0.9279,0.7405,0.4924,70.09,TIER_2_STANDARD_TRUST,test
768,0,0.0135,0.7964,0.9309,0.9133,0.1078,59.81,TIER_3_RESTRICTED_CAUTION,train
769,1,0.8635,0.165,0.867,0.55,0.0481,7.88,TIER_4_QUARANTINE_FRAUD,test
770,0,0.371,0.5611,0.8627,0.6671,0.4815,58.99,TIER_3_RESTRICTED_CAUTION,train
771,1,0.9052,0.1532,0.8784,0.7352,0.1074,8.75,TIER_4_QUARANTINE_FRAUD,test
772,1,0.7317,0.3875,0.9069,0.7562,0.451,45.59,TIER_3_RESTRICTED_CAUTION,train
773,0,0.0195,0.7955,0.9035,0.8267,0.1763,59.74,TIER_3_RESTRICTED_CAUTION,val
774,1,0.9092,0.1587,0.8723,0.7383,0.0521,8.71,TIER_4_QUARANTINE_FRAUD,train
775,0,0.745,0.2467,0.8676,0.7626,0.1187,17.99,TIER_4_QUARANTINE_FRAUD,test
776,1,0.5809,0.3848,0.8077,0.6672,0.1519,33.96,TIER_4_QUARANTINE_FRAUD,train
777,0,0.4914,0.4744,0.8946,0.5577,0.4342,52.32,TIER_3_RESTRICTED_CAUTION,train
778,1,0.8497,0.1977,0.8219,0.7912,0.1166,13.05,TIER_4_QUARANTINE_FRAUD,train
779,1,0.4574,0.4641,0.8877,0.608,0.1115,41.9,TIER_4_QUARANTINE_FRAUD,train
780,0,0.0081,0.9263,0.9378,0.8105,0.421,72.17,TIER_2_STANDARD_TRUST,train
781,0,0.0117,0.8319,0.9126,0.7295,0.4396,67.71,TIER_2_STANDARD_TRUST,train
782,0,0.0035,0.9388,0.929,0.8387,0.0728,60.97,TIER_3_RESTRICTED_CAUTION,train
783,0,0.6607,0.3342,0.9072,0.7155,0.1778,29.35,TIER_4_QUARANTINE_FRAUD,train
784,0,0.0577,0.7944,0.9103,0.7436,0.1295,56.06,TIER_3_RESTRICTED_CAUTION,val
785,0,0.3523,0.5442,0.888,0.6184,0.1335,45.34,TIER_3_RESTRICTED_CAUTION,train
786,0,0.0063,0.8059,0.9392,0.803,0.1252,58.03,TIER_3_RESTRICTED_CAUTION,val
787,0,0.4019,0.627,0.9299,0.8133,0.5007,65.96,TIER_2_STANDARD_TRUST,train
788,0,0.6101,0.3509,0.8166,0.8579,0.1376,32.53,TIER_4_QUARANTINE_FRAUD,train
789,1,0.0074,0.797,0.901,0.8016,0.086,55.97,TIER_3_RESTRICTED_CAUTION,test
790,0,0.3556,0.5372,0.8721,0.7956,0.1496,49.96,TIER_3_RESTRICTED_CAUTION,val
791,1,0.9104,0.1585,0.8815,1.0,0.5511,14.9,TIER_4_QUARANTINE_FRAUD,train
792,0,0.8743,0.0998,0.8614,0.8221,0.1095,5.08,TIER_4_QUARANTINE_FRAUD,val
793,0,0.0709,0.779,0.9272,0.8641,0.4445,69.8,TIER_2_STANDARD_TRUST,train
794,1,0.9165,0.0806,0.9025,0.459,0.1357,2.96,TIER_4_QUARANTINE_FRAUD,train
795,1,0.8644,0.1564,0.8958,0.5314,0.0387,7.16,TIER_4_QUARANTINE_FRAUD,train
796,0,0.0921,0.7704,0.8626,0.8101,0.1073,55.75,TIER_3_RESTRICTED_CAUTION,train
797,0,0.8577,0.1615,0.9037,0.5457,0.1102,8.28,TIER_4_QUARANTINE_FRAUD,train
798,1,0.8666,0.1553,0.8954,0.4825,0.0522,6.9,TIER_4_QUARANTINE_FRAUD,train
799,1,0.7538,0.255,0.8983,0.6268,0.1637,18.17,TIER_4_QUARANTINE_FRAUD,train
800,0,0.0127,0.9829,0.9104,0.8682,0.4365,75.57,TIER_2_STANDARD_TRUST,train
801,0,0.2323,0.6351,0.9105,0.7715,0.4751,64.07,TIER_3_RESTRICTED_CAUTION,test
802,0,0.4852,0.4402,0.8536,0.6698,0.0989,40.77,TIER_4_QUARANTINE_FRAUD,train
803,0,0.0665,0.7883,0.8533,0.6257,0.4524,63.66,TIER_3_RESTRICTED_CAUTION,train
804,1,0.9568,0.0887,0.8084,0.6002,0.1057,3.57,TIER_4_QUARANTINE_FRAUD,train
805,0,0.6283,0.3332,0.8788,0.8089,0.1297,29.46,TIER_4_QUARANTINE_FRAUD,val
806,0,0.007,0.824,0.8779,0.8277,0.1205,58.41,TIER_3_RESTRICTED_CAUTION,train
807,0,0.7627,0.2331,0.7518,0.7721,0.206,17.44,TIER_4_QUARANTINE_FRAUD,train
808,1,0.9761,0.0271,0.8104,0.5484,0.124,0.7,TIER_4_QUARANTINE_FRAUD,train
809,0,0.7841,0.1782,0.8675,0.639,0.0382,9.4,TIER_4_QUARANTINE_FRAUD,train
810,1,0.8597,0.1697,0.7984,0.7332,0.0607,9.44,TIER_4_QUARANTINE_FRAUD,test
811,0,0.6161,0.3411,0.8714,0.7671,0.1261,29.67,TIER_4_QUARANTINE_FRAUD,train
812,0,0.0416,0.8987,0.9189,0.8462,0.55,76.55,TIER_2_STANDARD_TRUST,test
813,0,0.0078,0.8146,0.8786,0.7933,0.1314,57.66,TIER_3_RESTRICTED_CAUTION,train
814,0,0.024,0.8055,0.9166,0.9173,0.1875,62.83,TIER_3_RESTRICTED_CAUTION,val
815,0,0.0006,0.9117,0.8955,0.7611,0.0395,56.72,TIER_3_RESTRICTED_CAUTION,val
816,1,0.6728,0.3366,0.8005,0.6476,0.4386,34.04,TIER_4_QUARANTINE_FRAUD,train
817,0,0.0191,0.807,0.925,0.8336,0.9813,88.64,TIER_1_VERIFIED_SAFE,train
818,1,0.9575,0.1125,0.8013,0.6995,0.4601,7.42,TIER_4_QUARANTINE_FRAUD,test
819,0,0.0193,0.8934,0.8676,0.8607,0.1177,61.12,TIER_3_RESTRICTED_CAUTION,train
820,1,0.8975,0.0952,0.875,0.695,0.1405,4.5,TIER_4_QUARANTINE_FRAUD,test
821,0,0.0068,0.9092,0.9444,0.7783,0.4802,72.98,TIER_2_STANDARD_TRUST,train
822,0,0.0019,0.8062,0.9199,0.773,0.1268,57.15,TIER_3_RESTRICTED_CAUTION,val
823,0,0.6315,0.3671,0.8369,0.7252,0.4653,41.28,TIER_4_QUARANTINE_FRAUD,train
824,0,0.8722,0.1507,0.872,0.2419,0.0191,4.81,TIER_4_QUARANTINE_FRAUD,train
825,0,0.0562,0.8977,0.9204,0.7245,0.5049,71.92,TIER_2_STANDARD_TRUST,train
826,1,0.1076,0.7528,0.8123,0.6837,0.4635,64.02,TIER_3_RESTRICTED_CAUTION,train
827,0,0.186,0.6926,0.8661,0.8137,0.1645,55.54,TIER_3_RESTRICTED_CAUTION,train
828,0,0.0215,0.8952,0.91,0.7837,0.1057,59.25,TIER_3_RESTRICTED_CAUTION,test
829,0,0.6478,0.4179,0.9063,0.8591,0.1343,43.39,TIER_4_QUARANTINE_FRAUD,train
830,0,0.2415,0.6602,0.8423,0.6632,0.4673,61.16,TIER_3_RESTRICTED_CAUTION,train
831,0,0.5003,0.4348,0.8855,0.8527,0.1901,47.69,TIER_3_RESTRICTED_CAUTION,val
832,0,0.0045,0.987,0.9148,0.8883,0.4312,76.06,TIER_2_STANDARD_TRUST,train
833,0,0.5144,0.4514,0.8901,0.7439,0.0422,42.52,TIER_4_QUARANTINE_FRAUD,train
834,0,0.3241,0.5762,0.8704,0.7103,0.0954,47.09,TIER_3_RESTRICTED_CAUTION,test
835,1,0.9744,0.0776,0.8828,0.99,0.0726,3.91,TIER_4_QUARANTINE_FRAUD,test
836,0,0.4468,0.469,0.8969,0.8298,0.1165,47.86,TIER_3_RESTRICTED_CAUTION,train
837,0,0.0026,0.8416,0.8997,0.8547,0.1165,59.69,TIER_3_RESTRICTED_CAUTION,test
838,1,0.9779,0.0971,0.9024,1.0,0.0692,5.36,TIER_4_QUARANTINE_FRAUD,test
839,0,0.1723,0.709,0.9087,0.74,0.1401,53.76,TIER_3_RESTRICTED_CAUTION,val
840,0,0.0059,0.9361,0.9369,0.5732,0.4329,66.93,TIER_2_STANDARD_TRUST,train
841,0,0.0028,0.7788,0.8974,0.8603,0.1232,58.16,TIER_3_RESTRICTED_CAUTION,train
842,0,0.1548,0.6901,0.8492,0.5409,0.0409,44.15,TIER_4_QUARANTINE_FRAUD,train
843,1,0.9487,0.0434,0.7017,0.6042,0.1564,1.38,TIER_4_QUARANTINE_FRAUD,train
844,0,0.0621,0.7716,0.8834,0.6249,0.0301,48.66,TIER_3_RESTRICTED_CAUTION,train
845,0,0.4716,0.4491,0.8082,0.3548,0.1158,34.39,TIER_4_QUARANTINE_FRAUD,val
846,0,0.1913,0.665,0.897,0.7871,0.1291,53.12,TIER_3_RESTRICTED_CAUTION,train
847,0,0.7235,0.2636,0.8152,0.7118,0.1033,18.7,TIER_4_QUARANTINE_FRAUD,test
848,0,0.0127,0.7991,0.9095,0.8031,0.1345,57.85,TIER_3_RESTRICTED_CAUTION,train
849,0,0.126,0.8406,0.9556,0.8638,0.2908,66.55,TIER_2_STANDARD_TRUST,train
850,1,0.9509,0.1135,0.8812,1.0,0.9703,11.88,TIER_4_QUARANTINE_FRAUD,train
851,0,0.0069,0.8232,0.908,0.7054,0.4572,67.41,TIER_2_STANDARD_TRUST,val
852,0,0.1079,0.7215,0.8988,0.7084,0.026,49.25,TIER_3_RESTRICTED_CAUTION,train
853,0,0.0005,0.931,0.9268,0.7275,0.5037,73.02,TIER_2_STANDARD_TRUST,train
854,0,0.0653,0.8684,0.9013,0.7985,0.6585,78.08,TIER_2_STANDARD_TRUST,train
855,0,0.0134,0.7944,0.8678,0.7915,0.1167,56.39,TIER_3_RESTRICTED_CAUTION,val
856,0,0.0029,0.9213,0.9397,0.8506,0.0981,61.73,TIER_3_RESTRICTED_CAUTION,train
857,0,0.0059,0.9825,0.9245,0.8386,0.4439,75.22,TIER_2_STANDARD_TRUST,train
858,0,0.1584,0.6907,0.8794,0.7877,0.1552,54.64,TIER_3_RESTRICTED_CAUTION,train
859,0,0.9108,0.1431,0.8773,0.688,0.4171,10.11,TIER_4_QUARANTINE_FRAUD,train
860,0,0.8757,0.157,0.8126,0.2315,0.0198,4.91,TIER_4_QUARANTINE_FRAUD,test
861,0,0.2285,0.6417,0.8595,0.8351,0.1191,52.89,TIER_3_RESTRICTED_CAUTION,test
862,0,0.004,0.9311,0.9364,0.8796,0.4215,74.04,TIER_2_STANDARD_TRUST,train
863,0,0.2044,0.6698,0.8608,0.8382,0.1265,54.08,TIER_3_RESTRICTED_CAUTION,train
864,1,0.9182,0.1151,0.8171,0.549,0.1101,4.96,TIER_4_QUARANTINE_FRAUD,test
865,0,0.0029,0.8035,0.9302,0.8763,0.0959,58.67,TIER_3_RESTRICTED_CAUTION,train
866,1,0.9443,0.0965,0.868,1.0,0.1365,5.59,TIER_4_QUARANTINE_FRAUD,train
867,1,0.9729,0.1076,0.8936,1.0,0.0764,6.2,TIER_4_QUARANTINE_FRAUD,train
868,1,0.9196,0.1316,0.8935,0.4923,0.0268,5.28,TIER_4_QUARANTINE_FRAUD,train
869,0,0.0865,0.8582,0.9167,0.8192,0.4857,72.39,TIER_2_STANDARD_TRUST,train
870,1,0.8857,0.1693,0.8595,1.0,0.5166,15.92,TIER_4_QUARANTINE_FRAUD,val
871,0,0.0099,0.9014,0.9331,0.8192,0.1971,63.75,TIER_3_RESTRICTED_CAUTION,val
872,0,0.3211,0.589,0.8352,0.7333,0.2427,52.85,TIER_3_RESTRICTED_CAUTION,test
873,0,0.1323,0.7216,0.8758,0.8873,0.1094,56.42,TIER_3_RESTRICTED_CAUTION,train
874,1,0.5225,0.3634,0.84,0.5464,0.1173,28.08,TIER_4_QUARANTINE_FRAUD,test
875,0,0.0054,0.9803,0.9426,0.6981,0.0968,59.68,TIER_3_RESTRICTED_CAUTION,train
876,0,0.0108,0.976,0.9359,0.7801,0.3997,72.13,TIER_2_STANDARD_TRUST,test
877,0,0.0101,0.9249,0.9611,0.937,0.4159,75.34,TIER_2_STANDARD_TRUST,train
878,1,0.9667,0.078,0.8702,0.48,0.1136,2.77,TIER_4_QUARANTINE_FRAUD,train
879,0,0.1186,0.8422,0.8884,0.7701,0.1488,58.61,TIER_3_RESTRICTED_CAUTION,train
880,1,0.8767,0.1562,0.8228,0.7692,0.0534,8.6,TIER_4_QUARANTINE_FRAUD,train
881,0,0.7767,0.2256,0.8762,0.7294,0.4509,20.2,TIER_4_QUARANTINE_FRAUD,train
882,0,0.9445,0.1984,0.8139,0.7167,0.1035,12.29,TIER_4_QUARANTINE_FRAUD,train
883,0,0.6374,0.3389,0.8613,0.6752,0.1149,27.45,TIER_4_QUARANTINE_FRAUD,train
884,0,0.2158,0.6436,0.8872,0.6616,0.0499,46.46,TIER_3_RESTRICTED_CAUTION,train
885,0,0.2229,0.7612,0.9042,0.743,0.5267,68.89,TIER_2_STANDARD_TRUST,test
886,0,0.9269,0.1114,0.8678,0.6603,0.0981,5.21,TIER_4_QUARANTINE_FRAUD,val
887,1,0.8077,0.3332,0.8826,0.8212,0.5285,39.14,TIER_4_QUARANTINE_FRAUD,train
888,0,0.0077,0.9367,0.9215,0.7883,0.4265,71.95,TIER_2_STANDARD_TRUST,train
889,0,0.0026,0.9322,0.9274,0.8896,0.4356,74.73,TIER_2_STANDARD_TRUST,train
890,0,0.0024,0.9894,0.9237,0.8455,0.4088,74.36,TIER_2_STANDARD_TRUST,train
891,0,0.1767,0.789,0.9205,0.6961,0.188,56.86,TIER_3_RESTRICTED_CAUTION,train
892,1,0.8517,0.1993,0.8133,0.648,0.0462,11.07,TIER_4_QUARANTINE_FRAUD,train
893,0,0.1534,0.8173,0.8913,0.7118,0.5383,70.07,TIER_2_STANDARD_TRUST,train
894,1,0.5546,0.3606,0.8532,1.0,0.1419,36.98,TIER_4_QUARANTINE_FRAUD,train
895,0,0.0252,0.7896,0.8917,0.8341,0.1237,57.79,TIER_3_RESTRICTED_CAUTION,train
896,0,0.8531,0.1632,0.4706,0.172,0.0228,3.93,TIER_4_QUARANTINE_FRAUD,train
897,0,0.5686,0.3977,0.8925,0.7211,0.1285,36.95,TIER_4_QUARANTINE_FRAUD,train
898,0,0.008,0.9847,0.9262,0.7931,0.4265,73.56,TIER_2_STANDARD_TRUST,train
899,1,0.9499,0.1067,0.9035,0.4478,0.4057,5.8,TIER_4_QUARANTINE_FRAUD,train
900,1,0.9092,0.1278,0.9037,0.5272,0.0356,5.31,TIER_4_QUARANTINE_FRAUD,train
901,0,0.0053,0.8013,0.9332,0.8176,0.1162,57.88,TIER_3_RESTRICTED_CAUTION,train
902,0,0.0129,0.7945,0.9151,0.8373,0.0135,54.39,TIER_3_RESTRICTED_CAUTION,train
903,0,0.1072,0.729,0.9242,0.7182,0.0993,52.54,TIER_3_RESTRICTED_CAUTION,train
904,0,0.0561,0.7722,0.9458,0.9577,0.1905,63.23,TIER_3_RESTRICTED_CAUTION,test
905,0,0.7987,0.2072,0.8609,0.6475,0.1613,13.38,TIER_4_QUARANTINE_FRAUD,train
906,0,0.1068,0.8444,0.8664,0.7302,0.55,71.5,TIER_2_STANDARD_TRUST,val
907,1,0.2237,0.654,0.8966,1.0,0.1215,57.84,TIER_3_RESTRICTED_CAUTION,train
908,0,0.7187,0.2656,0.8476,0.3689,0.0652,14.08,TIER_4_QUARANTINE_FRAUD,train
909,0,0.1515,0.7286,0.8356,0.8225,0.4723,67.31,TIER_2_STANDARD_TRUST,test
910,0,0.5958,0.4622,0.9269,0.7471,0.1428,46.81,TIER_3_RESTRICTED_CAUTION,train
911,0,0.0036,0.8244,0.9249,0.8875,0.4802,72.98,TIER_2_STANDARD_TRUST,train
912,0,0.8161,0.2215,0.916,0.765,0.06,14.74,TIER_4_QUARANTINE_FRAUD,test
913,0,0.0067,0.9364,0.9165,0.7952,0.4459,72.74,TIER_2_STANDARD_TRUST,test
914,0,0.0233,0.8076,0.9105,0.7088,0.0552,52.98,TIER_3_RESTRICTED_CAUTION,train
915,0,0.8483,0.1705,0.8707,0.7051,0.0946,9.85,TIER_4_QUARANTINE_FRAUD,train
916,1,0.9221,0.1148,0.8188,0.6443,0.1019,5.3,TIER_4_QUARANTINE_FRAUD,train
917,0,0.3167,0.5947,0.8493,0.748,0.1137,49.02,TIER_3_RESTRICTED_CAUTION,train
918,0,0.8533,0.1906,0.8498,0.6998,0.4933,16.03,TIER_4_QUARANTINE_FRAUD,test
919,0,0.012,0.8231,0.8898,0.8167,0.0626,56.2,TIER_3_RESTRICTED_CAUTION,train
920,0,0.7689,0.2266,0.8516,0.2054,0.0372,8.91,TIER_4_QUARANTINE_FRAUD,test
921,0,0.031,0.7902,0.9081,0.8595,0.1112,58.17,TIER_3_RESTRICTED_CAUTION,train
922,1,0.9582,0.1051,0.8657,1.0,0.1241,6.21,TIER_4_QUARANTINE_FRAUD,val
923,0,0.0205,0.7914,0.8634,0.7637,0.093,54.72,TIER_3_RESTRICTED_CAUTION,test
924,1,0.9804,0.0198,0.9037,1.0,0.0325,0.61,TIER_4_QUARANTINE_FRAUD,train
925,0,0.4481,0.502,0.8939,0.7049,0.0643,43.87,TIER_4_QUARANTINE_FRAUD,train
926,0,0.683,0.3962,0.8472,0.6836,0.1544,36.31,TIER_4_QUARANTINE_FRAUD,train
927,0,0.1447,0.6961,0.9209,0.7481,0.1539,54.18,TIER_3_RESTRICTED_CAUTION,train
928,0,0.1181,0.8421,0.9203,0.5335,0.4153,62.34,TIER_3_RESTRICTED_CAUTION,train
929,0,0.5246,0.414,0.8423,0.8043,0.1152,40.37,TIER_4_QUARANTINE_FRAUD,train
930,1,0.8046,0.2034,0.87,0.6514,0.115,12.5,TIER_4_QUARANTINE_FRAUD,train
931,0,0.0365,0.9149,0.8709,0.7005,0.9529,87.02,TIER_1_VERIFIED_SAFE,train
932,0,0.5801,0.3741,0.8589,0.7607,0.0955,33.17,TIER_4_QUARANTINE_FRAUD,train
933,0,0.8546,0.1629,0.8013,0.2058,0.118,5.92,TIER_4_QUARANTINE_FRAUD,train
934,1,0.9541,0.0422,0.691,0.815,0.1339,1.53,TIER_4_QUARANTINE_FRAUD,test
935,0,0.5788,0.3207,0.8653,0.7509,0.1169,26.48,TIER_4_QUARANTINE_FRAUD,train
936,0,0.1375,0.8386,0.8768,0.89,0.5341,74.87,TIER_2_STANDARD_TRUST,train
937,0,0.2464,0.6498,0.8994,0.7507,0.4704,63.72,TIER_3_RESTRICTED_CAUTION,test
938,1,0.7281,0.2675,0.8612,0.6227,0.0228,16.78,TIER_4_QUARANTINE_FRAUD,train
939,1,0.8361,0.1806,0.8501,0.5947,0.1162,10.03,TIER_4_QUARANTINE_FRAUD,train
940,0,0.0047,0.8012,0.9311,0.9075,0.099,59.5,TIER_3_RESTRICTED_CAUTION,train
941,0,0.0695,0.7816,0.8747,0.635,0.1708,54.05,TIER_3_RESTRICTED_CAUTION,test
942,0,0.5463,0.5195,0.8945,0.8198,0.1063,48.75,TIER_3_RESTRICTED_CAUTION,train
943,0,0.9545,0.1253,0.8835,0.8433,0.038,6.64,TIER_4_QUARANTINE_FRAUD,train
944,0,0.4004,0.5198,0.8791,0.7674,0.0975,46.98,TIER_3_RESTRICTED_CAUTION,train
945,1,0.882,0.1472,0.8569,0.4691,0.0204,5.95,TIER_4_QUARANTINE_FRAUD,train
946,1,0.8672,0.1069,0.7929,0.8407,0.1251,5.64,TIER_4_QUARANTINE_FRAUD,test
947,1,0.779,0.2415,0.8188,0.7093,0.1037,16.39,TIER_4_QUARANTINE_FRAUD,train
948,0,0.3198,0.5833,0.8004,0.9464,0.1436,54.19,TIER_3_RESTRICTED_CAUTION,test
949,0,0.4714,0.5595,0.9419,0.7314,0.4999,61.99,TIER_3_RESTRICTED_CAUTION,train
950,0,0.9055,0.1236,0.4525,0.2174,0.0241,2.71,TIER_4_QUARANTINE_FRAUD,train
951,1,0.7346,0.2776,0.8566,0.5983,0.4778,25.93,TIER_4_QUARANTINE_FRAUD,train
952,1,0.9769,0.0759,0.8614,0.3789,0.1244,2.44,TIER_4_QUARANTINE_FRAUD,val
953,0,0.1181,0.7249,0.9208,0.7879,0.036,51.91,TIER_3_RESTRICTED_CAUTION,train
954,0,0.7155,0.3034,0.8612,0.76,0.1359,24.84,TIER_4_QUARANTINE_FRAUD,train
955,0,0.1923,0.6094,0.8908,0.9872,0.6749,75.49,TIER_2_STANDARD_TRUST,train
956,0,0.0394,0.8912,0.9253,0.6962,0.4516,69.2,TIER_2_STANDARD_TRUST,test
957,1,0.8645,0.1152,0.8311,0.434,0.0147,3.93,TIER_4_QUARANTINE_FRAUD,test
958,1,0.9768,0.0366,0.8863,1.0,0.1345,1.52,TIER_4_QUARANTINE_FRAUD,train
959,1,0.7142,0.2996,0.8948,0.5157,0.4454,27.35,TIER_4_QUARANTINE_FRAUD,train
960,0,0.0078,0.8843,0.9319,0.7877,0.0989,59.0,TIER_3_RESTRICTED_CAUTION,test
961,1,0.536,0.4194,0.7889,0.7778,0.1471,41.13,TIER_4_QUARANTINE_FRAUD,train
962,0,0.3755,0.5399,0.898,0.7815,0.4829,61.61,TIER_3_RESTRICTED_CAUTION,train
963,0,0.2661,0.6397,0.9166,0.7951,0.4835,65.16,TIER_2_STANDARD_TRUST,train
964,0,0.0018,0.8215,0.9208,0.803,0.0664,56.25,TIER_3_RESTRICTED_CAUTION,train
965,0,0.0002,0.9257,0.8865,0.7968,0.167,62.4,TIER_3_RESTRICTED_CAUTION,train
966,0,0.0222,0.8901,0.9343,0.6762,0.1015,56.5,TIER_3_RESTRICTED_CAUTION,test
967,0,0.0297,0.7888,0.8538,0.7623,0.1345,55.97,TIER_3_RESTRICTED_CAUTION,train
968,0,0.9223,0.1147,0.8073,0.785,0.1512,6.16,TIER_4_QUARANTINE_FRAUD,train
969,0,0.9629,0.0802,0.8501,1.0,0.1511,4.37,TIER_4_QUARANTINE_FRAUD,train
970,0,0.6,0.4668,0.9279,0.815,0.0725,46.2,TIER_3_RESTRICTED_CAUTION,train
971,1,0.3575,0.5364,0.8494,0.5352,0.1181,42.1,TIER_4_QUARANTINE_FRAUD,train
972,1,0.8379,0.1908,0.8702,0.6281,0.1129,11.17,TIER_4_QUARANTINE_FRAUD,train
973,1,0.8642,0.1569,0.798,0.2949,0.0251,5.32,TIER_4_QUARANTINE_FRAUD,train
974,0,0.0155,0.8075,0.9004,0.8058,0.55,72.63,TIER_2_STANDARD_TRUST,test
975,0,0.2751,0.7138,0.9007,0.7595,0.541,68.35,TIER_2_STANDARD_TRUST,train
976,0,0.0044,0.9004,0.9235,0.8735,0.0257,58.99,TIER_3_RESTRICTED_CAUTION,train
977,0,0.2898,0.7172,0.8496,0.7098,0.5667,67.59,TIER_2_STANDARD_TRUST,train
978,0,0.0368,0.7737,0.8592,0.9312,0.1172,59.18,TIER_3_RESTRICTED_CAUTION,test
979,1,0.9389,0.0505,0.8617,0.5602,0.1328,1.67,TIER_4_QUARANTINE_FRAUD,train
980,0,0.0114,0.8293,0.8918,0.8125,0.4636,70.34,TIER_2_STANDARD_TRUST,train
981,1,0.9693,0.0795,0.758,0.6257,0.1104,3.09,TIER_4_QUARANTINE_FRAUD,train
982,0,0.1479,0.724,0.8943,0.5906,0.035,46.65,TIER_3_RESTRICTED_CAUTION,test
983,0,0.383,0.493,0.8276,0.8038,0.1231,47.47,TIER_3_RESTRICTED_CAUTION,test
984,0,0.0854,0.8437,0.8811,0.8522,0.1281,59.91,TIER_3_RESTRICTED_CAUTION,test
985,1,0.9839,0.102,0.8264,0.5919,0.1286,4.45,TIER_4_QUARANTINE_FRAUD,train
986,0,0.6776,0.3019,0.8752,0.927,0.1754,28.05,TIER_4_QUARANTINE_FRAUD,train
987,0,0.7784,0.2207,0.8747,0.6467,0.117,14.11,TIER_4_QUARANTINE_FRAUD,train
988,1,0.8475,0.1974,0.8476,0.5842,0.1498,11.73,TIER_4_QUARANTINE_FRAUD,train
989,0,0.4833,0.4447,0.8652,0.9089,0.1611,49.59,TIER_3_RESTRICTED_CAUTION,train
990,0,0.8468,0.1196,0.8351,0.4065,0.1401,4.82,TIER_4_QUARANTINE_FRAUD,train
991,0,0.165,0.8194,0.8891,0.8286,0.1291,58.71,TIER_3_RESTRICTED_CAUTION,test
992,0,0.0022,0.9073,0.9507,0.7809,0.4966,73.63,TIER_2_STANDARD_TRUST,val
993,0,0.8074,0.2008,0.8751,0.6612,0.1031,12.23,TIER_4_QUARANTINE_FRAUD,train
994,0,0.0078,0.925,0.9489,0.7564,0.1143,60.15,TIER_3_RESTRICTED_CAUTION,train
995,0,0.2407,0.6337,0.8392,0.7543,0.1177,50.38,TIER_3_RESTRICTED_CAUTION,val
996,0,0.1975,0.7692,0.8715,0.6912,0.4299,64.12,TIER_3_RESTRICTED_CAUTION,train
997,1,0.7708,0.2365,0.8199,0.6185,0.1369,15.4,TIER_4_QUARANTINE_FRAUD,test
998,1,0.9461,0.0961,0.8734,0.678,0.0669,4.15,TIER_4_QUARANTINE_FRAUD,val
999,0,0.025,0.788,0.9226,0.7734,0.1047,55.86,TIER_3_RESTRICTED_CAUTION,test
1000,0,0.4967,0.4339,0.8677,0.7169,0.0992,41.1,TIER_4_QUARANTINE_FRAUD,train
1001,0,0.9206,0.1273,0.859,0.6438,0.1029,6.22,TIER_4_QUARANTINE_FRAUD,train
1002,0,0.7813,0.2202,0.8814,0.8059,0.1445,16.04,TIER_4_QUARANTINE_FRAUD,train
1003,1,0.6023,0.367,0.8782,0.4593,0.0276,24.74,TIER_4_QUARANTINE_FRAUD,train
1004,0,0.0209,0.8111,0.8812,0.7621,0.0493,53.92,TIER_3_RESTRICTED_CAUTION,val
1005,1,0.3054,0.5973,0.8799,0.7884,0.4599,62.53,TIER_3_RESTRICTED_CAUTION,train
1006,0,0.4269,0.5146,0.9183,0.7601,0.6082,64.91,TIER_3_RESTRICTED_CAUTION,train
1007,0,0.1736,0.7902,0.8671,0.7921,0.9779,86.41,TIER_1_VERIFIED_SAFE,train
1008,0,0.704,0.2739,0.7079,0.7796,0.1213,20.47,TIER_4_QUARANTINE_FRAUD,train
1009,1,0.8635,0.168,0.7734,0.4592,0.1166,7.87,TIER_4_QUARANTINE_FRAUD,train
1010,0,0.6223,0.368,0.8423,0.7196,0.1305,32.35,TIER_4_QUARANTINE_FRAUD,train
1011,0,0.1355,0.8246,0.9124,0.8049,0.0941,57.28,TIER_3_RESTRICTED_CAUTION,train
1012,1,0.4176,0.4906,0.8387,0.5134,0.1492,41.16,TIER_4_QUARANTINE_FRAUD,train
1013,1,0.9274,0.1097,0.8236,0.585,0.1112,4.8,TIER_4_QUARANTINE_FRAUD,test
1014,0,0.2253,0.6391,0.9108,0.6117,0.0162,44.14,TIER_4_QUARANTINE_FRAUD,val
1015,0,0.2628,0.607,0.8852,0.7992,0.116,51.1,TIER_3_RESTRICTED_CAUTION,train
1016,1,0.8167,0.2082,0.8602,0.9028,0.1164,15.23,TIER_4_QUARANTINE_FRAUD,val
1017,1,0.9886,0.0663,0.8421,0.4629,0.1098,2.14,TIER_4_QUARANTINE_FRAUD,test
1018,1,0.5902,0.389,0.8658,0.7939,0.4694,46.84,TIER_3_RESTRICTED_CAUTION,train
1019,0,0.877,0.1469,0.9152,0.3602,0.0296,5.5,TIER_4_QUARANTINE_FRAUD,val
1020,1,0.2086,0.6679,0.8895,0.789,0.1062,52.38,TIER_3_RESTRICTED_CAUTION,train
1021,1,0.8482,0.2007,0.8502,0.6475,0.0562,11.44,TIER_4_QUARANTINE_FRAUD,test
1022,0,0.0065,0.9029,0.9334,0.7761,0.1201,60.03,TIER_3_RESTRICTED_CAUTION,train
1023,0,0.6151,0.3434,0.8471,0.6933,0.1018,27.91,TIER_4_QUARANTINE_FRAUD,train
1024,0,0.6611,0.4109,0.868,0.7562,0.1432,39.92,TIER_4_QUARANTINE_FRAUD,train
1025,0,0.0945,0.7359,0.8755,0.842,0.095,55.2,TIER_3_RESTRICTED_CAUTION,train
1026,0,0.1773,0.6714,0.9638,0.99,0.2653,63.82,TIER_3_RESTRICTED_CAUTION,train
1027,1,0.9002,0.1277,0.7903,0.3114,0.0412,4.08,TIER_4_QUARANTINE_FRAUD,train
1028,0,0.1356,0.7151,0.8734,0.7077,0.101,51.41,TIER_3_RESTRICTED_CAUTION,train
1029,0,0.0462,0.8699,0.9031,0.7737,0.121,58.71,TIER_3_RESTRICTED_CAUTION,train
1030,1,0.8676,0.1765,0.8698,0.5716,0.0368,8.76,TIER_4_QUARANTINE_FRAUD,test
1031,0,0.0072,0.9349,0.9222,0.8993,0.4264,74.68,TIER_2_STANDARD_TRUST,train
1032,1,0.8668,0.1806,0.8903,0.6927,0.074,10.44,TIER_4_QUARANTINE_FRAUD,train
1033,0,0.3542,0.5469,0.8732,0.99,0.1311,54.48,TIER_3_RESTRICTED_CAUTION,val
1034,0,0.0006,0.8105,0.8362,0.9596,0.0596,58.75,TIER_3_RESTRICTED_CAUTION,test
1035,0,0.0256,0.9186,0.9239,0.8259,0.0641,59.69,TIER_3_RESTRICTED_CAUTION,train
1036,0,0.4704,0.4717,0.9154,0.6054,0.0535,40.31,TIER_4_QUARANTINE_FRAUD,train
1037,1,0.7739,0.2502,0.8998,0.9419,0.1323,20.83,TIER_4_QUARANTINE_FRAUD,train
1038,0,0.0268,0.9149,0.9263,0.7278,0.4612,71.05,TIER_2_STANDARD_TRUST,test
1039,1,0.9196,0.1156,0.8405,0.2378,0.0264,3.2,TIER_4_QUARANTINE_FRAUD,train
1040,1,0.4509,0.5001,0.8472,0.5335,0.4617,52.97,TIER_3_RESTRICTED_CAUTION,train
1041,1,0.9111,0.1199,0.8676,0.22,0.022,3.32,TIER_4_QUARANTINE_FRAUD,train
1042,1,0.8269,0.1422,0.6088,0.5331,0.1209,6.24,TIER_4_QUARANTINE_FRAUD,train
1043,0,0.0215,0.7867,0.8928,0.8428,0.0184,54.24,TIER_3_RESTRICTED_CAUTION,test
1044,1,0.9531,0.1124,0.8445,0.6507,0.0287,4.8,TIER_4_QUARANTINE_FRAUD,train
1045,0,0.0744,0.8821,0.9281,0.8083,0.6161,77.52,TIER_2_STANDARD_TRUST,train
1046,0,0.2444,0.7358,0.9164,0.7359,0.55,68.88,TIER_2_STANDARD_TRUST,train
1047,0,0.0402,0.7877,0.8716,0.7997,0.1263,56.76,TIER_3_RESTRICTED_CAUTION,train
1048,1,0.9727,0.1967,0.8981,0.4387,0.4299,13.95,TIER_4_QUARANTINE_FRAUD,train
1049,1,0.7582,0.3386,0.8964,1.0,0.4469,41.3,TIER_4_QUARANTINE_FRAUD,train
1050,0,0.0894,0.7645,0.8879,0.6788,0.4532,64.65,TIER_3_RESTRICTED_CAUTION,train
1051,1,0.9209,0.1407,0.8974,0.854,0.5613,11.95,TIER_4_QUARANTINE_FRAUD,train
1052,1,0.8683,0.1778,0.8901,0.6211,0.0765,9.7,TIER_4_QUARANTINE_FRAUD,train
1053,0,0.0082,0.9181,0.8598,0.8302,0.1358,61.65,TIER_3_RESTRICTED_CAUTION,train
1054,0,0.9638,0.0882,0.8795,0.6598,0.1566,4.02,TIER_4_QUARANTINE_FRAUD,test
1055,0,0.834,0.1998,0.8378,0.7645,0.1151,13.06,TIER_4_QUARANTINE_FRAUD,train
1056,0,0.1145,0.7216,0.9377,0.8905,0.2151,60.82,TIER_3_RESTRICTED_CAUTION,test
1057,0,0.0528,0.7928,0.918,0.8488,0.1125,58.12,TIER_3_RESTRICTED_CAUTION,train
1058,1,0.8905,0.1557,0.8483,0.6699,0.1515,8.86,TIER_4_QUARANTINE_FRAUD,train
1059,0,0.0087,0.8053,0.9176,0.7983,0.1105,57.16,TIER_3_RESTRICTED_CAUTION,train
1060,0,0.0036,0.837,0.887,0.8473,0.4716,71.67,TIER_2_STANDARD_TRUST,train
1061,0,0.6843,0.2925,0.9076,0.9419,0.1714,27.07,TIER_4_QUARANTINE_FRAUD,val
1062,0,0.4572,0.4958,0.8686,0.7094,0.1236,45.62,TIER_3_RESTRICTED_CAUTION,train
1063,0,0.1654,0.7032,0.9282,0.7498,0.5274,67.58,TIER_2_STANDARD_TRUST,test
1064,0,0.0063,0.9897,0.9215,0.8301,0.428,74.64,TIER_2_STANDARD_TRUST,val
1065,1,0.7953,0.1895,0.7542,0.8057,0.1388,12.42,TIER_4_QUARANTINE_FRAUD,train
1066,0,0.0006,0.8047,0.9194,0.926,0.1331,61.14,TIER_3_RESTRICTED_CAUTION,test
1067,0,0.9149,0.1171,0.7799,0.2452,0.0238,3.17,TIER_4_QUARANTINE_FRAUD,train
1068,0,0.197,0.7862,0.9266,0.7375,0.0841,54.23,TIER_3_RESTRICTED_CAUTION,train
1069,0,0.002,0.9129,0.9082,0.8253,0.4272,72.05,TIER_2_STANDARD_TRUST,train
1070,1,0.972,0.0862,0.8977,1.0,0.0876,4.62,TIER_4_QUARANTINE_FRAUD,test
1071,0,0.1128,0.8595,0.9062,0.7187,0.0432,54.33,TIER_3_RESTRICTED_CAUTION,val
1072,1,0.9053,0.1321,0.835,0.6283,0.148,6.74,TIER_4_QUARANTINE_FRAUD,train
1073,0,0.8662,0.2567,0.8559,0.5668,0.1405,17.04,TIER_4_QUARANTINE_FRAUD,test
1074,1,0.8338,0.196,0.8489,0.9056,0.0976,13.72,TIER_4_QUARANTINE_FRAUD,val
1075,0,0.003,0.9193,0.9292,0.8066,0.4737,73.62,TIER_2_STANDARD_TRUST,train
1076,0,0.0098,0.8018,0.9244,0.5767,0.1108,51.6,TIER_3_RESTRICTED_CAUTION,train
1077,0,0.0306,0.9163,0.8524,0.8352,0.9676,90.76,TIER_1_VERIFIED_SAFE,test
1078,1,0.976,0.0384,0.8452,1.0,0.1412,1.61,TIER_4_QUARANTINE_FRAUD,train
1079,0,0.0961,0.7342,0.874,0.6833,0.1096,51.68,TIER_3_RESTRICTED_CAUTION,train
1080,0,0.0075,0.836,0.9262,0.8208,0.1541,60.26,TIER_3_RESTRICTED_CAUTION,train
1081,0,0.1828,0.7992,0.9043,0.8192,0.4678,69.87,TIER_2_STANDARD_TRUST,train
1082,0,0.0015,0.912,0.9188,0.8831,0.4571,74.62,TIER_2_STANDARD_TRUST,train
1083,0,0.4083,0.5189,0.877,0.7581,0.0977,46.71,TIER_3_RESTRICTED_CAUTION,train
1084,0,0.4564,0.4622,0.8358,0.6644,0.1591,44.4,TIER_4_QUARANTINE_FRAUD,test
1085,0,0.1147,0.7255,0.8649,0.7448,0.1418,54.0,TIER_3_RESTRICTED_CAUTION,train
1086,0,0.0545,0.9408,0.9254,0.7669,0.4876,73.72,TIER_2_STANDARD_TRUST,train
1087,0,0.9394,0.0983,0.8364,0.1208,0.0163,2.06,TIER_4_QUARANTINE_FRAUD,train
1088,0,0.0412,0.7778,0.9047,0.8467,0.0777,56.27,TIER_3_RESTRICTED_CAUTION,train
1089,0,0.0443,0.8078,0.9298,0.6214,0.4954,66.41,TIER_2_STANDARD_TRUST,train
1090,0,0.2684,0.5563,0.8484,0.9336,0.1676,54.38,TIER_3_RESTRICTED_CAUTION,train
1091,1,0.6313,0.3645,0.8124,0.9623,0.4939,45.92,TIER_3_RESTRICTED_CAUTION,train
1092,0,0.6801,0.2948,0.8643,0.675,0.0624,21.09,TIER_4_QUARANTINE_FRAUD,val
1093,0,0.06,0.7853,0.9153,0.8017,0.55,72.0,TIER_2_STANDARD_TRUST,test
1094,0,0.2036,0.6513,0.8318,0.8051,0.1422,52.96,TIER_3_RESTRICTED_CAUTION,val
1095,1,0.707,0.2864,0.8713,0.6835,0.1632,22.29,TIER_4_QUARANTINE_FRAUD,train
1096,0,0.0493,0.7951,0.9062,0.7967,0.1075,56.6,TIER_3_RESTRICTED_CAUTION,train
1097,0,0.0058,0.9038,0.9227,0.7736,0.0917,58.89,TIER_3_RESTRICTED_CAUTION,val
1098,1,0.888,0.1499,0.8887,1.0,0.046,9.58,TIER_4_QUARANTINE_FRAUD,train
1099,0,0.6173,0.3497,0.9248,0.5944,0.1585,28.92,TIER_4_QUARANTINE_FRAUD,train
1100,0,0.0014,0.9183,0.926,0.8738,0.4546,74.56,TIER_2_STANDARD_TRUST,val
1101,1,0.8636,0.1864,0.9002,0.6043,0.434,14.28,TIER_4_QUARANTINE_FRAUD,train
1102,1,0.7739,0.23,0.8511,0.7216,0.0474,14.68,TIER_4_QUARANTINE_FRAUD,train
1103,0,0.2992,0.7013,0.8554,0.8763,0.4507,67.27,TIER_2_STANDARD_TRUST,train
1104,0,0.85,0.1655,0.8192,0.1959,0.029,5.2,TIER_4_QUARANTINE_FRAUD,train
1105,0,0.0038,0.8012,0.9367,0.865,0.1213,59.27,TIER_3_RESTRICTED_CAUTION,train
1106,0,0.0008,0.8047,0.9226,0.9431,0.1366,61.72,TIER_3_RESTRICTED_CAUTION,train
1107,0,0.0112,0.796,0.9251,0.7683,0.1037,55.97,TIER_3_RESTRICTED_CAUTION,train
1108,1,0.9568,0.1095,0.8961,0.5772,0.0473,4.51,TIER_4_QUARANTINE_FRAUD,train
1109,0,0.0027,0.8006,0.8834,0.8134,0.1506,58.46,TIER_3_RESTRICTED_CAUTION,train
1110,0,0.0183,0.7933,0.9343,0.75,0.0922,55.12,TIER_3_RESTRICTED_CAUTION,test
1111,0,0.411,0.5053,0.917,0.9972,0.2078,56.53,TIER_3_RESTRICTED_CAUTION,train
1112,1,0.9552,0.0852,0.8448,0.5883,0.1278,3.47,TIER_4_QUARANTINE_FRAUD,val
1113,1,0.9117,0.1198,0.8704,0.6567,0.1262,5.93,TIER_4_QUARANTINE_FRAUD,train
1114,1,0.903,0.1605,0.8732,0.6548,0.0369,8.17,TIER_4_QUARANTINE_FRAUD,train
1115,0,0.0245,0.9227,0.9273,0.7933,0.9655,90.58,TIER_1_VERIFIED_SAFE,val
1116,0,0.2137,0.7667,0.9286,0.7934,0.1158,56.18,TIER_3_RESTRICTED_CAUTION,train
1117,1,0.7559,0.2443,0.8579,0.5645,0.1332,15.67,TIER_4_QUARANTINE_FRAUD,val
1118,0,0.1634,0.8123,0.9006,0.7561,0.4992,69.75,TIER_2_STANDARD_TRUST,train
1119,1,0.8466,0.1744,0.8265,0.5009,0.1113,8.73,TIER_4_QUARANTINE_FRAUD,train
1120,0,0.4596,0.4628,0.9067,0.8345,0.1849,50.28,TIER_3_RESTRICTED_CAUTION,train
1121,0,0.3057,0.6063,0.922,0.7679,0.4986,64.06,TIER_3_RESTRICTED_CAUTION,train
1122,0,0.0706,0.7515,0.8932,0.8243,0.1396,56.97,TIER_3_RESTRICTED_CAUTION,train
1123,0,0.0041,0.8132,0.9235,0.8844,0.1059,59.45,TIER_3_RESTRICTED_CAUTION,train
1124,0,0.2909,0.5997,0.8172,0.4157,0.1147,40.57,TIER_4_QUARANTINE_FRAUD,test
1125,0,0.4954,0.4305,0.8537,0.7121,0.1247,41.18,TIER_4_QUARANTINE_FRAUD,test
1126,0,0.0124,0.804,0.8309,0.7969,0.1288,56.86,TIER_3_RESTRICTED_CAUTION,val
1127,0,0.4907,0.4386,0.8728,0.7322,0.0962,42.12,TIER_4_QUARANTINE_FRAUD,train
1128,1,0.8624,0.1603,0.8793,0.4586,0.1198,7.65,TIER_4_QUARANTINE_FRAUD,train
1129,0,0.5951,0.4892,0.881,0.6739,0.1796,46.62,TIER_3_RESTRICTED_CAUTION,train
1130,0,0.4905,0.4448,0.8687,0.911,0.1846,50.5,TIER_3_RESTRICTED_CAUTION,train
1131,0,0.5224,0.441,0.9056,0.6145,0.4226,51.09,TIER_3_RESTRICTED_CAUTION,train
1132,0,0.0012,0.8069,0.9101,0.8788,0.1075,59.04,TIER_3_RESTRICTED_CAUTION,train
1133,0,0.035,0.7836,0.8777,0.8184,0.1242,57.09,TIER_3_RESTRICTED_CAUTION,train
1134,0,0.0269,0.9209,0.9054,0.7415,0.4696,71.65,TIER_2_STANDARD_TRUST,test
1135,0,0.0056,0.9119,0.9225,0.9989,0.0899,64.7,TIER_3_RESTRICTED_CAUTION,val
1136,1,0.9431,0.0548,0.8507,0.5337,0.1182,1.79,TIER_4_QUARANTINE_FRAUD,test
1137,0,0.7579,0.2612,0.9271,0.7468,0.4516,25.43,TIER_4_QUARANTINE_FRAUD,val
1138,0,0.7846,0.3253,0.8955,0.6821,0.4255,33.23,TIER_4_QUARANTINE_FRAUD,val
1139,0,0.0348,0.8963,0.8866,0.7564,0.2548,63.59,TIER_3_RESTRICTED_CAUTION,val
1140,1,0.463,0.4652,0.9003,1.0,0.5321,66.59,TIER_2_STANDARD_TRUST,val
1141,0,0.0061,0.9054,0.9263,0.7744,0.4902,72.94,TIER_2_STANDARD_TRUST,val
1142,0,0.2829,0.5938,0.8712,0.7068,0.1371,49.0,TIER_3_RESTRICTED_CAUTION,train
1143,0,0.0163,0.9225,0.8836,0.8208,0.9779,91.26,TIER_1_VERIFIED_SAFE,train
1144,0,0.1012,0.7298,0.8908,0.6941,0.1126,52.1,TIER_3_RESTRICTED_CAUTION,val
1145,0,0.02,0.9084,0.9046,0.6262,0.558,71.48,TIER_2_STANDARD_TRUST,train
1146,1,0.4392,0.4817,0.872,0.7497,0.1507,47.19,TIER_3_RESTRICTED_CAUTION,test
1147,0,0.03,0.8884,0.9091,0.78,0.0766,57.93,TIER_3_RESTRICTED_CAUTION,test
1148,0,0.8557,0.1917,0.9159,0.3331,0.0184,7.88,TIER_4_QUARANTINE_FRAUD,train
1149,1,0.9453,0.111,0.8872,1.0,0.55,9.15,TIER_4_QUARANTINE_FRAUD,train
1150,0,0.044,0.7742,0.922,0.7779,0.0938,55.18,TIER_3_RESTRICTED_CAUTION,train
1151,0,0.7334,0.3859,0.9022,0.2475,0.4235,34.08,TIER_4_QUARANTINE_FRAUD,train
1152,0,0.0142,0.9269,0.9262,0.7391,0.0936,58.82,TIER_3_RESTRICTED_CAUTION,train
1153,1,0.9815,0.0488,0.7468,0.4815,0.1171,1.4,TIER_4_QUARANTINE_FRAUD,train
1154,0,0.1421,0.7051,0.8525,0.6921,0.13,51.53,TIER_3_RESTRICTED_CAUTION,train
1155,1,0.5508,0.3903,0.8959,1.0,0.1197,41.44,TIER_4_QUARANTINE_FRAUD,test
1156,1,0.7822,0.218,0.7867,0.1992,0.0136,7.74,TIER_4_QUARANTINE_FRAUD,train
1157,0,0.3102,0.612,0.9052,0.7517,0.1327,50.85,TIER_3_RESTRICTED_CAUTION,train
1158,0,0.0011,0.8191,0.9031,0.8947,0.0083,56.26,TIER_3_RESTRICTED_CAUTION,train
1159,1,0.524,0.4347,0.9084,0.4425,0.023,32.5,TIER_4_QUARANTINE_FRAUD,test
1160,0,0.0219,0.7918,0.8461,0.747,0.1161,54.95,TIER_3_RESTRICTED_CAUTION,train
1161,0,0.0693,0.7515,0.8755,0.78,0.1388,55.66,TIER_3_RESTRICTED_CAUTION,train
1162,0,0.475,0.4153,0.8352,0.8413,0.1511,42.46,TIER_4_QUARANTINE_FRAUD,train
1163,0,0.0452,0.8911,0.9238,0.7895,0.4641,71.95,TIER_2_STANDARD_TRUST,train
1164,1,0.9608,0.0872,0.9067,0.5074,0.1065,3.33,TIER_4_QUARANTINE_FRAUD,train
1165,0,0.0117,0.7954,0.8617,0.8112,0.1156,56.8,TIER_3_RESTRICTED_CAUTION,train
1166,0,0.0048,0.9262,0.9262,0.8778,0.4333,74.16,TIER_2_STANDARD_TRUST,train
1167,0,0.0271,0.7835,0.8501,0.7561,0.097,54.3,TIER_3_RESTRICTED_CAUTION,val
1168,1,0.7577,0.2361,0.7382,0.6808,0.1085,15.25,TIER_4_QUARANTINE_FRAUD,train
1169,0,0.1002,0.7304,0.8638,0.8425,0.1454,56.7,TIER_3_RESTRICTED_CAUTION,train
1170,0,0.0195,0.9022,0.9013,0.6932,0.528,71.89,TIER_2_STANDARD_TRUST,train
1171,0,0.0025,0.9206,0.8833,0.7499,0.206,62.41,TIER_3_RESTRICTED_CAUTION,test
1172,0,0.1017,0.7464,0.9387,0.6934,0.9707,83.09,TIER_1_VERIFIED_SAFE,train
1173,0,0.2024,0.6524,0.889,0.8532,0.105,53.47,TIER_3_RESTRICTED_CAUTION,test
1174,0,0.0024,0.8297,0.9391,0.8776,0.4186,70.87,TIER_2_STANDARD_TRUST,train
1175,1,0.9435,0.1157,0.8904,1.0,0.1512,7.3,TIER_4_QUARANTINE_FRAUD,test
1176,0,0.0194,0.9267,0.8683,0.8395,0.538,76.3,TIER_2_STANDARD_TRUST,test
1177,0,0.0027,0.9367,0.926,0.8575,0.4483,74.49,TIER_2_STANDARD_TRUST,test
1178,0,0.3182,0.5744,0.9309,0.9893,0.2119,58.69,TIER_3_RESTRICTED_CAUTION,train
1179,1,0.5754,0.3265,0.8272,0.5704,0.1207,24.09,TIER_4_QUARANTINE_FRAUD,train
1180,0,0.2143,0.6701,0.9249,0.7683,0.4806,65.38,TIER_2_STANDARD_TRUST,train
1181,0,0.0069,0.8361,0.9268,0.7899,0.4786,70.85,TIER_2_STANDARD_TRUST,train
1182,0,0.0561,0.7651,0.868,0.8211,0.1259,56.56,TIER_3_RESTRICTED_CAUTION,train
1183,0,0.0134,0.8281,0.9267,0.4836,0.0232,47.01,TIER_3_RESTRICTED_CAUTION,train
1184,0,0.0019,0.8192,0.9191,0.8585,0.477,71.92,TIER_2_STANDARD_TRUST,test
1185,1,0.6157,0.3609,0.8987,0.8416,0.4795,43.27,TIER_4_QUARANTINE_FRAUD,test
1186,0,0.5287,0.5372,0.914,0.7763,0.4868,61.7,TIER_3_RESTRICTED_CAUTION,train
1187,0,0.074,0.7478,0.873,0.8335,0.143,57.01,TIER_3_RESTRICTED_CAUTION,train
1188,1,0.9012,0.1274,0.839,0.2914,0.0271,3.96,TIER_4_QUARANTINE_FRAUD,test
1189,1,0.8677,0.1637,0.8943,1.0,0.0733,11.12,TIER_4_QUARANTINE_FRAUD,train
1190,0,0.887,0.1413,0.8701,0.7162,0.0947,7.58,TIER_4_QUARANTINE_FRAUD,test
1191,0,0.7148,0.2685,0.8709,0.7067,0.1034,19.45,TIER_4_QUARANTINE_FRAUD,train
1192,1,0.9285,0.1084,0.8898,1.0,0.55,8.86,TIER_4_QUARANTINE_FRAUD,val
1193,0,0.7626,0.2591,0.8684,0.8198,0.1507,20.6,TIER_4_QUARANTINE_FRAUD,train
1194,0,0.9331,0.1102,0.9054,0.4745,0.1078,4.49,TIER_4_QUARANTINE_FRAUD,train
1195,1,0.9404,0.0781,0.8155,0.598,0.1053,2.99,TIER_4_QUARANTINE_FRAUD,test
1196,0,0.0182,0.8166,0.9008,0.7791,0.1663,58.81,TIER_3_RESTRICTED_CAUTION,train
1197,0,0.3892,0.6378,0.874,0.6438,0.4995,61.45,TIER_3_RESTRICTED_CAUTION,train
1198,0,0.9193,0.2508,0.8543,0.8564,0.5232,26.09,TIER_4_QUARANTINE_FRAUD,train
1199,0,0.0064,0.8025,0.9317,0.7612,0.1006,55.94,TIER_3_RESTRICTED_CAUTION,test
1200,0,0.5232,0.5185,0.8992,0.7862,0.1482,49.39,TIER_3_RESTRICTED_CAUTION,train
1201,1,0.5518,0.427,0.8932,0.7872,0.1424,43.35,TIER_4_QUARANTINE_FRAUD,train
1202,0,0.0514,0.7664,0.8615,0.8696,0.1586,58.9,TIER_3_RESTRICTED_CAUTION,test
1203,0,0.0005,0.8059,0.9311,0.912,0.1316,60.89,TIER_3_RESTRICTED_CAUTION,train
1204,1,0.7332,0.2664,0.8992,0.6375,0.1131,18.66,TIER_4_QUARANTINE_FRAUD,train
1205,0,0.0859,0.8696,0.9089,0.8892,0.4332,72.57,TIER_2_STANDARD_TRUST,train
1206,1,0.5227,0.4256,0.8435,0.5874,0.1093,36.93,TIER_4_QUARANTINE_FRAUD,train
1207,0,0.0178,0.7968,0.9207,0.7209,0.4796,67.92,TIER_2_STANDARD_TRUST,train
1208,0,0.8497,0.1932,0.7681,0.6039,0.1401,11.15,TIER_4_QUARANTINE_FRAUD,test
1209,0,0.0079,0.9363,0.9261,0.8822,0.4565,75.38,TIER_2_STANDARD_TRUST,train
1210,1,0.8093,0.2036,0.8463,0.5604,0.1056,11.51,TIER_4_QUARANTINE_FRAUD,test
1211,0,0.1054,0.8588,0.8899,0.8416,0.0773,58.41,TIER_3_RESTRICTED_CAUTION,val
1212,0,0.1413,0.7072,0.8817,0.7479,0.1021,52.31,TIER_3_RESTRICTED_CAUTION,train
1213,0,0.0026,0.8037,0.9128,0.8451,0.1604,59.98,TIER_3_RESTRICTED_CAUTION,train
1214,0,0.5256,0.4271,0.8782,0.7976,0.4417,53.25,TIER_3_RESTRICTED_CAUTION,train
1215,0,0.039,0.7747,0.8744,0.9733,0.1451,61.4,TIER_3_RESTRICTED_CAUTION,train
1216,0,0.5782,0.3757,0.8639,0.7737,0.113,34.17,TIER_4_QUARANTINE_FRAUD,train
1217,0,0.0436,0.7766,0.9252,0.764,0.0796,54.44,TIER_3_RESTRICTED_CAUTION,test
1218,0,0.0802,0.7801,0.8836,0.712,0.4786,66.79,TIER_2_STANDARD_TRUST,test
1219,0,0.0121,0.8004,0.9212,0.8162,0.1183,57.77,TIER_3_RESTRICTED_CAUTION,test
1220,0,0.7737,0.2477,0.896,0.7028,0.0684,16.73,TIER_4_QUARANTINE_FRAUD,train
1221,1,0.9607,0.1057,0.8466,0.6529,0.1341,4.97,TIER_4_QUARANTINE_FRAUD,train
1222,0,0.5564,0.386,0.8285,0.741,0.1005,34.33,TIER_4_QUARANTINE_FRAUD,train
1223,0,0.0597,0.7931,0.8903,0.7936,0.477,69.23,TIER_2_STANDARD_TRUST,train
1224,1,0.9319,0.1327,0.8772,0.5775,0.1188,6.41,TIER_4_QUARANTINE_FRAUD,train
1225,0,0.0047,0.9137,0.8958,0.7006,0.1354,58.62,TIER_3_RESTRICTED_CAUTION,train
1226,0,0.2178,0.7744,0.9172,0.7434,0.9674,84.85,TIER_1_VERIFIED_SAFE,val
1227,0,0.3498,0.5461,0.9267,0.8931,0.1667,53.81,TIER_3_RESTRICTED_CAUTION,test
1228,0,0.0009,0.9176,0.9205,0.8458,0.1312,62.47,TIER_3_RESTRICTED_CAUTION,train
1229,1,0.8428,0.1833,0.8654,0.5542,0.4568,13.69,TIER_4_QUARANTINE_FRAUD,train
1230,0,0.4058,0.5136,0.8644,0.6624,0.1216,44.87,TIER_4_QUARANTINE_FRAUD,test
1231,0,0.0052,0.8314,0.9143,0.597,0.1396,53.9,TIER_3_RESTRICTED_CAUTION,test
1232,0,0.097,0.7338,0.9058,0.9485,0.1125,58.72,TIER_3_RESTRICTED_CAUTION,train
1233,0,0.023,0.9124,0.9051,0.7375,0.6519,77.68,TIER_2_STANDARD_TRUST,train
1234,0,0.0081,0.8003,0.9259,0.7586,0.1091,56.05,TIER_3_RESTRICTED_CAUTION,train
1235,0,0.2606,0.6091,0.8886,0.895,0.1673,55.39,TIER_3_RESTRICTED_CAUTION,test
1236,0,0.0026,0.8215,0.9362,0.6924,0.178,57.55,TIER_3_RESTRICTED_CAUTION,train
1237,0,0.3002,0.6033,0.8579,0.6113,0.4377,57.28,TIER_3_RESTRICTED_CAUTION,test
1238,0,0.9624,0.0336,0.8073,0.89,0.166,1.27,TIER_4_QUARANTINE_FRAUD,val
1239,0,0.2595,0.6137,0.9215,0.6903,0.1042,48.53,TIER_3_RESTRICTED_CAUTION,train
1240,1,0.9718,0.0331,0.7499,0.4935,0.1219,0.84,TIER_4_QUARANTINE_FRAUD,train
1241,1,0.9147,0.0895,0.8885,0.8708,0.0965,4.5,TIER_4_QUARANTINE_FRAUD,val
1242,1,0.9122,0.1216,0.8542,0.5434,0.11,5.41,TIER_4_QUARANTINE_FRAUD,train
1243,0,0.002,0.8372,0.9504,0.7125,0.4674,68.79,TIER_2_STANDARD_TRUST,train
1244,0,0.003,0.8349,0.8987,0.6962,0.1083,55.23,TIER_3_RESTRICTED_CAUTION,train
1245,1,0.8323,0.1849,0.7921,0.5051,0.1665,10.04,TIER_4_QUARANTINE_FRAUD,train
1246,0,0.2943,0.6,0.9068,0.6252,0.1329,47.35,TIER_3_RESTRICTED_CAUTION,test
1247,1,0.8892,0.1385,0.8529,0.3528,0.0284,4.86,TIER_4_QUARANTINE_FRAUD,train
1248,0,0.0069,0.9272,0.9421,0.7493,0.0528,57.82,TIER_3_RESTRICTED_CAUTION,train
1249,1,0.9228,0.1163,0.8577,0.503,0.152,5.16,TIER_4_QUARANTINE_FRAUD,train
1250,0,0.0008,0.9169,0.9103,0.7159,0.465,70.78,TIER_2_STANDARD_TRUST,train
1251,0,0.0068,0.9063,0.935,0.9296,0.0265,60.7,TIER_3_RESTRICTED_CAUTION,train
1252,0,0.0256,0.8126,0.8369,0.9217,0.4561,71.75,TIER_2_STANDARD_TRUST,train
1253,0,0.1505,0.8143,0.9216,0.7761,0.5565,72.53,TIER_2_STANDARD_TRUST,train
1254,0,0.0037,0.9382,0.9378,0.9027,0.4272,75.04,TIER_2_STANDARD_TRUST,train
1255,0,0.0338,0.8074,0.9251,0.6895,0.462,66.88,TIER_2_STANDARD_TRUST,test
1256,0,0.048,0.8901,0.9185,0.68,0.534,71.58,TIER_2_STANDARD_TRUST,val
1257,1,0.9508,0.1064,0.8524,0.6455,0.1595,5.13,TIER_4_QUARANTINE_FRAUD,train
1258,1,0.8719,0.1586,0.8438,0.6267,0.428,11.3,TIER_4_QUARANTINE_FRAUD,val
1259,1,0.9514,0.0886,0.7753,0.55,0.128,3.46,TIER_4_QUARANTINE_FRAUD,train
1260,0,0.3111,0.6081,0.8734,0.7699,0.4879,63.3,TIER_3_RESTRICTED_CAUTION,train
1261,1,0.9489,0.0946,0.8448,0.5536,0.1334,3.93,TIER_4_QUARANTINE_FRAUD,train
1262,0,0.005,0.8258,0.9355,0.7975,0.1093,57.89,TIER_3_RESTRICTED_CAUTION,train
1263,0,0.0567,0.766,0.8961,0.7429,0.0452,52.1,TIER_3_RESTRICTED_CAUTION,test
1264,0,0.0049,0.9207,0.93,0.877,0.4294,73.87,TIER_2_STANDARD_TRUST,test
1265,0,0.0414,0.781,0.9123,0.8361,0.1574,58.96,TIER_3_RESTRICTED_CAUTION,test
1266,0,0.8034,0.219,0.8365,0.6989,0.1601,14.9,TIER_4_QUARANTINE_FRAUD,test
1267,0,0.0159,0.7917,0.8964,0.7748,0.1127,56.03,TIER_3_RESTRICTED_CAUTION,train
1268,1,0.6569,0.2612,0.8168,0.6286,0.1219,17.74,TIER_4_QUARANTINE_FRAUD,train
1269,0,0.1937,0.6659,0.8633,0.6312,0.0276,45.36,TIER_3_RESTRICTED_CAUTION,val
1270,0,0.0041,0.9021,0.9182,0.8999,0.1443,63.79,TIER_3_RESTRICTED_CAUTION,train
1271,0,0.9145,0.1185,0.8226,0.2239,0.0164,3.17,TIER_4_QUARANTINE_FRAUD,test
1272,0,0.0054,0.9027,0.8849,0.8743,0.1185,61.93,TIER_3_RESTRICTED_CAUTION,train
1273,0,0.5492,0.4284,0.8842,0.9089,0.4932,57.86,TIER_3_RESTRICTED_CAUTION,train
1274,0,0.011,0.8985,0.9266,0.7188,0.0937,57.47,TIER_3_RESTRICTED_CAUTION,train
1275,0,0.2281,0.6346,0.862,0.5337,0.1012,44.54,TIER_4_QUARANTINE_FRAUD,test
1276,1,0.8748,0.1511,0.8283,0.6417,0.104,7.86,TIER_4_QUARANTINE_FRAUD,train
1277,1,0.8735,0.1515,0.8826,0.6467,0.1181,8.18,TIER_4_QUARANTINE_FRAUD,test
1278,0,0.6714,0.3039,0.8479,0.7993,0.1409,25.52,TIER_4_QUARANTINE_FRAUD,train
1279,1,0.9521,0.1203,0.8249,1.0,0.1719,7.72,TIER_4_QUARANTINE_FRAUD,train
1280,0,0.0032,0.8399,0.9109,0.9028,0.1029,60.48,TIER_3_RESTRICTED_CAUTION,train
1281,1,0.8425,0.1701,0.8968,0.5664,0.0372,8.34,TIER_4_QUARANTINE_FRAUD,test
1282,0,0.8711,0.1533,0.8673,0.6449,0.1007,8.12,TIER_4_QUARANTINE_FRAUD,train
1283,0,0.7865,0.2397,0.847,0.7059,0.0614,15.63,TIER_4_QUARANTINE_FRAUD,train
1284,0,0.1076,0.7625,0.8786,0.7837,0.1205,55.47,TIER_3_RESTRICTED_CAUTION,test
1285,0,0.7065,0.2771,0.91,0.2832,0.05,13.98,TIER_4_QUARANTINE_FRAUD,val
1286,1,0.9357,0.1046,0.8358,0.6182,0.0997,4.57,TIER_4_QUARANTINE_FRAUD,train
1287,0,0.8042,0.2293,0.92,0.5019,0.0217,12.23,TIER_4_QUARANTINE_FRAUD,test
1288,0,0.7775,0.1712,0.7963,0.7565,0.1402,10.51,TIER_4_QUARANTINE_FRAUD,test
1289,1,0.4924,0.4588,0.8553,0.7134,0.1173,44.26,TIER_4_QUARANTINE_FRAUD,train
1290,0,0.9694,0.11,0.9169,0.4857,0.0241,4.08,TIER_4_QUARANTINE_FRAUD,train
1291,0,0.3157,0.5669,0.8764,0.7401,0.0913,47.47,TIER_3_RESTRICTED_CAUTION,test
1292,1,0.9251,0.1077,0.861,0.7926,0.0525,5.22,TIER_4_QUARANTINE_FRAUD,train
1293,0,0.0102,0.7954,0.8654,0.7619,0.1128,55.51,TIER_3_RESTRICTED_CAUTION,test
1294,0,0.0213,0.7949,0.9202,0.8459,0.0387,55.55,TIER_3_RESTRICTED_CAUTION,train
1295,0,0.0683,0.7656,0.9255,0.7755,0.0156,52.15,TIER_3_RESTRICTED_CAUTION,train
1296,1,0.9395,0.0997,0.8746,0.995,0.1486,5.89,TIER_4_QUARANTINE_FRAUD,test
1297,1,0.7636,0.2601,0.8882,1.0,0.5391,29.69,TIER_4_QUARANTINE_FRAUD,test
1298,0,0.1917,0.7892,0.8091,0.89,0.646,76.63,TIER_2_STANDARD_TRUST,train
1299,0,0.0682,0.7791,0.8997,0.8034,0.55,71.71,TIER_2_STANDARD_TRUST,test
1300,0,0.504,0.4541,0.8179,0.8022,0.122,46.13,TIER_3_RESTRICTED_CAUTION,train
1301,0,0.0079,0.8134,0.8952,0.8022,0.1757,59.56,TIER_3_RESTRICTED_CAUTION,train
1302,1,0.7723,0.225,0.8333,0.6043,0.0669,13.21,TIER_4_QUARANTINE_FRAUD,train
1303,1,0.8636,0.1669,0.8363,0.6455,0.0373,8.49,TIER_4_QUARANTINE_FRAUD,test
1304,0,0.605,0.3086,0.8602,0.7532,0.1193,25.03,TIER_4_QUARANTINE_FRAUD,val
1305,0,0.72,0.2816,0.9083,0.7167,0.5359,29.46,TIER_4_QUARANTINE_FRAUD,train
1306,0,0.4127,0.4983,0.8194,0.6965,0.145,45.63,TIER_3_RESTRICTED_CAUTION,train
1307,0,0.0064,0.9888,0.9258,0.8239,0.4465,75.15,TIER_2_STANDARD_TRUST,train
1308,1,0.4394,0.4757,0.8738,0.5954,0.109,41.71,TIER_4_QUARANTINE_FRAUD,train
1309,1,0.9444,0.1038,0.8905,0.75,0.1078,5.13,TIER_4_QUARANTINE_FRAUD,train
1310,1,0.952,0.1084,0.826,1.0,0.0902,6.23,TIER_4_QUARANTINE_FRAUD,train
1311,0,0.0184,0.7947,0.8714,0.7839,0.1174,56.26,TIER_3_RESTRICTED_CAUTION,test
1312,0,0.0536,0.7629,0.9077,0.9538,0.2001,62.81,TIER_3_RESTRICTED_CAUTION,val
1313,0,0.0024,0.8089,0.9125,0.713,0.4524,67.05,TIER_2_STANDARD_TRUST,train
1314,1,0.9251,0.1364,0.8678,1.0,0.4507,11.35,TIER_4_QUARANTINE_FRAUD,test
1315,0,0.1009,0.7311,0.8608,0.7539,0.1274,53.85,TIER_3_RESTRICTED_CAUTION,val
1316,0,0.0124,0.7948,0.9014,0.7691,0.1215,56.34,TIER_3_RESTRICTED_CAUTION,test
1317,0,0.0066,0.8016,0.9364,0.8212,0.1029,57.54,TIER_3_RESTRICTED_CAUTION,test
1318,0,0.2381,0.742,0.8886,0.8645,0.0494,54.49,TIER_3_RESTRICTED_CAUTION,val
1319,0,0.1839,0.8032,0.9316,0.8029,0.5012,71.02,TIER_2_STANDARD_TRUST,train
1320,0,0.0149,0.9134,0.9194,0.7864,0.9648,90.02,TIER_1_VERIFIED_SAFE,train
1321,0,0.0124,0.7947,0.8881,0.7114,0.0992,53.98,TIER_3_RESTRICTED_CAUTION,val
1322,0,0.0141,0.8004,0.8744,0.7238,0.0986,54.3,TIER_3_RESTRICTED_CAUTION,train
1323,0,0.0106,0.7988,0.9155,0.6803,0.0341,51.32,TIER_3_RESTRICTED_CAUTION,train
1324,0,0.0619,0.7766,0.8658,0.7867,0.1203,55.84,TIER_3_RESTRICTED_CAUTION,train
1325,1,0.8601,0.183,0.8137,0.7919,0.4589,15.36,TIER_4_QUARANTINE_FRAUD,train
1326,0,0.1585,0.6868,0.8578,0.8086,0.1363,54.17,TIER_3_RESTRICTED_CAUTION,test
1327,0,0.9176,0.1158,0.8351,0.4976,0.1163,4.85,TIER_4_QUARANTINE_FRAUD,train
1328,1,0.9408,0.1077,0.7966,0.8011,0.1446,5.66,TIER_4_QUARANTINE_FRAUD,train
1329,1,0.9111,0.1193,0.8254,0.632,0.072,5.37,TIER_4_QUARANTINE_FRAUD,train
1330,0,0.003,0.9064,0.9033,0.9067,0.1168,62.98,TIER_3_RESTRICTED_CAUTION,train
1331,1,0.896,0.1467,0.8537,0.6438,0.1004,7.58,TIER_4_QUARANTINE_FRAUD,train
1332,0,0.058,0.7645,0.9185,0.7566,0.0969,54.43,TIER_3_RESTRICTED_CAUTION,test
1333,0,0.0014,0.8007,0.9138,0.9068,0.1087,59.63,TIER_3_RESTRICTED_CAUTION,train
1334,0,0.8464,0.1195,0.8959,1.0,0.1601,7.7,TIER_4_QUARANTINE_FRAUD,val
1335,0,0.3473,0.5736,0.9083,0.7071,0.1195,48.15,TIER_3_RESTRICTED_CAUTION,train
1336,1,0.8507,0.1668,0.8268,0.6774,0.0846,9.13,TIER_4_QUARANTINE_FRAUD,test
1337,0,0.8239,0.1868,0.9158,0.6805,0.1668,11.99,TIER_4_QUARANTINE_FRAUD,train
1338,0,0.7235,0.265,0.9079,0.5547,0.0443,16.3,TIER_4_QUARANTINE_FRAUD,val
1339,0,0.6997,0.2301,0.8459,0.7072,0.1265,15.66,TIER_4_QUARANTINE_FRAUD,train
1340,0,0.0083,0.8008,0.9012,0.8952,0.163,61.12,TIER_3_RESTRICTED_CAUTION,train
1341,0,0.0487,0.7977,0.9044,0.8376,0.4598,70.01,TIER_2_STANDARD_TRUST,test
1342,0,0.2375,0.6122,0.9024,0.7487,0.4948,63.43,TIER_3_RESTRICTED_CAUTION,val
1343,0,0.6145,0.3739,0.8384,0.7128,0.5349,44.13,TIER_4_QUARANTINE_FRAUD,train
1344,1,0.9224,0.1188,0.7894,0.97,0.0206,6.45,TIER_4_QUARANTINE_FRAUD,train
1345,0,0.5717,0.4079,0.8555,0.8425,0.1479,41.39,TIER_4_QUARANTINE_FRAUD,train
1346,0,0.0045,0.9672,0.9187,0.8928,0.4534,76.39,TIER_2_STANDARD_TRUST,train
1347,0,0.3239,0.567,0.8411,0.8236,0.1368,50.8,TIER_3_RESTRICTED_CAUTION,train
1348,1,0.8418,0.3095,0.8349,0.5897,0.1006,22.07,TIER_4_QUARANTINE_FRAUD,train
1349,0,0.0707,0.8852,0.9095,0.8383,0.9581,90.14,TIER_1_VERIFIED_SAFE,test
1350,0,0.5441,0.5301,0.8943,0.6848,0.5488,61.18,TIER_3_RESTRICTED_CAUTION,train
1351,1,0.9765,0.084,0.8738,1.0,0.0552,4.31,TIER_4_QUARANTINE_FRAUD,train
1352,0,0.1498,0.7327,0.9215,0.6792,0.5028,65.78,TIER_2_STANDARD_TRUST,train
1353,1,0.8686,0.1606,0.8268,0.7792,0.1242,9.67,TIER_4_QUARANTINE_FRAUD,val
1354,1,0.9859,0.0346,0.8331,0.5633,0.1011,0.96,TIER_4_QUARANTINE_FRAUD,train
1355,1,0.0053,0.7502,0.8932,0.717,0.1184,53.51,TIER_3_RESTRICTED_CAUTION,test
1356,0,0.0422,0.777,0.8624,0.8414,0.1252,57.35,TIER_3_RESTRICTED_CAUTION,test
1357,0,0.0907,0.7655,0.8775,0.8043,0.4305,66.92,TIER_2_STANDARD_TRUST,test
1358,0,0.0008,0.9096,0.919,0.8398,0.4666,73.81,TIER_2_STANDARD_TRUST,train
1359,0,0.0693,0.7803,0.906,0.7925,0.4822,69.16,TIER_2_STANDARD_TRUST,train
1360,1,0.1731,0.6743,0.8313,0.696,0.1271,50.39,TIER_3_RESTRICTED_CAUTION,train
1361,0,0.0136,0.8018,0.9231,0.7624,0.1255,56.74,TIER_3_RESTRICTED_CAUTION,val
1362,0,0.4517,0.466,0.8684,0.8493,0.1547,49.31,TIER_3_RESTRICTED_CAUTION,test
1363,0,0.0092,0.8097,0.9235,0.7446,0.1525,57.48,TIER_3_RESTRICTED_CAUTION,test
1364,1,0.7227,0.278,0.9008,0.6213,0.0553,18.62,TIER_4_QUARANTINE_FRAUD,train
1365,0,0.4757,0.4489,0.8506,0.7046,0.1287,43.95,TIER_4_QUARANTINE_FRAUD,train
1366,0,0.0225,0.9193,0.9306,0.7517,0.5007,73.2,TIER_2_STANDARD_TRUST,test
1367,0,0.0151,0.9101,0.9136,0.7172,0.4362,69.64,TIER_2_STANDARD_TRUST,test
1368,0,0.2146,0.7467,0.8791,0.7881,0.1237,55.22,TIER_3_RESTRICTED_CAUTION,train
1369,0,0.3827,0.5176,0.8922,0.9091,0.1631,52.89,TIER_3_RESTRICTED_CAUTION,train
1370,0,0.0854,0.842,0.8778,0.6997,0.1009,55.06,TIER_3_RESTRICTED_CAUTION,val
1371,0,0.4733,0.4569,0.9005,1.0,0.2226,55.5,TIER_3_RESTRICTED_CAUTION,train
1372,0,0.0323,0.7826,0.9066,0.7408,0.0958,54.42,TIER_3_RESTRICTED_CAUTION,train
1373,0,0.2177,0.771,0.9354,0.7741,0.1471,56.99,TIER_3_RESTRICTED_CAUTION,train
1374,0,0.0604,0.7905,0.903,0.8858,0.4342,70.08,TIER_2_STANDARD_TRUST,train
1375,0,0.6678,0.3399,0.8993,0.6496,0.5096,36.98,TIER_4_QUARANTINE_FRAUD,train
1376,0,0.4817,0.4844,0.9004,0.7476,0.1858,48.73,TIER_3_RESTRICTED_CAUTION,train
1377,0,0.8159,0.2256,0.8511,0.8431,0.143,16.85,TIER_4_QUARANTINE_FRAUD,train
1378,0,0.0815,0.7523,0.8651,0.7921,0.1092,54.84,TIER_3_RESTRICTED_CAUTION,train
1379,0,0.2648,0.6407,0.8321,0.8012,0.1469,52.71,TIER_3_RESTRICTED_CAUTION,train
1380,1,0.5635,0.3806,0.776,0.281,0.0361,22.09,TIER_4_QUARANTINE_FRAUD,train
1381,1,0.8887,0.089,0.8232,0.5262,0.0467,3.12,TIER_4_QUARANTINE_FRAUD,train
1382,0,0.6582,0.3184,0.8359,0.6375,0.1096,24.04,TIER_4_QUARANTINE_FRAUD,train
1383,0,0.2494,0.644,0.9253,0.6698,0.4761,61.98,TIER_3_RESTRICTED_CAUTION,train
1384,0,0.9319,0.1074,0.8819,0.621,0.1025,4.84,TIER_4_QUARANTINE_FRAUD,val
1385,0,0.2123,0.6489,0.9036,0.9919,0.2821,63.18,TIER_3_RESTRICTED_CAUTION,val
1386,1,0.9094,0.1425,0.8446,0.7569,0.0396,7.41,TIER_4_QUARANTINE_FRAUD,train
1387,0,0.0692,0.8589,0.9157,0.848,0.0576,58.14,TIER_3_RESTRICTED_CAUTION,train
1388,1,0.8264,0.2071,0.8839,0.4358,0.1146,10.92,TIER_4_QUARANTINE_FRAUD,train
1389,1,0.9724,0.0959,0.9006,1.0,0.1318,5.56,TIER_4_QUARANTINE_FRAUD,train
1390,0,0.0021,0.8076,0.9186,0.9038,0.1118,59.92,TIER_3_RESTRICTED_CAUTION,train
1391,0,0.1036,0.7625,0.8534,0.6922,0.4331,63.87,TIER_3_RESTRICTED_CAUTION,train
1392,0,0.0014,0.8037,0.8801,0.8118,0.146,58.32,TIER_3_RESTRICTED_CAUTION,test
1393,0,0.0174,0.796,0.9553,0.8438,0.1201,58.73,TIER_3_RESTRICTED_CAUTION,train
1394,0,0.0013,0.939,0.9362,0.9306,0.4211,75.53,TIER_2_STANDARD_TRUST,train
1395,0,0.0054,0.9366,0.9018,0.6861,0.0518,56.08,TIER_3_RESTRICTED_CAUTION,test
1396,0,0.0037,0.8063,0.9138,0.8568,0.1042,58.39,TIER_3_RESTRICTED_CAUTION,val
1397,0,0.1778,0.6291,0.8174,0.8532,0.667,71.72,TIER_2_STANDARD_TRUST,train
1398,0,0.0084,0.8002,0.8666,0.7693,0.0988,55.36,TIER_3_RESTRICTED_CAUTION,train
1399,0,0.0384,0.9131,0.9233,0.7598,0.504,73.26,TIER_2_STANDARD_TRUST,train
1400,1,0.8832,0.1439,0.8526,0.5862,0.1322,7.3,TIER_4_QUARANTINE_FRAUD,train
1401,0,0.0078,0.812,0.923,0.8004,0.1118,57.51,TIER_3_RESTRICTED_CAUTION,train
1402,0,0.5029,0.4468,0.8673,0.8136,0.1162,46.06,TIER_3_RESTRICTED_CAUTION,test
1403,0,0.0052,0.802,0.8812,0.8123,0.1321,57.8,TIER_3_RESTRICTED_CAUTION,train
1404,0,0.0007,0.9209,0.9202,0.8376,0.4585,73.82,TIER_2_STANDARD_TRUST,train
1405,1,0.9175,0.0695,0.8954,0.7263,0.148,3.03,TIER_4_QUARANTINE_FRAUD,train
1406,0,0.5977,0.3642,0.9212,0.547,0.0365,26.66,TIER_4_QUARANTINE_FRAUD,train
1407,0,0.8532,0.1242,0.8065,0.6806,0.1068,6.11,TIER_4_QUARANTINE_FRAUD,train
1408,0,0.1027,0.7491,0.9106,0.6821,0.4433,64.15,TIER_3_RESTRICTED_CAUTION,train
1409,0,0.1015,0.8487,0.9258,0.7212,0.5459,71.86,TIER_2_STANDARD_TRUST,train
1410,0,0.2734,0.6103,0.8758,1.0,0.2374,60.38,TIER_3_RESTRICTED_CAUTION,test
1411,1,0.8818,0.1666,0.8993,0.7279,0.4753,13.42,TIER_4_QUARANTINE_FRAUD,train
1412,1,0.9346,0.1134,0.8247,0.5217,0.1152,4.79,TIER_4_QUARANTINE_FRAUD,train
1413,1,0.9511,0.1187,0.8951,0.4608,0.0234,4.39,TIER_4_QUARANTINE_FRAUD,train
1414,0,0.0044,0.801,0.8979,0.8324,0.1205,58.04,TIER_3_RESTRICTED_CAUTION,train
1415,0,0.7579,0.2725,0.9096,0.7301,0.458,26.86,TIER_4_QUARANTINE_FRAUD,train
1416,1,0.9851,0.0674,0.7883,0.3471,0.1174,1.92,TIER_4_QUARANTINE_FRAUD,val
1417,0,0.5502,0.3921,0.8521,0.8735,0.1362,39.21,TIER_4_QUARANTINE_FRAUD,train
1418,1,0.9801,0.0213,0.7573,0.5867,0.1033,0.5,TIER_4_QUARANTINE_FRAUD,val
1419,0,0.4703,0.5828,0.9143,0.7618,0.1197,49.86,TIER_3_RESTRICTED_CAUTION,train
1420,0,0.0387,0.7833,0.9106,0.7475,0.4351,66.52,TIER_2_STANDARD_TRUST,train
1421,0,0.279,0.6126,0.8531,0.7489,0.5511,64.92,TIER_3_RESTRICTED_CAUTION,train
1422,1,0.7666,0.3515,0.8532,0.5297,0.0453,24.59,TIER_4_QUARANTINE_FRAUD,train
1423,0,0.0197,0.8895,0.7152,0.7681,0.1357,57.79,TIER_3_RESTRICTED_CAUTION,test
1424,0,0.018,0.9172,0.9386,0.72,0.1162,58.97,TIER_3_RESTRICTED_CAUTION,train
1425,1,0.2278,0.7643,0.8481,0.2572,0.025,38.72,TIER_4_QUARANTINE_FRAUD,train
1426,1,0.9608,0.0415,0.8186,0.425,0.1069,1.07,TIER_4_QUARANTINE_FRAUD,train
1427,0,0.0974,0.7354,0.9005,0.8662,0.1613,58.37,TIER_3_RESTRICTED_CAUTION,train
1428,0,0.0008,0.8187,0.867,0.7583,0.4444,67.74,TIER_2_STANDARD_TRUST,train
1429,0,0.0029,0.8324,0.8867,0.8985,0.4173,70.91,TIER_2_STANDARD_TRUST,train
1430,1,0.4866,0.4391,0.8231,0.6226,0.0466,37.39,TIER_4_QUARANTINE_FRAUD,train
1431,1,0.5554,0.4083,0.876,0.2422,0.0314,24.82,TIER_4_QUARANTINE_FRAUD,train
1432,0,0.0041,0.7985,0.8793,0.8732,0.1127,58.52,TIER_3_RESTRICTED_CAUTION,test
1433,0,0.1098,0.7229,0.9431,0.5642,0.0201,45.93,TIER_3_RESTRICTED_CAUTION,train
1434,0,0.0627,0.7623,0.8712,0.6486,0.1006,51.32,TIER_3_RESTRICTED_CAUTION,train
1435,0,0.0156,0.8334,0.9295,0.8617,0.4238,70.67,TIER_2_STANDARD_TRUST,test
1436,0,0.0058,0.7981,0.9105,0.7045,0.0703,53.12,TIER_3_RESTRICTED_CAUTION,train
1437,1,0.8289,0.2098,0.8892,0.5457,0.1044,12.05,TIER_4_QUARANTINE_FRAUD,train
1438,0,0.0085,0.8059,0.8639,0.8373,0.1203,57.96,TIER_3_RESTRICTED_CAUTION,test
1439,0,0.035,0.7784,0.8894,0.6476,0.1044,52.09,TIER_3_RESTRICTED_CAUTION,train
1440,0,0.1776,0.6909,0.8681,0.8413,0.2353,58.68,TIER_3_RESTRICTED_CAUTION,train
1441,0,0.2075,0.6492,0.9059,0.8954,0.1283,55.41,TIER_3_RESTRICTED_CAUTION,train
1442,0,0.0035,0.9318,0.9156,0.7352,0.4371,70.79,TIER_2_STANDARD_TRUST,train
1443,0,0.6433,0.36,0.9239,0.7561,0.5225,42.82,TIER_4_QUARANTINE_FRAUD,test
1444,0,0.6334,0.3383,0.9331,0.8178,0.0682,29.2,TIER_4_QUARANTINE_FRAUD,train
1445,1,0.9435,0.1092,0.8127,0.6576,0.1092,5.02,TIER_4_QUARANTINE_FRAUD,train
1446,0,0.6471,0.3406,0.8422,0.7502,0.1175,28.9,TIER_4_QUARANTINE_FRAUD,train
1447,1,0.9578,0.0882,0.8531,0.6241,0.1039,3.66,TIER_4_QUARANTINE_FRAUD,train
1448,0,0.6198,0.356,0.8507,0.8183,0.0485,30.48,TIER_4_QUARANTINE_FRAUD,train
1449,0,0.0662,0.7566,0.8952,0.7939,0.1352,56.23,TIER_3_RESTRICTED_CAUTION,train
1450,0,0.0218,0.9043,0.929,0.7522,0.1057,58.92,TIER_3_RESTRICTED_CAUTION,train
1451,0,0.2567,0.7283,0.9006,0.7669,0.5194,68.21,TIER_2_STANDARD_TRUST,train
1452,1,0.8716,0.1303,0.7709,0.646,0.1315,6.46,TIER_4_QUARANTINE_FRAUD,train
1453,0,0.0365,0.897,0.8926,0.8224,0.4589,72.46,TIER_2_STANDARD_TRUST,train
1454,0,0.0166,0.91,0.9198,0.7752,0.4983,73.32,TIER_2_STANDARD_TRUST,val
1455,0,0.0514,0.7669,0.8727,0.8305,0.13,57.05,TIER_3_RESTRICTED_CAUTION,test
1456,0,0.5976,0.3544,0.808,0.655,0.1132,28.62,TIER_4_QUARANTINE_FRAUD,test
1457,0,0.2755,0.7067,0.8764,0.8295,0.466,67.01,TIER_2_STANDARD_TRUST,train
1458,0,0.0014,0.8032,0.9209,0.8583,0.1176,58.88,TIER_3_RESTRICTED_CAUTION,test
1459,0,0.7896,0.2144,0.8694,0.6467,0.0982,13.25,TIER_4_QUARANTINE_FRAUD,val
1460,0,0.9146,0.1198,0.6208,0.6368,0.1737,5.69,TIER_4_QUARANTINE_FRAUD,train
1461,0,0.0084,0.922,0.9264,0.8168,0.4466,72.98,TIER_2_STANDARD_TRUST,test
1462,0,0.006,0.8323,0.8658,0.8037,0.1085,57.52,TIER_3_RESTRICTED_CAUTION,test
1463,1,0.8007,0.2048,0.8103,0.2073,0.0387,7.47,TIER_4_QUARANTINE_FRAUD,test
1464,0,0.0186,0.7945,0.8999,0.796,0.1383,57.57,TIER_3_RESTRICTED_CAUTION,train
1465,0,0.2835,0.6167,0.9141,0.8486,0.1097,52.7,TIER_3_RESTRICTED_CAUTION,train
1466,0,0.4344,0.4809,0.876,0.725,0.0904,44.48,TIER_4_QUARANTINE_FRAUD,test
1467,0,0.0037,0.808,0.9129,0.8319,0.1414,59.11,TIER_3_RESTRICTED_CAUTION,train
1468,0,0.037,0.7822,0.8822,0.866,0.139,58.81,TIER_3_RESTRICTED_CAUTION,train
1469,0,0.6026,0.3545,0.8218,0.56,0.1196,27.16,TIER_4_QUARANTINE_FRAUD,train
1470,0,0.8098,0.2013,0.8956,0.6058,0.0332,11.0,TIER_4_QUARANTINE_FRAUD,train
1471,0,0.3915,0.5486,0.9131,0.8583,0.1474,52.21,TIER_3_RESTRICTED_CAUTION,train
1472,0,0.0041,0.827,0.9047,0.9151,0.422,71.51,TIER_2_STANDARD_TRUST,train
1473,0,0.0019,0.8026,0.9067,0.9172,0.147,61.22,TIER_3_RESTRICTED_CAUTION,val
1474,0,0.3773,0.5395,0.8965,0.8053,0.0809,48.12,TIER_3_RESTRICTED_CAUTION,test
1475,1,0.6176,0.3698,0.8675,0.3758,0.1281,26.07,TIER_4_QUARANTINE_FRAUD,train
1476,0,0.0594,0.8912,0.93,0.7711,0.9589,88.87,TIER_1_VERIFIED_SAFE,train
1477,1,0.5057,0.4329,0.7288,0.7527,0.131,41.53,TIER_4_QUARANTINE_FRAUD,train
1478,0,0.4761,0.5556,0.8496,0.6862,0.1017,45.88,TIER_3_RESTRICTED_CAUTION,train
1479,0,0.9303,0.1087,0.8428,0.6203,0.1497,5.12,TIER_4_QUARANTINE_FRAUD,train
1480,0,0.072,0.873,0.923,0.7786,0.9644,88.64,TIER_1_VERIFIED_SAFE,test
1481,0,0.4721,0.4262,0.8888,0.9964,0.2588,51.85,TIER_3_RESTRICTED_CAUTION,test
1482,0,0.1003,0.8644,0.9168,0.7711,0.5239,72.71,TIER_2_STANDARD_TRUST,train
1483,0,0.0415,0.7777,0.9125,0.7171,0.1037,54.01,TIER_3_RESTRICTED_CAUTION,train
1484,0,0.0631,0.7584,0.8914,0.7995,0.1483,56.84,TIER_3_RESTRICTED_CAUTION,train
1485,0,0.0022,0.8044,0.9093,0.6899,0.1495,55.7,TIER_3_RESTRICTED_CAUTION,train
1486,0,0.0461,0.8005,0.9225,0.7611,0.0449,53.84,TIER_3_RESTRICTED_CAUTION,train
1487,0,0.0636,0.8786,0.8685,0.828,0.5637,75.47,TIER_2_STANDARD_TRUST,train
1488,0,0.3406,0.5509,0.8754,0.6791,0.1075,46.02,TIER_3_RESTRICTED_CAUTION,train
1489,0,0.0936,0.7495,0.9005,0.7504,0.55,69.5,TIER_2_STANDARD_TRUST,train
1490,0,0.0431,0.9057,0.8939,0.8801,0.5432,77.12,TIER_2_STANDARD_TRUST,train
1491,0,0.6864,0.2878,0.7991,0.8946,0.1563,24.86,TIER_4_QUARANTINE_FRAUD,train
1492,0,0.0284,0.7838,0.9181,0.8426,0.2194,61.44,TIER_3_RESTRICTED_CAUTION,train
1493,0,0.8018,0.178,0.8335,0.7297,0.1355,10.98,TIER_4_QUARANTINE_FRAUD,train
1494,0,0.008,0.9801,0.9052,0.8566,0.4453,75.45,TIER_2_STANDARD_TRUST,train
1495,0,0.6301,0.3675,0.8962,0.3816,0.4419,34.58,TIER_4_QUARANTINE_FRAUD,train
1496,0,0.8492,0.1881,0.9015,0.4749,0.0233,8.8,TIER_4_QUARANTINE_FRAUD,train
1497,0,0.0103,0.9005,0.9138,0.8202,0.1244,61.01,TIER_3_RESTRICTED_CAUTION,val
1498,0,0.103,0.6776,0.8242,0.8756,0.1563,55.93,TIER_3_RESTRICTED_CAUTION,train
1499,0,0.6732,0.2994,0.8698,0.5893,0.1117,21.38,TIER_4_QUARANTINE_FRAUD,train
1500,0,0.0069,0.7993,0.9193,0.8438,0.1574,59.78,TIER_3_RESTRICTED_CAUTION,train
1501,0,0.638,0.3259,0.8699,0.9746,0.1456,31.51,TIER_4_QUARANTINE_FRAUD,train
1502,0,0.1092,0.7265,0.8757,0.8023,0.1338,55.29,TIER_3_RESTRICTED_CAUTION,train
1503,0,0.8884,0.272,0.8119,0.73,0.4903,26.87,TIER_4_QUARANTINE_FRAUD,train
1504,1,0.8242,0.1944,0.8835,0.4981,0.1074,10.37,TIER_4_QUARANTINE_FRAUD,train
1505,0,0.7224,0.4499,0.9085,0.6385,0.4411,53.97,TIER_3_RESTRICTED_CAUTION,train
1506,0,0.1465,0.6937,0.8928,0.9626,0.6749,77.43,TIER_2_STANDARD_TRUST,train
1507,1,0.7281,0.2932,0.8054,0.7465,0.1184,22.72,TIER_4_QUARANTINE_FRAUD,train
1508,0,0.014,0.9768,0.9011,0.7375,0.4869,73.79,TIER_2_STANDARD_TRUST,val
1509,0,0.0168,0.828,0.9074,0.7721,0.4884,70.31,TIER_2_STANDARD_TRUST,train
1510,0,0.0909,0.7584,0.9112,0.6903,0.5573,68.63,TIER_2_STANDARD_TRUST,train
1511,1,0.9671,0.1838,0.8926,1.0,0.0403,12.75,TIER_4_QUARANTINE_FRAUD,train
1512,0,0.6515,0.3196,0.8714,0.7369,0.1435,26.76,TIER_4_QUARANTINE_FRAUD,train
1513,0,0.6857,0.316,0.865,0.658,0.1172,24.43,TIER_4_QUARANTINE_FRAUD,train
1514,0,0.0007,0.8217,0.9225,0.9128,0.1211,60.93,TIER_3_RESTRICTED_CAUTION,train
1515,0,0.0549,0.896,0.9174,0.709,0.4622,69.96,TIER_2_STANDARD_TRUST,train
1516,1,0.9028,0.0787,0.7404,0.5987,0.1067,2.95,TIER_4_QUARANTINE_FRAUD,train
1517,0,0.0699,0.8892,0.915,0.8525,0.4566,73.12,TIER_2_STANDARD_TRUST,train
1518,0,0.1276,0.7461,0.9302,0.9,0.4313,69.28,TIER_2_STANDARD_TRUST,train
1519,0,0.3808,0.5534,0.892,0.7375,0.5082,61.74,TIER_3_RESTRICTED_CAUTION,train
1520,0,0.0227,0.9242,0.9276,0.7243,0.963,88.81,TIER_1_VERIFIED_SAFE,train
1521,0,0.7115,0.3069,0.865,0.8877,0.455,34.04,TIER_4_QUARANTINE_FRAUD,test
1522,0,0.0035,0.9022,0.9189,0.8861,0.1279,62.89,TIER_3_RESTRICTED_CAUTION,train
1523,0,0.0808,0.7461,0.8666,0.7545,0.1263,54.33,TIER_3_RESTRICTED_CAUTION,val
1524,0,0.0098,0.8215,0.9252,0.7017,0.0292,52.46,TIER_3_RESTRICTED_CAUTION,train
1525,0,0.0048,0.9242,0.9357,0.9312,0.4177,74.98,TIER_2_STANDARD_TRUST,test
1526,1,0.9327,0.0691,0.77,0.4647,0.1157,2.23,TIER_4_QUARANTINE_FRAUD,test
1527,0,0.1995,0.6856,0.8824,0.7298,0.4494,63.37,TIER_3_RESTRICTED_CAUTION,train
1528,0,0.0066,0.8035,0.9186,0.8208,0.141,58.75,TIER_3_RESTRICTED_CAUTION,train
1529,1,0.9749,0.1004,0.9024,1.0,0.082,5.67,TIER_4_QUARANTINE_FRAUD,train
1530,1,0.884,0.14,0.8222,0.2122,0.0165,4.01,TIER_4_QUARANTINE_FRAUD,train
1531,0,0.3459,0.5684,0.8217,0.7394,0.0612,45.9,TIER_3_RESTRICTED_CAUTION,train
1532,1,0.8007,0.22,0.8646,0.8027,0.0846,15.09,TIER_4_QUARANTINE_FRAUD,train
1533,0,0.0028,0.8211,0.8786,0.8411,0.1396,59.33,TIER_3_RESTRICTED_CAUTION,train
1534,0,0.0005,0.8329,0.9156,0.7871,0.0588,55.88,TIER_3_RESTRICTED_CAUTION,train
1535,0,0.3021,0.5825,0.8701,0.7089,0.097,47.29,TIER_3_RESTRICTED_CAUTION,train
1536,0,0.2709,0.5995,0.9136,0.9896,0.2168,59.45,TIER_3_RESTRICTED_CAUTION,train
1537,1,0.8814,0.1458,0.8765,0.8888,0.0738,8.77,TIER_4_QUARANTINE_FRAUD,train
1538,0,0.0162,0.7948,0.9033,0.8538,0.1184,58.37,TIER_3_RESTRICTED_CAUTION,train
1539,0,0.0209,0.7884,0.8892,0.9049,0.1182,59.3,TIER_3_RESTRICTED_CAUTION,val
1540,0,0.6386,0.4322,0.8977,0.7819,0.5539,57.76,TIER_3_RESTRICTED_CAUTION,train
1541,0,0.6941,0.3082,0.8588,0.8109,0.1235,25.94,TIER_4_QUARANTINE_FRAUD,train
1542,0,0.3554,0.5598,0.9243,0.746,0.0733,47.25,TIER_3_RESTRICTED_CAUTION,train
1543,1,0.9757,0.0879,0.8769,1.0,0.1113,4.82,TIER_4_QUARANTINE_FRAUD,train
1544,0,0.009,0.9412,0.9342,0.7683,0.4429,72.29,TIER_2_STANDARD_TRUST,train
1545,0,0.4999,0.4415,0.8838,0.679,0.1225,42.28,TIER_4_QUARANTINE_FRAUD,test
1546,0,0.021,0.909,0.9383,0.848,0.1063,61.58,TIER_3_RESTRICTED_CAUTION,train
1547,1,0.8664,0.1912,0.8899,0.7427,0.1161,12.25,TIER_4_QUARANTINE_FRAUD,train
1548,0,0.1276,0.8115,0.9135,0.6875,0.1227,54.96,TIER_3_RESTRICTED_CAUTION,train
1549,1,0.9532,0.1071,0.9042,1.0,0.4754,8.34,TIER_4_QUARANTINE_FRAUD,train
1550,0,0.0097,0.898,0.9294,0.8787,0.099,61.67,TIER_3_RESTRICTED_CAUTION,test
1551,1,0.9516,0.0916,0.8949,0.99,0.1215,5.14,TIER_4_QUARANTINE_FRAUD,val
1552,1,0.8627,0.1825,0.8694,0.7283,0.4458,14.84,TIER_4_QUARANTINE_FRAUD,train
1553,1,0.5292,0.4444,0.8635,0.8272,0.4378,57.02,TIER_3_RESTRICTED_CAUTION,train
1554,1,0.9541,0.0438,0.8381,0.5867,0.1184,1.38,TIER_4_QUARANTINE_FRAUD,train
1555,0,0.2737,0.706,0.8587,0.8767,0.5309,70.27,TIER_2_STANDARD_TRUST,train
1556,1,0.9464,0.1085,0.8794,1.0,0.55,8.86,TIER_4_QUARANTINE_FRAUD,train
1557,1,0.9433,0.1146,0.8373,0.78,0.0565,5.63,TIER_4_QUARANTINE_FRAUD,train
1558,0,0.0045,0.8023,0.9214,0.8054,0.1452,58.5,TIER_3_RESTRICTED_CAUTION,val
1559,0,0.2327,0.6346,0.8602,0.7628,0.1229,51.01,TIER_3_RESTRICTED_CAUTION,train
1560,0,0.0274,0.7838,0.8636,0.862,0.1402,58.61,TIER_3_RESTRICTED_CAUTION,train
1561,0,0.0187,0.8169,0.8913,0.8782,0.1279,59.85,TIER_3_RESTRICTED_CAUTION,train
1562,0,0.8432,0.1747,0.8662,0.7968,0.0902,10.81,TIER_4_QUARANTINE_FRAUD,test
1563,0,0.2871,0.7204,0.9388,0.7239,0.9718,83.11,TIER_1_VERIFIED_SAFE,train
1564,0,0.5665,0.483,0.9092,0.5495,0.0462,38.94,TIER_4_QUARANTINE_FRAUD,test
1565,0,0.1336,0.8346,0.869,0.7042,0.098,54.76,TIER_3_RESTRICTED_CAUTION,test
1566,1,0.5357,0.4304,0.9016,0.78,0.1264,43.27,TIER_4_QUARANTINE_FRAUD,val
1567,1,0.0027,0.8107,0.8871,0.8918,0.4569,71.48,TIER_2_STANDARD_TRUST,val
1568,0,0.0973,0.8456,0.9102,0.8167,0.55,74.14,TIER_2_STANDARD_TRUST,train
1569,0,0.052,0.9033,0.9241,0.7922,0.4814,72.99,TIER_2_STANDARD_TRUST,test
1570,0,0.0065,0.7984,0.9417,0.7793,0.1118,56.77,TIER_3_RESTRICTED_CAUTION,train
1571,0,0.8683,0.1085,0.8072,0.6869,0.1753,5.45,TIER_4_QUARANTINE_FRAUD,train
1572,0,0.0046,0.8044,0.9089,0.786,0.0226,53.66,TIER_3_RESTRICTED_CAUTION,train
1573,0,0.0091,0.9105,0.9381,0.8155,0.069,59.5,TIER_3_RESTRICTED_CAUTION,val
1574,0,0.7994,0.2046,0.868,0.8756,0.1454,15.01,TIER_4_QUARANTINE_FRAUD,test
1575,0,0.3863,0.5177,0.8768,0.6639,0.0939,44.18,TIER_4_QUARANTINE_FRAUD,test
1576,0,0.1511,0.8256,0.8782,0.9072,0.4834,73.15,TIER_2_STANDARD_TRUST,train
1577,1,0.9481,0.104,0.8951,1.0,0.55,8.38,TIER_4_QUARANTINE_FRAUD,train
1578,0,0.0056,0.9204,0.9275,0.888,0.4131,73.54,TIER_2_STANDARD_TRUST,train
1579,0,0.0016,0.8389,0.925,0.8198,0.4345,70.12,TIER_2_STANDARD_TRUST,train
1580,0,0.0511,0.8759,0.8622,0.8033,0.44,70.38,TIER_2_STANDARD_TRUST,test
1581,1,0.583,0.3812,0.837,0.6454,0.0291,29.79,TIER_4_QUARANTINE_FRAUD,train
1582,0,0.4876,0.4762,0.8839,0.869,0.4898,61.99,TIER_3_RESTRICTED_CAUTION,train
1583,0,0.2396,0.7615,0.9262,0.741,0.9535,84.0,TIER_1_VERIFIED_SAFE,train
1584,1,0.9261,0.1191,0.8687,0.5663,0.1273,5.48,TIER_4_QUARANTINE_FRAUD,train
1585,0,0.3249,0.5648,0.8931,0.8103,0.1546,51.54,TIER_3_RESTRICTED_CAUTION,train
1586,0,0.2105,0.6459,0.889,0.9451,0.1625,57.58,TIER_3_RESTRICTED_CAUTION,train
1587,1,0.9268,0.1097,0.8528,0.6067,0.0575,4.63,TIER_4_QUARANTINE_FRAUD,test
1588,1,0.9407,0.1328,0.8233,0.6519,0.463,9.16,TIER_4_QUARANTINE_FRAUD,train
1589,1,0.9061,0.0862,0.7433,0.5312,0.1276,3.24,TIER_4_QUARANTINE_FRAUD,train
1590,0,0.4832,0.4523,0.9106,0.6407,0.0185,39.34,TIER_4_QUARANTINE_FRAUD,test
1591,0,0.0071,0.9851,0.9122,0.8839,0.433,75.93,TIER_2_STANDARD_TRUST,test
1592,0,0.0006,0.8158,0.9081,0.8258,0.1401,59.1,TIER_3_RESTRICTED_CAUTION,val
1593,0,0.2801,0.6208,0.898,0.7865,0.1661,53.08,TIER_3_RESTRICTED_CAUTION,train
1594,0,0.9123,0.0685,0.6169,0.1517,0.0189,1.1,TIER_4_QUARANTINE_FRAUD,test
1595,0,0.1392,0.7354,0.8991,0.8034,0.4813,67.98,TIER_2_STANDARD_TRUST,train
1596,0,0.0069,0.9029,0.9339,0.6311,0.4492,67.92,TIER_2_STANDARD_TRUST,train
1597,0,0.8262,0.3217,0.8029,0.5749,0.4247,30.32,TIER_4_QUARANTINE_FRAUD,train
1598,1,0.9471,0.1041,0.8094,1.0,0.1425,6.15,TIER_4_QUARANTINE_FRAUD,train
1599,0,0.0204,0.7904,0.924,0.8182,0.094,56.7,TIER_3_RESTRICTED_CAUTION,train
1600,0,0.0086,0.824,0.9144,0.8519,0.4847,72.13,TIER_2_STANDARD_TRUST,train
1601,0,0.0003,0.9291,0.9072,0.8179,0.4652,73.67,TIER_2_STANDARD_TRUST,train
1602,1,0.8483,0.1197,0.8494,0.4764,0.0524,4.62,TIER_4_QUARANTINE_FRAUD,train
1603,0,0.6758,0.2986,0.9272,0.9125,0.1745,27.67,TIER_4_QUARANTINE_FRAUD,train
1604,1,0.938,0.1035,0.7982,0.6592,0.1782,5.0,TIER_4_QUARANTINE_FRAUD,train
1605,0,0.0689,0.7559,0.8635,0.9135,0.1386,59.0,TIER_3_RESTRICTED_CAUTION,train
1606,0,0.0047,0.8025,0.8793,0.8242,0.1347,58.19,TIER_3_RESTRICTED_CAUTION,train
1607,0,0.0039,0.8016,0.9069,0.7986,0.1404,57.99,TIER_3_RESTRICTED_CAUTION,train
1608,0,0.0081,0.7973,0.9056,0.7955,0.1313,57.46,TIER_3_RESTRICTED_CAUTION,train
1609,1,0.7827,0.2363,0.8209,0.5456,0.1058,14.13,TIER_4_QUARANTINE_FRAUD,test
1610,0,0.2274,0.6502,0.8412,0.7541,0.1645,52.53,TIER_3_RESTRICTED_CAUTION,train
1611,0,0.101,0.8601,0.8995,0.7048,0.9753,86.55,TIER_1_VERIFIED_SAFE,val
1612,0,0.0012,0.9328,0.8894,0.9026,0.434,74.63,TIER_2_STANDARD_TRUST,train
1613,1,0.9754,0.0853,0.8469,1.0,0.0984,4.55,TIER_4_QUARANTINE_FRAUD,test
1614,1,0.7389,0.2526,0.8376,0.6294,0.1026,16.66,TIER_4_QUARANTINE_FRAUD,train
1615,0,0.0665,0.7546,0.9106,0.8851,0.0215,54.62,TIER_3_RESTRICTED_CAUTION,test
1616,0,0.023,0.796,0.8612,0.6698,0.1005,52.75,TIER_3_RESTRICTED_CAUTION,train
1617,0,0.1383,0.703,0.7882,1.0,0.0247,54.84,TIER_3_RESTRICTED_CAUTION,train
1618,0,0.2425,0.6281,0.8793,0.8225,0.0445,49.76,TIER_3_RESTRICTED_CAUTION,train
1619,0,0.9412,0.1097,0.815,0.6995,0.0998,5.17,TIER_4_QUARANTINE_FRAUD,train
1620,0,0.0022,0.9005,0.9201,0.8563,0.1072,61.38,TIER_3_RESTRICTED_CAUTION,train
1621,1,0.8889,0.1675,0.8745,0.5512,0.03,7.91,TIER_4_QUARANTINE_FRAUD,train
1622,1,0.8642,0.1333,0.8359,0.7189,0.1109,7.04,TIER_4_QUARANTINE_FRAUD,train
1623,0,0.7406,0.2467,0.9281,0.7386,0.1143,17.92,TIER_4_QUARANTINE_FRAUD,train
1624,0,0.0202,0.9269,0.9238,0.7493,0.9693,89.7,TIER_1_VERIFIED_SAFE,test
1625,0,0.8662,0.1537,0.9064,0.7084,0.1028,8.65,TIER_4_QUARANTINE_FRAUD,train
1626,0,0.0076,0.9288,0.8439,0.7015,0.5545,73.25,TIER_2_STANDARD_TRUST,train
1627,0,0.055,0.7905,0.9238,0.6685,0.0904,52.83,TIER_3_RESTRICTED_CAUTION,train
1628,0,0.5861,0.3669,0.8659,0.6954,0.0978,31.04,TIER_4_QUARANTINE_FRAUD,train
1629,1,0.7933,0.2167,0.8761,0.5131,0.0198,11.13,TIER_4_QUARANTINE_FRAUD,train
1630,1,0.8999,0.1297,0.8122,0.7,0.1226,6.71,TIER_4_QUARANTINE_FRAUD,train
1631,1,0.7166,0.2738,0.8466,0.5589,0.0242,16.51,TIER_4_QUARANTINE_FRAUD,train
1632,0,0.1184,0.8521,0.8771,0.8119,0.4774,71.34,TIER_2_STANDARD_TRUST,train
1633,0,0.0036,0.9199,0.9205,0.7532,0.4301,70.69,TIER_2_STANDARD_TRUST,train
1634,1,0.7668,0.2358,0.8892,0.6221,0.0175,13.87,TIER_4_QUARANTINE_FRAUD,train
1635,0,0.2191,0.6392,0.8655,0.7063,0.1186,49.64,TIER_3_RESTRICTED_CAUTION,train
1636,0,0.1386,0.7029,0.9047,0.9001,0.1113,56.53,TIER_3_RESTRICTED_CAUTION,train
1637,0,0.0555,0.7651,0.8798,0.7855,0.134,56.08,TIER_3_RESTRICTED_CAUTION,train
1638,0,0.9044,0.1254,0.7776,0.2006,0.0186,3.27,TIER_4_QUARANTINE_FRAUD,train
1639,0,0.0567,0.8912,0.9182,0.837,0.4389,72.21,TIER_2_STANDARD_TRUST,test
1640,1,0.0666,0.8844,0.8817,0.6763,0.0384,53.6,TIER_3_RESTRICTED_CAUTION,test
1641,0,0.9542,0.1124,0.8237,0.7136,0.1134,5.51,TIER_4_QUARANTINE_FRAUD,train
1642,0,0.5996,0.3659,0.907,0.7142,0.0737,30.94,TIER_4_QUARANTINE_FRAUD,train
1643,1,0.9079,0.0844,0.868,0.5792,0.0467,3.1,TIER_4_QUARANTINE_FRAUD,val
1644,1,0.6968,0.2345,0.8084,0.658,0.1337,15.53,TIER_4_QUARANTINE_FRAUD,train
1645,1,0.962,0.0332,0.714,0.542,0.1194,0.87,TIER_4_QUARANTINE_FRAUD,train
1646,1,0.9313,0.1394,0.8808,0.6478,0.1169,7.25,TIER_4_QUARANTINE_FRAUD,val
1647,0,0.0023,0.8067,0.8651,0.8369,0.1221,58.04,TIER_3_RESTRICTED_CAUTION,val
1648,0,0.7382,0.2843,0.8841,0.7438,0.1143,22.0,TIER_4_QUARANTINE_FRAUD,train
1649,0,0.0692,0.7512,0.8751,0.8792,0.1291,57.79,TIER_3_RESTRICTED_CAUTION,train
1650,0,0.8717,0.1676,0.8733,0.6599,0.0959,9.31,TIER_4_QUARANTINE_FRAUD,test
1651,0,0.9095,0.1258,0.8945,0.7275,0.0185,6.02,TIER_4_QUARANTINE_FRAUD,train
1652,0,0.6499,0.2968,0.8438,0.82,0.4523,31.24,TIER_4_QUARANTINE_FRAUD,train
1653,0,0.0063,0.931,0.8656,0.8709,0.4211,73.1,TIER_2_STANDARD_TRUST,train
1654,0,0.0028,0.8042,0.8884,0.5512,0.0304,47.85,TIER_3_RESTRICTED_CAUTION,train
1655,0,0.1326,0.7052,0.8784,0.8084,0.1421,55.12,TIER_3_RESTRICTED_CAUTION,train
1656,0,0.0196,0.9163,0.9288,0.7493,0.964,89.25,TIER_1_VERIFIED_SAFE,val
1657,0,0.5305,0.5072,0.8886,0.6425,0.0455,41.76,TIER_4_QUARANTINE_FRAUD,train
1658,0,0.5342,0.4355,0.833,0.7785,0.4719,54.99,TIER_3_RESTRICTED_CAUTION,train
1659,0,0.9163,0.1197,0.8404,0.7521,0.1438,6.41,TIER_4_QUARANTINE_FRAUD,test
1660,0,0.8407,0.1803,0.8466,0.7096,0.1345,11.06,TIER_4_QUARANTINE_FRAUD,test
1661,1,0.9596,0.107,0.7813,0.7665,0.1594,5.52,TIER_4_QUARANTINE_FRAUD,train
1662,1,0.7606,0.3464,0.8903,0.801,0.4475,39.12,TIER_4_QUARANTINE_FRAUD,train
1663,0,0.1593,0.8187,0.9219,0.7816,0.5196,71.51,TIER_2_STANDARD_TRUST,train
1664,0,0.6128,0.3544,0.8673,0.6259,0.1295,28.94,TIER_4_QUARANTINE_FRAUD,train
1665,0,0.0615,0.865,0.8822,0.731,0.0998,56.54,TIER_3_RESTRICTED_CAUTION,train
1666,0,0.0093,0.7991,0.9108,0.99,0.0016,57.89,TIER_3_RESTRICTED_CAUTION,train
1667,0,0.3265,0.5706,0.874,0.84,0.4618,63.02,TIER_3_RESTRICTED_CAUTION,train
1668,0,0.0021,0.8122,0.8874,0.76,0.448,67.92,TIER_2_STANDARD_TRUST,train
1669,0,0.0167,0.8011,0.9068,0.7861,0.1202,56.96,TIER_3_RESTRICTED_CAUTION,train
1670,0,0.0509,0.7883,0.9236,0.6326,0.455,64.62,TIER_3_RESTRICTED_CAUTION,train
1671,1,0.4587,0.5925,0.8962,0.787,0.0973,49.82,TIER_3_RESTRICTED_CAUTION,train
1672,0,0.0879,0.74,0.8751,0.7961,0.0988,54.31,TIER_3_RESTRICTED_CAUTION,train
1673,0,0.1288,0.8442,0.9184,0.7617,0.5451,72.63,TIER_2_STANDARD_TRUST,train
1674,0,0.0402,0.8889,0.8703,0.8192,0.9699,89.8,TIER_1_VERIFIED_SAFE,test
1675,0,0.0021,0.9068,0.9381,0.8959,0.4264,73.91,TIER_2_STANDARD_TRUST,train
1676,1,0.8051,0.2035,0.8606,0.52,0.1199,11.37,TIER_4_QUARANTINE_FRAUD,test
1677,0,0.8146,0.2014,0.9189,0.5919,0.1349,12.22,TIER_4_QUARANTINE_FRAUD,train
1678,0,0.0293,0.8037,0.8631,0.6262,0.1478,53.57,TIER_3_RESTRICTED_CAUTION,train
1679,0,0.0055,0.809,0.91,0.9416,0.0495,58.64,TIER_3_RESTRICTED_CAUTION,train
1680,0,0.6319,0.3397,0.9126,0.6615,0.0522,26.15,TIER_4_QUARANTINE_FRAUD,train
1681,0,0.01,0.8221,0.8689,0.6841,0.1002,53.96,TIER_3_RESTRICTED_CAUTION,train
1682,0,0.0668,0.7826,0.9236,0.7921,0.4299,67.56,TIER_2_STANDARD_TRUST,train
1683,0,0.0141,0.9298,0.9316,0.6631,0.4732,70.35,TIER_2_STANDARD_TRUST,train
1684,0,0.7623,0.2617,0.9148,0.5457,0.4317,22.61,TIER_4_QUARANTINE_FRAUD,train
1685,0,0.0653,0.8951,0.8609,0.8403,0.1361,61.23,TIER_3_RESTRICTED_CAUTION,test
1686,0,0.0022,0.8094,0.9164,0.6486,0.1292,54.18,TIER_3_RESTRICTED_CAUTION,test
1687,1,0.5896,0.395,0.8832,0.693,0.1277,35.85,TIER_4_QUARANTINE_FRAUD,test
1688,0,0.0028,0.817,0.8985,0.9108,0.1382,61.11,TIER_3_RESTRICTED_CAUTION,train
1689,1,0.9204,0.133,0.8956,0.6577,0.4736,9.43,TIER_4_QUARANTINE_FRAUD,train
1690,0,0.0759,0.7592,0.895,0.9783,0.1954,63.02,TIER_3_RESTRICTED_CAUTION,train
1691,0,0.5746,0.3751,0.8765,0.6253,0.1006,30.91,TIER_4_QUARANTINE_FRAUD,test
1692,0,0.0729,0.8687,0.8664,0.6924,0.1052,55.72,TIER_3_RESTRICTED_CAUTION,train
1693,0,0.2425,0.6365,0.8377,0.7406,0.4431,61.49,TIER_3_RESTRICTED_CAUTION,test
1694,0,0.8322,0.3217,0.8789,0.7517,0.472,34.75,TIER_4_QUARANTINE_FRAUD,train
1695,0,0.0541,0.8809,0.8821,0.7339,0.4737,70.17,TIER_2_STANDARD_TRUST,val
1696,1,0.9367,0.1327,0.8885,1.0,0.4883,11.23,TIER_4_QUARANTINE_FRAUD,train
1697,0,0.3423,0.5514,0.8994,1.0,0.1861,57.05,TIER_3_RESTRICTED_CAUTION,test
1698,0,0.0151,0.8678,0.9049,0.8423,0.4335,71.31,TIER_2_STANDARD_TRUST,train
1699,0,0.1219,0.7126,0.9052,0.8098,0.0872,53.73,TIER_3_RESTRICTED_CAUTION,test
1700,0,0.3041,0.5795,0.8416,0.6508,0.0504,43.84,TIER_4_QUARANTINE_FRAUD,train
1701,1,0.5886,0.3894,0.8524,0.8638,0.4458,47.57,TIER_3_RESTRICTED_CAUTION,test
1702,1,0.4971,0.4483,0.8623,0.4631,0.0568,35.46,TIER_4_QUARANTINE_FRAUD,train
1703,0,0.0143,0.8026,0.9311,0.7523,0.1334,56.87,TIER_3_RESTRICTED_CAUTION,test
1704,1,0.8162,0.1935,0.8824,0.7182,0.1678,12.84,TIER_4_QUARANTINE_FRAUD,train
1705,1,0.5785,0.4776,0.8413,0.6638,0.4706,55.8,TIER_3_RESTRICTED_CAUTION,train
1706,0,0.0127,0.9262,0.921,0.8024,0.9728,91.1,TIER_1_VERIFIED_SAFE,train
1707,1,0.9602,0.1077,0.8905,1.0,0.5234,8.65,TIER_4_QUARANTINE_FRAUD,train
1708,0,0.0268,0.7892,0.9204,0.7931,0.1536,58.08,TIER_3_RESTRICTED_CAUTION,test
1709,1,0.8598,0.1566,0.8785,0.7577,0.0584,8.74,TIER_4_QUARANTINE_FRAUD,val
1710,0,0.807,0.2285,0.9049,0.9319,0.1148,17.91,TIER_4_QUARANTINE_FRAUD,train
1711,0,0.7503,0.2393,0.9065,0.93,0.137,19.49,TIER_4_QUARANTINE_FRAUD,test
1712,0,0.0226,0.914,0.9154,0.7874,0.5463,75.38,TIER_2_STANDARD_TRUST,train
1713,1,0.9809,0.0707,0.8588,1.0,0.2073,3.88,TIER_4_QUARANTINE_FRAUD,val
1714,0,0.0033,0.9281,0.9335,0.9175,0.4321,75.24,TIER_2_STANDARD_TRUST,train
1715,1,0.9434,0.0977,0.8498,0.5495,0.1172,4.02,TIER_4_QUARANTINE_FRAUD,train
1716,0,0.0763,0.7492,0.8697,0.708,0.099,52.34,TIER_3_RESTRICTED_CAUTION,train
1717,1,0.9378,0.1036,0.8407,0.7017,0.0409,4.52,TIER_4_QUARANTINE_FRAUD,train
1718,0,0.4306,0.4864,0.8869,0.7678,0.1121,46.58,TIER_3_RESTRICTED_CAUTION,train
1719,1,0.6269,0.3586,0.8928,0.4892,0.0424,24.86,TIER_4_QUARANTINE_FRAUD,train
1720,0,0.003,0.9243,0.9194,0.8727,0.4745,75.35,TIER_2_STANDARD_TRUST,train
1721,0,0.0198,0.792,0.8736,0.9457,0.1555,61.58,TIER_3_RESTRICTED_CAUTION,val
1722,0,0.0074,0.9333,0.9234,0.7621,0.4894,73.41,TIER_2_STANDARD_TRUST,train
1723,0,0.0113,0.8344,0.916,0.915,0.4564,73.04,TIER_2_STANDARD_TRUST,train
1724,0,0.2517,0.6181,0.9154,0.7741,0.1012,50.59,TIER_3_RESTRICTED_CAUTION,test
1725,0,0.137,0.8071,0.9111,0.569,0.4681,63.93,TIER_3_RESTRICTED_CAUTION,val
1726,1,0.9668,0.0824,0.8918,1.0,0.55,6.12,TIER_4_QUARANTINE_FRAUD,train
1727,0,0.8443,0.2059,0.859,0.6993,0.4245,17.05,TIER_4_QUARANTINE_FRAUD,val
1728,1,0.747,0.3456,0.894,0.4606,0.0207,22.39,TIER_4_QUARANTINE_FRAUD,test
1729,0,0.013,0.8799,0.9211,0.8598,0.1099,60.95,TIER_3_RESTRICTED_CAUTION,train
1730,0,0.0151,0.921,0.9033,0.7514,0.4599,71.54,TIER_2_STANDARD_TRUST,test
1731,0,0.1933,0.7809,0.911,0.7991,0.9716,86.52,TIER_1_VERIFIED_SAFE,train
1732,0,0.7227,0.27,0.921,0.5491,0.0212,16.36,TIER_4_QUARANTINE_FRAUD,train
1733,0,0.4166,0.5172,0.9221,0.6971,0.2835,52.09,TIER_3_RESTRICTED_CAUTION,train
1734,0,0.0574,0.764,0.878,0.7919,0.1328,56.15,TIER_3_RESTRICTED_CAUTION,test
1735,0,0.8303,0.1855,0.8483,0.6836,0.0411,10.29,TIER_4_QUARANTINE_FRAUD,test
1736,0,0.0013,0.8067,0.8937,0.7296,0.4243,66.23,TIER_2_STANDARD_TRUST,test
1737,1,0.7437,0.2601,0.8699,0.7881,0.0189,18.07,TIER_4_QUARANTINE_FRAUD,train
1738,1,0.8587,0.1354,0.8915,0.4971,0.0339,5.58,TIER_4_QUARANTINE_FRAUD,train
1739,1,0.9406,0.1118,0.8948,1.0,0.0821,6.57,TIER_4_QUARANTINE_FRAUD,train
1740,0,0.1326,0.7024,0.9069,0.7538,0.1324,53.62,TIER_3_RESTRICTED_CAUTION,val
1741,0,0.0162,0.9783,0.9458,0.8421,0.0114,60.26,TIER_3_RESTRICTED_CAUTION,train
1742,0,0.0112,0.8983,0.8758,0.8059,0.1027,59.45,TIER_3_RESTRICTED_CAUTION,train
1743,0,0.87,0.152,0.869,0.6077,0.0664,7.5,TIER_4_QUARANTINE_FRAUD,val
1744,0,0.0485,0.8985,0.9288,0.8418,0.471,73.77,TIER_2_STANDARD_TRUST,test
1745,0,0.0145,0.8321,0.8878,0.8172,0.0057,54.47,TIER_3_RESTRICTED_CAUTION,train
1746,0,0.0045,0.9268,0.9245,0.7679,0.0745,58.85,TIER_3_RESTRICTED_CAUTION,val
1747,0,0.2813,0.5958,0.8231,0.7006,0.0264,44.54,TIER_4_QUARANTINE_FRAUD,train
1748,0,0.0222,0.9196,0.94,0.7985,0.0944,60.25,TIER_3_RESTRICTED_CAUTION,train
1749,0,0.0022,0.9299,0.9272,0.8936,0.4252,74.39,TIER_2_STANDARD_TRUST,test
1750,0,0.1466,0.7313,0.8219,0.7375,0.5086,66.4,TIER_2_STANDARD_TRUST,train
1751,0,0.0291,0.7944,0.917,0.8014,0.4683,69.43,TIER_2_STANDARD_TRUST,train
1752,0,0.1568,0.7035,0.9158,0.7511,0.4229,63.84,TIER_3_RESTRICTED_CAUTION,train
1753,0,0.0134,0.8157,0.9257,0.787,0.4424,68.89,TIER_2_STANDARD_TRUST,train
1754,1,0.826,0.1972,0.8554,0.7182,0.1179,12.5,TIER_4_QUARANTINE_FRAUD,train
1755,1,0.7658,0.199,0.8118,0.7152,0.0319,11.45,TIER_4_QUARANTINE_FRAUD,train
1756,0,0.0202,0.7914,0.9032,0.8331,0.1195,57.78,TIER_3_RESTRICTED_CAUTION,test
1757,0,0.0705,0.7696,0.9153,0.9578,0.2136,63.66,TIER_3_RESTRICTED_CAUTION,test
1758,0,0.004,0.7993,0.8555,0.7922,0.1198,56.53,TIER_3_RESTRICTED_CAUTION,train
1759,0,0.0043,0.8067,0.9239,0.8419,0.104,58.12,TIER_3_RESTRICTED_CAUTION,train
1760,0,0.2292,0.6416,0.9425,0.911,0.2124,58.89,TIER_3_RESTRICTED_CAUTION,train
1761,1,0.9584,0.0348,0.8826,1.0,0.1931,1.5,TIER_4_QUARANTINE_FRAUD,train
1762,1,0.1992,0.6553,0.8631,0.8383,0.2024,56.33,TIER_3_RESTRICTED_CAUTION,train
1763,1,0.7929,0.2289,0.8968,0.3633,0.0275,10.75,TIER_4_QUARANTINE_FRAUD,train
1764,0,0.0037,0.8035,0.9093,0.8072,0.1054,57.07,TIER_3_RESTRICTED_CAUTION,train
1765,0,0.2723,0.6017,0.8794,0.7367,0.0914,48.46,TIER_3_RESTRICTED_CAUTION,test
1766,0,0.1679,0.6905,0.8603,0.7367,0.1239,52.07,TIER_3_RESTRICTED_CAUTION,train
1767,0,0.0019,0.9104,0.9252,0.8933,0.5413,77.84,TIER_2_STANDARD_TRUST,train
1768,0,0.4685,0.4784,0.9257,0.7611,0.1672,48.49,TIER_3_RESTRICTED_CAUTION,train
1769,1,0.9346,0.055,0.8434,0.7756,0.0987,2.14,TIER_4_QUARANTINE_FRAUD,train
1770,0,0.4855,0.4694,0.8964,0.6047,0.4452,53.75,TIER_3_RESTRICTED_CAUTION,test
1771,0,0.7112,0.2725,0.8679,0.738,0.0935,20.09,TIER_4_QUARANTINE_FRAUD,test
1772,0,0.0125,0.8117,0.9204,0.7936,0.1164,57.47,TIER_3_RESTRICTED_CAUTION,train
1773,1,0.96,0.0829,0.8316,1.0,0.0546,4.18,TIER_4_QUARANTINE_FRAUD,test
1774,0,0.0675,0.8542,0.9014,0.9018,0.1309,61.77,TIER_3_RESTRICTED_CAUTION,train
1775,0,0.5324,0.5441,0.8978,0.7537,0.4156,58.69,TIER_3_RESTRICTED_CAUTION,test
1776,0,0.354,0.5466,0.8371,0.4148,0.1359,39.9,TIER_4_QUARANTINE_FRAUD,train
1777,0,0.5069,0.4448,0.9137,0.7274,0.4816,56.66,TIER_3_RESTRICTED_CAUTION,val
1778,0,0.1875,0.6773,0.8873,0.7611,0.204,55.36,TIER_3_RESTRICTED_CAUTION,test
1779,0,0.0135,0.8913,0.9525,0.8296,0.1207,61.23,TIER_3_RESTRICTED_CAUTION,val
1780,0,0.8376,0.1782,0.8908,0.7823,0.1181,11.38,TIER_4_QUARANTINE_FRAUD,train
1781,0,0.063,0.7612,0.8775,0.7632,0.1285,55.19,TIER_3_RESTRICTED_CAUTION,train
1782,0,0.2049,0.6856,0.9104,0.4101,0.55,59.18,TIER_3_RESTRICTED_CAUTION,test
1783,0,0.0129,0.8164,0.921,0.8344,0.0299,55.61,TIER_3_RESTRICTED_CAUTION,val
1784,0,0.8818,0.1467,0.8154,0.6335,0.0151,6.73,TIER_4_QUARANTINE_FRAUD,train
1785,0,0.7924,0.2116,0.5379,0.88,0.2077,15.37,TIER_4_QUARANTINE_FRAUD,val
1786,0,0.5656,0.3876,0.8924,0.7988,0.1478,37.63,TIER_4_QUARANTINE_FRAUD,train
1787,0,0.0024,0.8035,0.9117,0.8307,0.1307,58.56,TIER_3_RESTRICTED_CAUTION,test
1788,0,0.1505,0.6892,0.8887,0.8137,0.1116,53.81,TIER_3_RESTRICTED_CAUTION,train
1789,1,0.953,0.101,0.7964,0.7325,0.1238,4.82,TIER_4_QUARANTINE_FRAUD,train
1790,0,0.3493,0.5651,0.8958,0.7627,0.9807,79.3,TIER_2_STANDARD_TRUST,val
1791,0,0.0411,0.7821,0.8654,0.8087,0.1225,56.62,TIER_3_RESTRICTED_CAUTION,train
1792,0,0.8024,0.2025,0.8336,0.293,0.0383,8.17,TIER_4_QUARANTINE_FRAUD,train
1793,0,0.1845,0.6657,0.9149,0.6844,0.1431,51.24,TIER_3_RESTRICTED_CAUTION,train
1794,0,0.5482,0.4289,0.8687,0.7541,0.4625,53.17,TIER_3_RESTRICTED_CAUTION,train
1795,0,0.1418,0.7194,0.882,1.0,0.9955,90.25,TIER_1_VERIFIED_SAFE,train
1796,1,0.9198,0.1162,0.8686,0.3898,0.0249,3.92,TIER_4_QUARANTINE_FRAUD,val
1797,0,0.2627,0.7423,0.9173,0.753,0.5184,68.41,TIER_2_STANDARD_TRUST,val
1798,1,0.7678,0.2278,0.9051,0.5124,0.1249,13.65,TIER_4_QUARANTINE_FRAUD,test
1799,1,0.4675,0.4644,0.8024,0.8224,0.1328,47.16,TIER_3_RESTRICTED_CAUTION,train
1800,0,0.7235,0.2722,0.8663,0.6672,0.0988,19.23,TIER_4_QUARANTINE_FRAUD,train
1801,0,0.1263,0.8331,0.9232,0.8186,0.55,73.94,TIER_2_STANDARD_TRUST,train
1802,0,0.8632,0.1572,0.909,0.5265,0.0217,7.07,TIER_4_QUARANTINE_FRAUD,train
1803,0,0.0431,0.898,0.9153,0.7916,0.0152,56.42,TIER_3_RESTRICTED_CAUTION,train
1804,0,0.8097,0.2292,0.9078,0.6869,0.4952,20.99,TIER_4_QUARANTINE_FRAUD,test
1805,0,0.6376,0.3504,0.8701,0.6436,0.1074,28.22,TIER_4_QUARANTINE_FRAUD,train
1806,0,0.9279,0.1144,0.8619,0.5831,0.1062,5.12,TIER_4_QUARANTINE_FRAUD,val
1807,0,0.097,0.7289,0.8889,0.7297,0.1486,54.2,TIER_3_RESTRICTED_CAUTION,test
1808,0,0.3573,0.5366,0.8566,0.9173,0.157,53.09,TIER_3_RESTRICTED_CAUTION,test
1809,1,0.9547,0.1158,0.7787,0.7246,0.109,5.68,TIER_4_QUARANTINE_FRAUD,train
1810,0,0.7137,0.2261,0.8748,0.639,0.0438,13.51,TIER_4_QUARANTINE_FRAUD,train
1811,0,0.0009,0.8059,0.9112,0.9529,0.0967,60.49,TIER_3_RESTRICTED_CAUTION,train
1812,0,0.3108,0.6921,0.9114,0.7829,0.455,65.37,TIER_2_STANDARD_TRUST,train
1813,0,0.1845,0.7702,0.891,0.8861,0.1518,59.48,TIER_3_RESTRICTED_CAUTION,train
1814,1,0.916,0.1486,0.8525,0.76,0.0484,7.98,TIER_4_QUARANTINE_FRAUD,train
1815,0,0.0151,0.9297,0.9196,0.8164,0.464,73.74,TIER_2_STANDARD_TRUST,train
1816,0,0.0018,0.801,0.9222,0.8882,0.1105,59.32,TIER_3_RESTRICTED_CAUTION,train
1817,1,0.8675,0.1311,0.8282,0.7682,0.1181,7.16,TIER_4_QUARANTINE_FRAUD,train
1818,0,0.2894,0.601,0.8151,0.6996,0.1002,47.18,TIER_3_RESTRICTED_CAUTION,train
1819,0,0.0195,0.926,0.9266,0.8675,0.4689,75.15,TIER_2_STANDARD_TRUST,val
1820,1,0.9142,0.1184,0.8446,0.12,0.0223,2.78,TIER_4_QUARANTINE_FRAUD,val
1821,0,0.0157,0.9075,0.9067,0.7427,0.0898,58.0,TIER_3_RESTRICTED_CAUTION,test
1822,0,0.0011,0.9086,0.9269,0.8537,0.0583,59.91,TIER_3_RESTRICTED_CAUTION,train
1823,0,0.5829,0.3991,0.9003,0.8677,0.5507,53.0,TIER_3_RESTRICTED_CAUTION,train
1824,0,0.8376,0.1785,0.8723,0.776,0.1589,11.74,TIER_4_QUARANTINE_FRAUD,train
1825,0,0.0452,0.8046,0.7954,0.7361,0.0226,51.28,TIER_3_RESTRICTED_CAUTION,train
1826,0,0.2285,0.6695,0.9145,0.7183,0.4976,64.6,TIER_3_RESTRICTED_CAUTION,train
1827,0,0.0164,0.7942,0.8629,0.7015,0.0408,51.42,TIER_3_RESTRICTED_CAUTION,test
1828,0,0.0071,0.8001,0.9151,0.8268,0.1177,57.94,TIER_3_RESTRICTED_CAUTION,train
1829,0,0.3142,0.7053,0.9065,0.7192,0.102,51.77,TIER_3_RESTRICTED_CAUTION,train
1830,0,0.0043,0.8052,0.9207,0.9938,0.2449,66.78,TIER_2_STANDARD_TRUST,train
1831,0,0.0298,0.8159,0.896,0.9053,0.1263,60.49,TIER_3_RESTRICTED_CAUTION,train
1832,0,0.3829,0.5159,0.8832,0.9167,0.1715,53.23,TIER_3_RESTRICTED_CAUTION,val
1833,0,0.005,0.8046,0.891,0.8285,0.1322,58.39,TIER_3_RESTRICTED_CAUTION,train
1834,1,0.9165,0.2366,0.8822,0.5854,0.4508,20.08,TIER_4_QUARANTINE_FRAUD,train
1835,0,0.0399,0.7987,0.9269,0.7277,0.441,66.86,TIER_2_STANDARD_TRUST,val
1836,1,0.8255,0.1988,0.889,0.6145,0.0951,11.6,TIER_4_QUARANTINE_FRAUD,train
1837,0,0.0119,0.8967,0.9288,0.6622,0.0352,53.98,TIER_3_RESTRICTED_CAUTION,train
1838,0,0.0681,0.8677,0.8837,0.7724,0.6538,77.06,TIER_2_STANDARD_TRUST,train
1839,0,0.0441,0.7957,0.9052,0.8438,0.0376,55.33,TIER_3_RESTRICTED_CAUTION,test
1840,0,0.2636,0.6501,0.9147,0.8362,0.4275,64.52,TIER_3_RESTRICTED_CAUTION,train
1841,0,0.1201,0.7163,0.8864,0.8397,0.1082,55.13,TIER_3_RESTRICTED_CAUTION,train
1842,0,0.0195,0.9271,0.9138,0.6829,0.5003,71.53,TIER_2_STANDARD_TRUST,train
1843,0,0.7232,0.2623,0.8768,0.6722,0.1026,18.36,TIER_4_QUARANTINE_FRAUD,train
1844,0,0.295,0.5934,0.89,0.7408,0.2043,52.37,TIER_3_RESTRICTED_CAUTION,test
1845,1,0.959,0.1001,0.8596,0.4676,0.0333,3.47,TIER_4_QUARANTINE_FRAUD,train
1846,0,0.0,0.9273,0.9244,0.7457,0.4578,71.73,TIER_2_STANDARD_TRUST,train
1847,0,0.7021,0.2866,0.8637,0.7067,0.0195,19.79,TIER_4_QUARANTINE_FRAUD,test
1848,0,0.2279,0.6447,0.8962,0.7641,0.2927,57.65,TIER_3_RESTRICTED_CAUTION,train
1849,0,0.8522,0.1995,0.8693,0.54,0.4539,15.31,TIER_4_QUARANTINE_FRAUD,train
1850,0,0.0005,0.9172,0.9275,0.8719,0.4541,74.48,TIER_2_STANDARD_TRUST,train
1851,0,0.0006,0.929,0.9165,0.7791,0.4681,72.9,TIER_2_STANDARD_TRUST,val
1852,0,0.2301,0.6343,0.875,0.8771,0.1625,55.4,TIER_3_RESTRICTED_CAUTION,train
1853,0,0.0083,0.9059,0.9022,0.6737,0.1224,57.33,TIER_3_RESTRICTED_CAUTION,train
1854,0,0.2946,0.5363,0.8601,0.7799,0.0934,47.46,TIER_3_RESTRICTED_CAUTION,train
1855,1,0.9606,0.0809,0.8356,0.7542,0.15,3.75,TIER_4_QUARANTINE_FRAUD,train
1856,0,0.0003,0.8312,0.9071,0.8244,0.0931,57.87,TIER_3_RESTRICTED_CAUTION,train
1857,0,0.0059,0.9803,0.9225,0.8715,0.4188,75.08,TIER_2_STANDARD_TRUST,train
1858,0,0.1796,0.8043,0.9171,0.7077,0.4571,66.99,TIER_2_STANDARD_TRUST,train
1859,1,0.697,0.2901,0.8896,0.5531,0.1193,20.12,TIER_4_QUARANTINE_FRAUD,train
1860,1,0.8741,0.1519,0.8485,0.5085,0.0481,6.69,TIER_4_QUARANTINE_FRAUD,train
1861,0,0.662,0.3058,0.8987,0.751,0.1331,25.17,TIER_4_QUARANTINE_FRAUD,train
1862,0,0.7463,0.3558,0.9106,0.6756,0.5165,40.34,TIER_4_QUARANTINE_FRAUD,train
1863,0,0.0804,0.7445,0.9214,0.7967,0.1238,55.8,TIER_3_RESTRICTED_CAUTION,train
1864,0,0.1197,0.7148,0.8884,0.8402,0.1411,56.27,TIER_3_RESTRICTED_CAUTION,train
1865,0,0.1293,0.7407,0.9143,0.7876,0.0693,53.48,TIER_3_RESTRICTED_CAUTION,val
1866,1,0.9495,0.113,0.8528,0.8696,0.1209,6.29,TIER_4_QUARANTINE_FRAUD,test
1867,0,0.1169,0.8221,0.9248,0.7725,0.0839,56.16,TIER_3_RESTRICTED_CAUTION,train
1868,1,0.9537,0.0911,0.8473,0.705,0.1121,4.1,TIER_4_QUARANTINE_FRAUD,train
1869,1,0.9655,0.1179,0.8755,0.6362,0.0555,5.28,TIER_4_QUARANTINE_FRAUD,train
1870,0,0.3844,0.5407,0.8846,0.5756,0.1101,43.31,TIER_4_QUARANTINE_FRAUD,train
1871,1,0.9609,0.1161,0.8653,0.4577,0.1112,4.72,TIER_4_QUARANTINE_FRAUD,train
1872,0,0.0014,0.9214,0.9163,0.8846,0.0154,59.46,TIER_3_RESTRICTED_CAUTION,train
1873,0,0.002,0.8292,0.9117,0.9008,0.4339,71.7,TIER_2_STANDARD_TRUST,val
1874,1,0.0055,0.8018,0.9026,0.5746,0.1267,51.88,TIER_3_RESTRICTED_CAUTION,train
1875,0,0.3374,0.5504,0.9078,0.9389,0.1541,54.46,TIER_3_RESTRICTED_CAUTION,train
1876,1,0.8624,0.1866,0.8387,0.6426,0.4937,15.07,TIER_4_QUARANTINE_FRAUD,test
1877,0,0.9397,0.1298,0.8546,0.5813,0.027,5.54,TIER_4_QUARANTINE_FRAUD,test
1878,1,0.822,0.2149,0.8844,0.9292,0.5069,21.53,TIER_4_QUARANTINE_FRAUD,val
1879,1,0.4172,0.4913,0.8731,0.6603,0.1512,45.27,TIER_3_RESTRICTED_CAUTION,test
1880,0,0.0994,0.7565,0.9254,0.7763,0.55,70.61,TIER_2_STANDARD_TRUST,test
1881,0,0.5572,0.3966,0.8803,0.8814,0.0991,39.2,TIER_4_QUARANTINE_FRAUD,test
1882,0,0.2094,0.6457,0.9034,1.0,0.0906,56.57,TIER_3_RESTRICTED_CAUTION,val
1883,0,0.0305,0.8837,0.8802,0.3029,0.0415,44.34,TIER_4_QUARANTINE_FRAUD,test
1884,0,0.0088,0.9129,0.9161,0.8816,0.1248,62.96,TIER_3_RESTRICTED_CAUTION,train
1885,0,0.0738,0.7789,0.9275,0.8968,0.9643,88.81,TIER_1_VERIFIED_SAFE,train
1886,0,0.2987,0.6103,0.8543,0.6276,0.1364,47.31,TIER_3_RESTRICTED_CAUTION,train
1887,0,0.0054,0.8987,0.9404,0.7676,0.13,60.11,TIER_3_RESTRICTED_CAUTION,test
1888,0,0.1558,0.7011,0.904,0.677,0.0392,48.37,TIER_3_RESTRICTED_CAUTION,train
1889,0,0.8903,0.1731,0.9087,0.7422,0.5105,14.64,TIER_4_QUARANTINE_FRAUD,test
1890,0,0.1417,0.6994,0.8697,0.8204,0.0925,53.43,TIER_3_RESTRICTED_CAUTION,train
1891,0,0.0166,0.9619,0.9275,0.7242,0.4557,72.19,TIER_2_STANDARD_TRUST,train
1892,0,0.6147,0.3517,0.8613,0.7015,0.0469,27.83,TIER_4_QUARANTINE_FRAUD,train
1893,0,0.0076,0.8053,0.8735,0.8119,0.1418,58.15,TIER_3_RESTRICTED_CAUTION,train
1894,0,0.1304,0.7077,0.8691,0.849,0.1476,56.32,TIER_3_RESTRICTED_CAUTION,train
1895,0,0.9285,0.1066,0.7289,0.2172,0.0216,2.56,TIER_4_QUARANTINE_FRAUD,train
1896,0,0.0365,0.7964,0.8695,0.7989,0.1044,56.21,TIER_3_RESTRICTED_CAUTION,train
1897,1,0.7665,0.2371,0.8327,0.5327,0.1359,14.57,TIER_4_QUARANTINE_FRAUD,train
1898,0,0.5646,0.3885,0.8745,0.6667,0.0211,31.24,TIER_4_QUARANTINE_FRAUD,train
1899,1,0.8561,0.1979,0.8759,1.0,0.5185,19.88,TIER_4_QUARANTINE_FRAUD,train
1900,0,0.8292,0.2182,0.8598,0.7349,0.5108,20.06,TIER_4_QUARANTINE_FRAUD,train
1901,0,0.0059,0.8015,0.9103,0.8318,0.1132,57.9,TIER_3_RESTRICTED_CAUTION,train
1902,0,0.144,0.8319,0.9243,0.6113,0.4511,65.27,TIER_2_STANDARD_TRUST,train
1903,0,0.3209,0.6745,0.9039,0.7946,0.1417,54.1,TIER_3_RESTRICTED_CAUTION,train
1904,0,0.0128,0.8985,0.9278,0.8881,0.0116,58.84,TIER_3_RESTRICTED_CAUTION,test
1905,1,0.8608,0.1833,0.8948,0.6871,0.065,10.55,TIER_4_QUARANTINE_FRAUD,test
1906,0,0.4562,0.4767,0.9247,0.7182,0.1689,47.41,TIER_3_RESTRICTED_CAUTION,train
1907,1,0.8829,0.1456,0.8272,0.5075,0.1268,6.86,TIER_4_QUARANTINE_FRAUD,val
1908,0,0.3627,0.5082,0.8638,0.8761,0.1099,49.63,TIER_3_RESTRICTED_CAUTION,train
1909,0,0.0117,0.9795,0.8921,0.8399,0.4746,75.92,TIER_2_STANDARD_TRUST,train
1910,0,0.089,0.7388,0.8789,0.8326,0.1171,55.87,TIER_3_RESTRICTED_CAUTION,train
1911,1,0.9525,0.1201,0.8845,1.0,0.9685,12.81,TIER_4_QUARANTINE_FRAUD,train
1912,0,0.0156,0.8255,0.8506,0.7899,0.1432,58.03,TIER_3_RESTRICTED_CAUTION,train
1913,1,0.9497,0.1072,0.8303,0.6432,0.023,4.4,TIER_4_QUARANTINE_FRAUD,train
1914,0,0.0369,0.9641,0.9255,0.8512,0.4249,74.33,TIER_2_STANDARD_TRUST,train
1915,0,0.0102,0.8002,0.9121,0.7712,0.1532,57.77,TIER_3_RESTRICTED_CAUTION,train
1916,1,0.8076,0.1997,0.8118,0.6148,0.1334,11.88,TIER_4_QUARANTINE_FRAUD,train
1917,1,0.918,0.075,0.8933,0.5037,0.1069,2.68,TIER_4_QUARANTINE_FRAUD,train
1918,0,0.0138,0.7981,0.8718,0.8058,0.1211,57.04,TIER_3_RESTRICTED_CAUTION,train
1919,1,0.6402,0.4324,0.8804,0.8455,0.1595,46.05,TIER_3_RESTRICTED_CAUTION,test
1920,0,0.0187,0.7951,0.9002,0.7751,0.4765,68.91,TIER_2_STANDARD_TRUST,test
1921,0,0.1039,0.7297,0.9228,0.6027,0.1621,51.86,TIER_3_RESTRICTED_CAUTION,train
1922,0,0.1202,0.7298,0.9195,0.7203,0.4933,66.36,TIER_2_STANDARD_TRUST,train
1923,1,0.8186,0.1427,0.8835,0.6712,0.0455,7.08,TIER_4_QUARANTINE_FRAUD,test
1924,1,0.9749,0.0732,0.8917,1.0,0.0507,3.57,TIER_4_QUARANTINE_FRAUD,val
1925,0,0.0038,0.938,0.89,0.7922,0.4548,72.76,TIER_2_STANDARD_TRUST,train
1926,0,0.3754,0.6329,0.9202,0.8328,0.1104,52.87,TIER_3_RESTRICTED_CAUTION,train
1927,1,0.9404,0.0519,0.8029,0.7375,0.0473,1.79,TIER_4_QUARANTINE_FRAUD,train
1928,0,0.0003,0.9164,0.9048,0.7,0.528,72.52,TIER_2_STANDARD_TRUST,train
1929,1,0.0774,0.7574,0.9015,0.5933,0.1214,50.82,TIER_3_RESTRICTED_CAUTION,test
1930,1,0.8772,0.1479,0.8364,0.5804,0.105,7.29,TIER_4_QUARANTINE_FRAUD,train
1931,0,0.04,0.9009,0.9285,0.8727,0.4756,74.78,TIER_2_STANDARD_TRUST,train
1932,0,0.0073,0.8268,0.9166,0.9399,0.099,60.93,TIER_3_RESTRICTED_CAUTION,train
1933,0,0.0313,0.9015,0.9045,0.8303,0.4708,73.33,TIER_2_STANDARD_TRUST,train
1934,1,0.9541,0.1104,0.8671,0.5881,0.0335,4.48,TIER_4_QUARANTINE_FRAUD,train
1935,0,0.0008,0.8083,0.9562,0.864,0.1743,61.51,TIER_3_RESTRICTED_CAUTION,train
1936,1,0.7753,0.2488,0.8891,0.5004,0.1273,15.42,TIER_4_QUARANTINE_FRAUD,val
1937,1,0.9443,0.095,0.8264,0.6837,0.1219,4.3,TIER_4_QUARANTINE_FRAUD,train
1938,0,0.0048,0.8047,0.8999,1.0,0.0859,61.15,TIER_3_RESTRICTED_CAUTION,train
1939,0,0.0014,0.9074,0.9519,0.8163,0.5224,75.43,TIER_2_STANDARD_TRUST,train
1940,0,0.2418,0.652,0.9233,0.6792,0.517,63.87,TIER_3_RESTRICTED_CAUTION,train
1941,0,0.2966,0.5924,0.9201,0.8675,0.0074,48.92,TIER_3_RESTRICTED_CAUTION,train
1942,1,0.8837,0.1535,0.8094,0.6867,0.1159,8.38,TIER_4_QUARANTINE_FRAUD,train
1943,0,0.2135,0.7804,0.9098,0.7494,0.4792,68.02,TIER_2_STANDARD_TRUST,train
1944,0,0.0999,0.7288,0.89,0.8514,0.1046,55.71,TIER_3_RESTRICTED_CAUTION,train
1945,0,0.0028,0.9118,0.9116,0.841,0.1324,62.13,TIER_3_RESTRICTED_CAUTION,train
1946,0,0.0225,0.907,0.9261,0.7454,0.5103,72.97,TIER_2_STANDARD_TRUST,val
1947,1,0.2801,0.6309,0.8963,0.848,0.1161,53.15,TIER_3_RESTRICTED_CAUTION,train
1948,0,0.7532,0.345,0.9132,0.7978,0.0933,30.22,TIER_4_QUARANTINE_FRAUD,train
1949,1,0.6203,0.448,0.8914,0.7093,0.445,55.34,TIER_3_RESTRICTED_CAUTION,train
1950,0,0.2626,0.6112,0.905,0.8438,0.5411,67.42,TIER_2_STANDARD_TRUST,train
1951,1,0.9501,0.1103,0.8495,0.533,0.4579,6.62,TIER_4_QUARANTINE_FRAUD,train
1952,0,0.2679,0.6017,0.9038,0.9288,0.0185,50.96,TIER_3_RESTRICTED_CAUTION,train
1953,1,0.915,0.0799,0.7845,0.7336,0.1158,3.45,TIER_4_QUARANTINE_FRAUD,val
1954,0,0.0285,0.8999,0.9212,0.75,0.4749,71.58,TIER_2_STANDARD_TRUST,test
1955,0,0.0853,0.7681,0.8696,0.8063,0.9721,85.92,TIER_1_VERIFIED_SAFE,train
1956,0,0.1429,0.673,0.8662,1.0,0.6607,76.98,TIER_2_STANDARD_TRUST,test
1957,0,0.0379,0.9103,0.9257,0.7165,0.4784,71.22,TIER_2_STANDARD_TRUST,train
1958,0,0.8079,0.2023,0.8595,0.6787,0.0806,12.18,TIER_4_QUARANTINE_FRAUD,train
1959,0,0.4987,0.4326,0.8243,0.774,0.1011,41.9,TIER_4_QUARANTINE_FRAUD,train
1960,0,0.086,0.7512,0.889,0.8586,0.1436,57.92,TIER_3_RESTRICTED_CAUTION,val
1961,0,0.4927,0.4476,0.908,0.7792,0.091,44.86,TIER_4_QUARANTINE_FRAUD,train
1962,1,0.8565,0.1615,0.8074,0.6882,0.0975,8.85,TIER_4_QUARANTINE_FRAUD,train
1963,0,0.2585,0.6377,0.842,0.7263,0.4695,62.14,TIER_3_RESTRICTED_CAUTION,train
1964,1,0.8335,0.201,0.8118,0.688,0.0508,11.62,TIER_4_QUARANTINE_FRAUD,val
1965,0,0.198,0.6571,0.873,0.5455,0.1396,46.97,TIER_3_RESTRICTED_CAUTION,train
1966,0,0.4785,0.4656,0.9072,0.4538,0.4486,50.08,TIER_3_RESTRICTED_CAUTION,train
1967,1,0.8893,0.14,0.8788,0.6449,0.1361,7.42,TIER_4_QUARANTINE_FRAUD,train
1968,0,0.576,0.3745,0.8616,0.6409,0.0279,29.02,TIER_4_QUARANTINE_FRAUD,train
1969,0,0.002,0.9895,0.912,0.8653,0.4315,75.54,TIER_2_STANDARD_TRUST,train
1970,0,0.6831,0.2662,0.8494,0.8727,0.0647,20.5,TIER_4_QUARANTINE_FRAUD,train
1971,0,0.0872,0.7627,0.9229,0.6396,0.4631,64.31,TIER_3_RESTRICTED_CAUTION,test
1972,0,0.3767,0.5298,0.8287,0.644,0.1245,44.64,TIER_4_QUARANTINE_FRAUD,train
1973,0,0.0169,0.8047,0.8976,0.8071,0.1202,57.5,TIER_3_RESTRICTED_CAUTION,train
1974,1,0.9209,0.141,0.9067,0.5508,0.0437,6.32,TIER_4_QUARANTINE_FRAUD,train
1975,0,0.0164,0.7948,0.8979,0.6897,0.1022,53.64,TIER_3_RESTRICTED_CAUTION,train
1976,0,0.0051,0.9039,0.93,0.7938,0.0912,59.45,TIER_3_RESTRICTED_CAUTION,train
1977,0,0.5919,0.4902,0.9095,1.0,0.4453,64.39,TIER_3_RESTRICTED_CAUTION,test
1978,0,0.1782,0.6699,0.8886,0.9708,0.6749,76.88,TIER_2_STANDARD_TRUST,train
1979,1,0.4914,0.4748,0.8729,0.7872,0.146,47.76,TIER_3_RESTRICTED_CAUTION,test
1980,0,0.0659,0.7752,0.9033,0.8706,0.4906,71.22,TIER_2_STANDARD_TRUST,val
1981,0,0.1604,0.6916,0.9269,0.7256,0.0812,51.0,TIER_3_RESTRICTED_CAUTION,train
1982,0,0.1243,0.7094,0.9069,0.7911,0.1406,55.05,TIER_3_RESTRICTED_CAUTION,train
1983,0,0.0089,0.8075,0.915,0.8782,0.105,59.01,TIER_3_RESTRICTED_CAUTION,val
1984,0,0.0376,0.9615,0.9505,0.6851,0.4256,70.37,TIER_2_STANDARD_TRUST,train
1985,0,0.0816,0.7765,0.8665,0.8977,0.134,59.09,TIER_3_RESTRICTED_CAUTION,train
1986,0,0.3243,0.5606,0.8727,0.6378,0.0451,43.07,TIER_4_QUARANTINE_FRAUD,test
1987,0,0.8146,0.2218,0.8436,0.6071,0.1232,13.79,TIER_4_QUARANTINE_FRAUD,train
1988,0,0.3889,0.5441,0.9063,0.804,0.4601,61.59,TIER_3_RESTRICTED_CAUTION,train
1989,1,0.6121,0.2951,0.8549,0.6262,0.1202,21.53,TIER_4_QUARANTINE_FRAUD,train
1990,0,0.909,0.1199,0.8303,0.6875,0.1459,6.13,TIER_4_QUARANTINE_FRAUD,train
1991,0,0.0041,0.8064,0.8672,0.8133,0.1187,57.35,TIER_3_RESTRICTED_CAUTION,test
1992,1,0.5916,0.3655,0.8869,0.7972,0.1611,34.65,TIER_4_QUARANTINE_FRAUD,train
1993,1,0.9742,0.0833,0.8029,0.3458,0.02,2.22,TIER_4_QUARANTINE_FRAUD,val
1994,0,0.038,0.796,0.9085,0.8455,0.6683,77.49,TIER_2_STANDARD_TRUST,train
1995,0,0.0201,0.7915,0.872,0.7983,0.1159,56.48,TIER_3_RESTRICTED_CAUTION,train
1996,0,0.0066,0.8014,0.9252,0.8122,0.1443,58.65,TIER_3_RESTRICTED_CAUTION,train
1997,1,0.9209,0.1328,0.8398,0.5831,0.0505,5.88,TIER_4_QUARANTINE_FRAUD,test
1998,0,0.2951,0.5864,0.9153,0.781,0.1603,51.88,TIER_3_RESTRICTED_CAUTION,train
1999,0,0.0008,0.8329,0.8938,0.8014,0.1288,58.47,TIER_3_RESTRICTED_CAUTION,train
2000,1,0.9572,0.0459,0.8388,0.4037,0.1058,1.21,TIER_4_QUARANTINE_FRAUD,val
2001,0,0.8693,0.1712,0.8827,0.5635,0.1156,9.14,TIER_4_QUARANTINE_FRAUD,train
2002,0,0.0066,0.934,0.8301,0.8094,0.1625,62.24,TIER_3_RESTRICTED_CAUTION,train
2003,1,0.911,0.0826,0.7522,0.9056,0.1516,4.19,TIER_4_QUARANTINE_FRAUD,train
2004,0,0.0382,0.909,0.925,0.8552,0.4696,74.33,TIER_2_STANDARD_TRUST,test
2005,0,0.6382,0.4548,0.9049,0.6278,0.4576,54.41,TIER_3_RESTRICTED_CAUTION,train
2006,0,0.011,0.8011,0.9579,0.6717,0.1219,54.67,TIER_3_RESTRICTED_CAUTION,train
2007,0,0.4854,0.4629,0.8649,0.7163,0.1687,46.35,TIER_3_RESTRICTED_CAUTION,test
2008,1,0.9612,0.0932,0.8295,0.6018,0.1128,3.88,TIER_4_QUARANTINE_FRAUD,train
2009,1,0.7962,0.2342,0.8404,0.6934,0.1303,15.96,TIER_4_QUARANTINE_FRAUD,val
2010,1,0.4711,0.4682,0.8879,1.0,0.151,53.21,TIER_3_RESTRICTED_CAUTION,test
2011,0,0.0056,0.9159,0.9237,0.7007,0.1123,58.16,TIER_3_RESTRICTED_CAUTION,train
2012,0,0.2154,0.7669,0.9262,0.7939,0.5019,69.68,TIER_2_STANDARD_TRUST,train
2013,0,0.9299,0.1144,0.8876,0.7855,0.1468,6.25,TIER_4_QUARANTINE_FRAUD,test
2014,0,0.0105,0.798,0.9295,0.7437,0.1072,55.58,TIER_3_RESTRICTED_CAUTION,train
2015,0,0.0704,0.8774,0.9265,0.857,0.4193,71.69,TIER_2_STANDARD_TRUST,train
2016,0,0.0011,0.9827,0.9037,0.7835,0.4611,74.24,TIER_2_STANDARD_TRUST,train
2017,0,0.5301,0.431,0.8588,0.7653,0.1217,42.46,TIER_4_QUARANTINE_FRAUD,train
2018,1,0.263,0.6102,0.8916,0.4973,0.0261,40.57,TIER_4_QUARANTINE_FRAUD,train
2019,0,0.0052,0.8031,0.8696,0.8091,0.1303,57.58,TIER_3_RESTRICTED_CAUTION,train
2020,0,0.0134,0.902,0.9645,0.6492,0.471,69.42,TIER_2_STANDARD_TRUST,train
2021,0,0.1211,0.734,0.9106,0.8656,0.126,57.18,TIER_3_RESTRICTED_CAUTION,train
2022,0,0.8689,0.1542,0.8154,0.7206,0.1457,8.92,TIER_4_QUARANTINE_FRAUD,train
2023,0,0.5843,0.492,0.8855,0.5286,0.4506,52.6,TIER_3_RESTRICTED_CAUTION,test
2024,0,0.0417,0.9083,0.8998,0.7304,0.4358,69.76,TIER_2_STANDARD_TRUST,train
2025,0,0.7403,0.2784,0.8487,0.766,0.5175,28.97,TIER_4_QUARANTINE_FRAUD,val
2026,0,0.2072,0.6567,0.8565,0.73,0.0659,48.82,TIER_3_RESTRICTED_CAUTION,train
2027,0,0.0158,0.9242,0.9311,0.8351,0.1075,61.68,TIER_3_RESTRICTED_CAUTION,train
2028,0,0.0085,0.8241,0.904,0.6514,0.0253,50.93,TIER_3_RESTRICTED_CAUTION,train
2029,0,0.2982,0.6074,0.8933,0.7151,0.55,64.28,TIER_3_RESTRICTED_CAUTION,train
2030,0,0.789,0.2127,0.8781,0.6386,0.0436,12.33,TIER_4_QUARANTINE_FRAUD,test
2031,0,0.0032,0.932,0.928,0.8874,0.4198,74.12,TIER_2_STANDARD_TRUST,train
2032,0,0.7672,0.2592,0.8948,0.7336,0.1316,19.36,TIER_4_QUARANTINE_FRAUD,train
2033,0,0.6933,0.4021,0.8538,0.7729,0.0849,37.05,TIER_4_QUARANTINE_FRAUD,train
2034,0,0.3331,0.5597,0.8967,0.8677,0.1695,53.38,TIER_3_RESTRICTED_CAUTION,train
2035,0,0.0027,0.8364,0.9113,0.9069,0.4524,72.71,TIER_2_STANDARD_TRUST,train
2036,0,0.3563,0.5392,0.8743,0.6667,0.097,44.98,TIER_4_QUARANTINE_FRAUD,train
2037,1,0.9145,0.1451,0.8945,0.648,0.4637,10.5,TIER_4_QUARANTINE_FRAUD,train
2038,0,0.0478,0.8974,0.8901,0.7133,0.4664,69.98,TIER_2_STANDARD_TRUST,train
2039,1,0.9894,0.0999,0.8992,1.0,0.4887,7.65,TIER_4_QUARANTINE_FRAUD,train
2040,0,0.0956,0.7299,0.9131,0.7955,0.1108,54.79,TIER_3_RESTRICTED_CAUTION,train
2041,0,0.1568,0.8025,0.8999,0.6667,0.4559,65.7,TIER_2_STANDARD_TRUST,train
2042,0,0.0415,0.7717,0.9332,0.3412,0.1051,44.69,TIER_4_QUARANTINE_FRAUD,train
2043,0,0.0987,0.7458,0.8972,0.7667,0.55,69.76,TIER_2_STANDARD_TRUST,train
2044,0,0.0282,0.7847,0.872,0.7924,0.125,56.45,TIER_3_RESTRICTED_CAUTION,train
2045,1,0.8812,0.0988,0.8498,0.7578,0.0686,4.57,TIER_4_QUARANTINE_FRAUD,train
2046,0,0.2064,0.6497,0.9288,0.9232,0.1912,58.55,TIER_3_RESTRICTED_CAUTION,train
2047,0,0.005,0.922,0.9133,0.8123,0.4305,72.17,TIER_2_STANDARD_TRUST,train
2048,1,0.8812,0.174,0.874,0.6205,0.1231,9.82,TIER_4_QUARANTINE_FRAUD,train
2049,0,0.8153,0.2052,0.8799,0.5919,0.1216,12.25,TIER_4_QUARANTINE_FRAUD,train
2050,1,0.7915,0.2356,0.8894,1.0,0.5275,25.62,TIER_4_QUARANTINE_FRAUD,train
2051,0,0.0122,0.8071,0.9061,0.8167,0.4212,68.43,TIER_2_STANDARD_TRUST,test
2052,0,0.0328,0.8122,0.8905,0.7269,0.4616,67.6,TIER_2_STANDARD_TRUST,train
2053,1,0.815,0.1936,0.8849,0.7457,0.1656,13.06,TIER_4_QUARANTINE_FRAUD,val
2054,0,0.0306,0.8882,0.9585,0.8552,0.5015,75.16,TIER_2_STANDARD_TRUST,train
2055,0,0.0058,0.8238,0.8735,0.7727,0.033,53.92,TIER_3_RESTRICTED_CAUTION,train
2056,1,0.9391,0.136,0.8509,0.7764,0.1306,7.72,TIER_4_QUARANTINE_FRAUD,train
2057,1,0.8786,0.1674,0.8027,0.7061,0.1182,9.63,TIER_4_QUARANTINE_FRAUD,train
2058,0,0.7601,0.2493,0.8575,0.7969,0.1243,18.71,TIER_4_QUARANTINE_FRAUD,train
2059,0,0.0015,0.9121,0.9476,0.8186,0.0728,59.85,TIER_3_RESTRICTED_CAUTION,test
2060,0,0.9458,0.1175,0.9175,0.14,0.0078,2.88,TIER_4_QUARANTINE_FRAUD,train
2061,0,0.3849,0.5177,0.8632,0.7353,0.0908,45.72,TIER_3_RESTRICTED_CAUTION,train
2062,0,0.525,0.4196,0.8697,0.6667,0.1012,37.88,TIER_4_QUARANTINE_FRAUD,test
2063,0,0.125,0.7376,0.8901,0.78,0.149,55.74,TIER_3_RESTRICTED_CAUTION,test
2064,0,0.6674,0.2684,0.7871,0.7811,0.1279,20.4,TIER_4_QUARANTINE_FRAUD,train
2065,0,0.137,0.717,0.8763,0.835,0.4705,67.61,TIER_2_STANDARD_TRUST,test
2066,0,0.0228,0.7892,0.9326,0.9553,0.1058,60.59,TIER_3_RESTRICTED_CAUTION,test
2067,0,0.0219,0.8229,0.8445,0.8193,0.1176,57.73,TIER_3_RESTRICTED_CAUTION,test
2068,0,0.2856,0.7032,0.9265,1.0,0.4244,70.21,TIER_2_STANDARD_TRUST,train
2069,0,0.6985,0.4124,0.9218,0.6368,0.4528,47.64,TIER_3_RESTRICTED_CAUTION,test
2070,0,0.092,0.8548,0.9096,0.861,0.4556,72.21,TIER_2_STANDARD_TRUST,train
2071,0,0.3812,0.5205,0.9275,0.8027,0.1571,50.46,TIER_3_RESTRICTED_CAUTION,train
2072,1,0.9656,0.1034,0.8567,0.3526,0.1029,3.56,TIER_4_QUARANTINE_FRAUD,train
2073,1,0.1243,0.7274,0.8323,0.7906,0.482,66.78,TIER_2_STANDARD_TRUST,train
2074,1,0.9341,0.1028,0.8136,1.0,0.0485,5.57,TIER_4_QUARANTINE_FRAUD,val
2075,0,0.1098,0.8514,0.899,0.6014,0.4729,66.12,TIER_2_STANDARD_TRUST,train
2076,1,0.8542,0.1925,0.8786,0.5454,0.4203,14.23,TIER_4_QUARANTINE_FRAUD,val
2077,0,0.2875,0.5954,0.9128,0.7934,0.1513,52.12,TIER_3_RESTRICTED_CAUTION,train
2078,0,0.0034,0.8075,0.9357,0.8498,0.4426,70.32,TIER_2_STANDARD_TRUST,train
2079,0,0.072,0.7768,0.8722,0.822,0.55,71.83,TIER_2_STANDARD_TRUST,train
2080,0,0.3004,0.6006,0.903,0.7283,0.0752,47.89,TIER_3_RESTRICTED_CAUTION,train
2081,0,0.3283,0.5578,0.7993,1.0,0.0449,51.3,TIER_3_RESTRICTED_CAUTION,train
2082,0,0.0919,0.7492,0.8549,0.5647,0.6447,67.71,TIER_2_STANDARD_TRUST,test
2083,1,0.9668,0.0919,0.854,0.5498,0.1077,3.65,TIER_4_QUARANTINE_FRAUD,train
2084,0,0.6353,0.3278,0.8956,0.7338,0.1353,27.74,TIER_4_QUARANTINE_FRAUD,train
2085,1,0.9409,0.1141,0.8897,1.0,0.55,9.5,TIER_4_QUARANTINE_FRAUD,train
2086,0,0.0022,0.9397,0.9202,0.7712,0.4381,72.01,TIER_2_STANDARD_TRUST,test
2087,1,0.9591,0.0868,0.8412,0.6238,0.0974,3.54,TIER_4_QUARANTINE_FRAUD,train
2088,1,0.7458,0.2545,0.8713,0.5763,0.1275,16.79,TIER_4_QUARANTINE_FRAUD,train
2089,0,0.0815,0.8652,0.9064,0.8314,0.4595,71.89,TIER_2_STANDARD_TRUST,train
2090,0,0.2736,0.6016,0.8682,0.6765,0.0908,46.82,TIER_3_RESTRICTED_CAUTION,train
2091,1,0.9135,0.1267,0.8806,0.4071,0.1086,5.12,TIER_4_QUARANTINE_FRAUD,test
2092,0,0.1429,0.6956,0.8655,0.8369,0.1428,55.44,TIER_3_RESTRICTED_CAUTION,train
2093,0,0.0006,0.9094,0.9146,0.7822,0.061,58.12,TIER_3_RESTRICTED_CAUTION,train
2094,0,0.1699,0.8058,0.9307,0.7944,0.5283,71.83,TIER_2_STANDARD_TRUST,val
2095,1,0.7236,0.2975,0.8939,0.5508,0.4727,28.13,TIER_4_QUARANTINE_FRAUD,train
2096,0,0.3697,0.5255,0.8995,0.9931,0.2328,57.73,TIER_3_RESTRICTED_CAUTION,train
2097,0,0.1339,0.6749,0.8506,0.8328,0.2118,56.99,TIER_3_RESTRICTED_CAUTION,train
2098,0,0.0094,0.8951,0.9472,0.8003,0.1613,61.98,TIER_3_RESTRICTED_CAUTION,train
2099,1,0.8936,0.1555,0.8361,0.6406,0.4688,11.42,TIER_4_QUARANTINE_FRAUD,test
2100,0,0.0619,0.8889,0.8819,0.7242,0.4475,69.26,TIER_2_STANDARD_TRUST,train
2101,0,0.0431,0.7761,0.9085,0.8237,0.1267,57.39,TIER_3_RESTRICTED_CAUTION,train
2102,0,0.0034,0.807,0.8978,0.8349,0.1295,58.59,TIER_3_RESTRICTED_CAUTION,train
2103,0,0.1419,0.7257,0.8383,0.749,0.1446,53.94,TIER_3_RESTRICTED_CAUTION,train
2104,0,0.0,0.8411,0.9177,0.8307,0.4943,72.48,TIER_2_STANDARD_TRUST,test
2105,0,0.0766,0.8697,0.9104,0.727,0.9642,87.12,TIER_1_VERIFIED_SAFE,train
2106,0,0.0272,0.7916,0.9277,0.7838,0.1055,56.31,TIER_3_RESTRICTED_CAUTION,train
2107,0,0.6192,0.3381,0.881,0.68,0.1228,27.76,TIER_4_QUARANTINE_FRAUD,train
2108,0,0.0029,0.9862,0.9267,0.8769,0.4201,75.48,TIER_2_STANDARD_TRUST,train
2109,0,0.0078,0.8188,0.8702,0.8436,0.4275,69.32,TIER_2_STANDARD_TRUST,val
2110,0,0.4892,0.4448,0.8817,0.9883,0.1983,53.01,TIER_3_RESTRICTED_CAUTION,train
2111,0,0.0644,0.7915,0.8939,0.8338,0.4706,70.0,TIER_2_STANDARD_TRUST,train
2112,0,0.1927,0.6671,0.9024,0.5479,0.1112,46.63,TIER_3_RESTRICTED_CAUTION,train
2113,0,0.2193,0.7626,0.9359,0.6572,0.4968,66.06,TIER_2_STANDARD_TRUST,train
2114,0,0.0112,0.9076,0.9206,0.8178,0.4859,73.89,TIER_2_STANDARD_TRUST,train
2115,1,0.9393,0.2362,0.9046,1.0,0.5179,25.64,TIER_4_QUARANTINE_FRAUD,train
2116,0,0.0433,0.8097,0.9366,0.8328,0.9709,88.46,TIER_1_VERIFIED_SAFE,train
2117,0,0.7312,0.2601,0.8949,0.6268,0.0263,16.35,TIER_4_QUARANTINE_FRAUD,test
2118,0,0.0411,0.8985,0.8792,0.804,0.5714,75.85,TIER_2_STANDARD_TRUST,val
2119,0,0.2354,0.7378,0.8893,0.7769,0.98,84.75,TIER_1_VERIFIED_SAFE,train
2120,0,0.7614,0.2505,0.8806,0.7579,0.1438,18.82,TIER_4_QUARANTINE_FRAUD,test
2121,1,0.8847,0.0931,0.824,0.6513,0.1097,4.02,TIER_4_QUARANTINE_FRAUD,train
2122,0,0.4397,0.6097,0.8451,0.6924,0.5327,62.7,TIER_3_RESTRICTED_CAUTION,val
2123,1,0.7119,0.2766,0.8967,0.8179,0.1284,22.42,TIER_4_QUARANTINE_FRAUD,test
2124,0,0.1777,0.6207,0.8623,0.8173,0.1162,51.74,TIER_3_RESTRICTED_CAUTION,train
2125,0,0.0012,0.9405,0.9241,0.7881,0.4695,73.59,TIER_2_STANDARD_TRUST,val
2126,0,0.3127,0.6773,0.8764,0.6569,0.4751,62.13,TIER_3_RESTRICTED_CAUTION,test
2127,0,0.0174,0.7926,0.927,0.7719,0.141,57.28,TIER_3_RESTRICTED_CAUTION,train
2128,0,0.6872,0.3909,0.9248,0.6615,0.0708,33.3,TIER_4_QUARANTINE_FRAUD,test
2129,0,0.9183,0.1506,0.903,0.5064,0.4396,10.02,TIER_4_QUARANTINE_FRAUD,train
2130,0,0.1394,0.71,0.9047,0.8225,0.5273,69.37,TIER_2_STANDARD_TRUST,train
2131,0,0.0089,0.8326,0.9272,0.7342,0.4357,67.86,TIER_2_STANDARD_TRUST,test
2132,0,0.1866,0.7736,0.9009,0.7149,0.4567,66.08,TIER_2_STANDARD_TRUST,train
2133,0,0.0694,0.7084,0.8983,0.8505,0.0444,53.05,TIER_3_RESTRICTED_CAUTION,test
2134,1,0.9444,0.0561,0.802,0.5852,0.1121,1.89,TIER_4_QUARANTINE_FRAUD,train
2135,0,0.0277,0.8201,0.9259,0.8367,0.4423,70.26,TIER_2_STANDARD_TRUST,train
2136,0,0.2994,0.7641,0.871,0.7437,0.436,65.49,TIER_2_STANDARD_TRUST,train
2137,1,0.9563,0.1044,0.8783,1.0,0.1006,6.05,TIER_4_QUARANTINE_FRAUD,test
2138,0,0.0123,0.8961,0.9521,0.8318,0.1555,62.64,TIER_3_RESTRICTED_CAUTION,train
2139,0,0.0371,0.7784,0.8918,0.6872,0.1,52.95,TIER_3_RESTRICTED_CAUTION,test
2140,1,0.8504,0.1671,0.8586,0.2529,0.0385,5.86,TIER_4_QUARANTINE_FRAUD,train
2141,0,0.9126,0.2522,0.8575,0.689,0.4538,23.2,TIER_4_QUARANTINE_FRAUD,train
2142,0,0.0033,0.8126,0.8742,0.838,0.1325,58.71,TIER_3_RESTRICTED_CAUTION,train
2143,1,0.8815,0.1027,0.8374,0.4074,0.0201,3.27,TIER_4_QUARANTINE_FRAUD,test
2144,0,0.4793,0.395,0.8431,0.838,0.135,38.8,TIER_4_QUARANTINE_FRAUD,train
2145,1,0.8703,0.1491,0.8628,0.56,0.1216,7.46,TIER_4_QUARANTINE_FRAUD,test
2146,0,0.976,0.081,0.8366,0.7091,0.1493,3.63,TIER_4_QUARANTINE_FRAUD,train
2147,1,0.6309,0.3327,0.8897,0.7879,0.1621,29.87,TIER_4_QUARANTINE_FRAUD,train
2148,0,0.0015,0.8283,0.9113,0.8746,0.4519,71.64,TIER_2_STANDARD_TRUST,train
2149,0,0.0773,0.7709,0.917,0.7517,0.1014,54.64,TIER_3_RESTRICTED_CAUTION,test
2150,1,0.941,0.0985,0.8077,0.907,0.0422,4.88,TIER_4_QUARANTINE_FRAUD,train
2151,0,0.8918,0.1353,0.7761,0.2233,0.0201,3.8,TIER_4_QUARANTINE_FRAUD,train
2152,1,0.9717,0.1018,0.8898,0.5383,0.0589,3.98,TIER_4_QUARANTINE_FRAUD,train
2153,0,0.0015,0.9366,0.9312,0.8484,0.443,74.13,TIER_2_STANDARD_TRUST,train
2154,0,0.4958,0.4338,0.8819,0.8129,0.1368,44.75,TIER_4_QUARANTINE_FRAUD,train
2155,0,0.309,0.5755,0.8695,0.6664,0.0964,45.99,TIER_3_RESTRICTED_CAUTION,train
2156,0,0.5943,0.3144,0.8793,0.8289,0.1334,27.37,TIER_4_QUARANTINE_FRAUD,val
2157,0,0.0229,0.9135,0.9156,0.7756,0.5251,74.33,TIER_2_STANDARD_TRUST,test
2158,0,0.0124,0.7964,0.9228,0.835,0.1398,58.89,TIER_3_RESTRICTED_CAUTION,train
2159,0,0.5178,0.4156,0.9168,0.9627,0.112,44.74,TIER_4_QUARANTINE_FRAUD,train
2160,1,0.9043,0.1282,0.8509,0.7763,0.0988,6.88,TIER_4_QUARANTINE_FRAUD,train
2161,0,0.5808,0.371,0.8759,0.7035,0.0964,31.79,TIER_4_QUARANTINE_FRAUD,train
2162,0,0.3535,0.5397,0.8555,0.7394,0.114,47.22,TIER_3_RESTRICTED_CAUTION,train
2163,1,0.9624,0.0911,0.8873,0.465,0.1191,3.44,TIER_4_QUARANTINE_FRAUD,train
2164,0,0.0064,0.8003,0.9149,0.7696,0.1091,56.22,TIER_3_RESTRICTED_CAUTION,train
2165,1,0.9594,0.0829,0.8449,0.6991,0.0598,3.38,TIER_4_QUARANTINE_FRAUD,train
2166,0,0.0021,0.8328,0.9109,0.8317,0.44,70.28,TIER_2_STANDARD_TRUST,test
2167,0,0.0248,0.9005,0.8844,0.8198,0.141,61.29,TIER_3_RESTRICTED_CAUTION,test
2168,0,0.8314,0.1832,0.8678,0.7171,0.0382,10.4,TIER_4_QUARANTINE_FRAUD,val
2169,0,0.3534,0.54,0.9158,0.945,0.2113,56.38,TIER_3_RESTRICTED_CAUTION,train
2170,1,0.9018,0.129,0.8029,0.5623,0.1289,6.0,TIER_4_QUARANTINE_FRAUD,train
2171,0,0.1522,0.7066,0.8683,0.7176,0.4231,62.63,TIER_3_RESTRICTED_CAUTION,val
2172,0,0.2085,0.6548,0.8554,0.9061,0.0974,54.26,TIER_3_RESTRICTED_CAUTION,train
2173,0,0.0901,0.7347,0.9157,0.7262,0.1709,55.33,TIER_3_RESTRICTED_CAUTION,train
2174,0,0.3796,0.475,0.8836,0.7263,0.0338,42.43,TIER_4_QUARANTINE_FRAUD,train
2175,1,0.959,0.1137,0.8879,0.985,0.0414,6.42,TIER_4_QUARANTINE_FRAUD,val
2176,0,0.5854,0.4893,0.9109,0.7463,0.1125,46.38,TIER_3_RESTRICTED_CAUTION,train
2177,0,0.241,0.6218,0.9052,0.7948,0.1018,51.14,TIER_3_RESTRICTED_CAUTION,train
2178,1,0.2441,0.6188,0.8401,0.7475,0.1686,51.55,TIER_3_RESTRICTED_CAUTION,train
2179,0,0.0092,0.9207,0.8841,0.85,0.2359,65.97,TIER_2_STANDARD_TRUST,train
2180,0,0.0037,0.9904,0.9255,0.7633,0.4594,74.13,TIER_2_STANDARD_TRUST,train
2181,0,0.1127,0.7394,0.9069,0.942,0.6621,77.98,TIER_2_STANDARD_TRUST,train
2182,1,0.9833,0.1035,0.8714,0.7275,0.4475,6.76,TIER_4_QUARANTINE_FRAUD,train
2183,0,0.1185,0.7193,0.8717,0.8235,0.144,55.92,TIER_3_RESTRICTED_CAUTION,train
2184,0,0.1375,0.7032,0.8659,0.7958,0.0988,53.11,TIER_3_RESTRICTED_CAUTION,train
2185,0,0.0024,0.8039,0.8666,0.8036,0.1175,56.98,TIER_3_RESTRICTED_CAUTION,train
2186,0,0.0032,0.8273,0.9195,0.8168,0.1189,58.59,TIER_3_RESTRICTED_CAUTION,test
2187,1,0.9534,0.1215,0.8951,0.402,0.4436,6.96,TIER_4_QUARANTINE_FRAUD,train
2188,0,0.7173,0.3,0.8674,0.9027,0.4631,33.32,TIER_4_QUARANTINE_FRAUD,train
2189,1,0.7894,0.22,0.8858,0.8158,0.0314,14.57,TIER_4_QUARANTINE_FRAUD,train
2190,0,0.0012,0.9117,0.9251,0.8192,0.1235,61.4,TIER_3_RESTRICTED_CAUTION,train
2191,0,0.0102,0.9222,0.9273,0.7913,0.5316,75.33,TIER_2_STANDARD_TRUST,test
2192,0,0.006,0.8054,0.8681,0.7767,0.129,56.77,TIER_3_RESTRICTED_CAUTION,train
2193,1,0.8735,0.1497,0.8268,0.5571,0.1222,7.41,TIER_4_QUARANTINE_FRAUD,train
2194,0,0.0102,0.9252,0.9237,0.915,0.4294,74.9,TIER_2_STANDARD_TRUST,train
2195,1,0.9596,0.1127,0.8825,1.0,0.5404,9.28,TIER_4_QUARANTINE_FRAUD,train
2196,0,0.8926,0.1377,0.867,0.7439,0.099,7.48,TIER_4_QUARANTINE_FRAUD,test
2197,0,0.6386,0.3255,0.901,0.7082,0.0499,25.08,TIER_4_QUARANTINE_FRAUD,train
2198,1,0.9127,0.1526,0.8634,0.5226,0.1079,7.37,TIER_4_QUARANTINE_FRAUD,train
2199,1,0.9345,0.1191,0.8608,0.4675,0.0154,4.34,TIER_4_QUARANTINE_FRAUD,train
2200,0,0.0,0.8359,0.8698,0.8164,0.1457,59.28,TIER_3_RESTRICTED_CAUTION,train
2201,0,0.0924,0.8197,0.8869,0.7042,0.4479,66.74,TIER_2_STANDARD_TRUST,train
2202,0,0.0266,0.9201,0.9093,0.7776,0.5216,74.39,TIER_2_STANDARD_TRUST,train
2203,0,0.0319,0.7775,0.8412,0.8177,0.1225,56.47,TIER_3_RESTRICTED_CAUTION,train
2204,1,0.8757,0.1116,0.8352,0.554,0.1107,4.81,TIER_4_QUARANTINE_FRAUD,test
2205,1,0.6255,0.4767,0.8892,0.7146,0.4203,55.77,TIER_3_RESTRICTED_CAUTION,test
2206,0,0.0032,0.8107,0.9343,0.8379,0.4444,70.16,TIER_2_STANDARD_TRUST,test
2207,0,0.4452,0.4692,0.8512,0.7833,0.1512,47.46,TIER_3_RESTRICTED_CAUTION,train
2208,0,0.0065,0.9248,0.9371,0.7611,0.4613,72.29,TIER_2_STANDARD_TRUST,test
2209,1,0.8729,0.161,0.8565,0.4818,0.0174,6.84,TIER_4_QUARANTINE_FRAUD,train
2210,0,0.1355,0.7269,0.9058,0.8743,0.4636,68.95,TIER_2_STANDARD_TRUST,train
2211,0,0.2712,0.616,0.921,0.854,0.6655,72.33,TIER_2_STANDARD_TRUST,test
2212,1,0.955,0.0356,0.8781,0.7347,0.1214,1.2,TIER_4_QUARANTINE_FRAUD,train
2213,0,0.0526,0.7929,0.8078,0.97,0.9544,89.52,TIER_1_VERIFIED_SAFE,test
2214,0,0.0118,0.7957,0.9075,0.9893,0.6749,81.3,TIER_1_VERIFIED_SAFE,train
2215,0,0.4556,0.4708,0.8241,0.5852,0.1262,41.41,TIER_4_QUARANTINE_FRAUD,train
2216,1,0.5026,0.456,0.8893,0.8203,0.4611,59.22,TIER_3_RESTRICTED_CAUTION,train
2217,0,0.5277,0.4115,0.8983,0.7222,0.0559,36.81,TIER_4_QUARANTINE_FRAUD,val
2218,0,0.0984,0.7319,0.8605,0.8224,0.1224,55.41,TIER_3_RESTRICTED_CAUTION,test
2219,0,0.8914,0.2625,0.8744,0.892,0.5152,28.27,TIER_4_QUARANTINE_FRAUD,train
2220,1,0.9467,0.0967,0.9029,1.0,0.0625,5.3,TIER_4_QUARANTINE_FRAUD,test
2221,0,0.6127,0.2946,0.8507,0.7614,0.1362,23.73,TIER_4_QUARANTINE_FRAUD,train
2222,0,0.6861,0.2914,0.8772,0.6279,0.1087,21.04,TIER_4_QUARANTINE_FRAUD,train
2223,0,0.3338,0.5516,0.9096,0.823,0.0437,47.75,TIER_3_RESTRICTED_CAUTION,train
2224,1,0.7803,0.2457,0.8898,0.8377,0.0696,18.05,TIER_4_QUARANTINE_FRAUD,val
2225,0,0.9592,0.0879,0.9188,0.4771,0.0158,2.91,TIER_4_QUARANTINE_FRAUD,test
2226,1,0.9736,0.092,0.896,1.0,0.0721,4.98,TIER_4_QUARANTINE_FRAUD,val
2227,0,0.3164,0.5689,0.8833,0.8227,0.1177,50.59,TIER_3_RESTRICTED_CAUTION,val
2228,0,0.0195,0.7966,0.9282,0.8476,0.185,60.85,TIER_3_RESTRICTED_CAUTION,train
2229,0,0.8951,0.1407,0.8486,0.7611,0.0665,7.51,TIER_4_QUARANTINE_FRAUD,test
2230,0,0.0006,0.9408,0.8964,0.8763,0.4403,74.51,TIER_2_STANDARD_TRUST,train
2231,1,0.9343,0.1132,0.8864,0.2821,0.0326,3.4,TIER_4_QUARANTINE_FRAUD,train
2232,0,0.004,0.9229,0.8883,0.858,0.0408,59.45,TIER_3_RESTRICTED_CAUTION,train
2233,0,0.1676,0.6858,0.9174,0.8339,0.4227,65.39,TIER_2_STANDARD_TRUST,train
2234,0,0.0052,0.8052,0.8693,0.8328,0.1254,58.06,TIER_3_RESTRICTED_CAUTION,train
2235,0,0.0665,0.756,0.9314,0.7592,0.1111,54.86,TIER_3_RESTRICTED_CAUTION,train
2236,0,0.0811,0.8533,0.9019,0.8405,0.1019,59.2,TIER_3_RESTRICTED_CAUTION,train
2237,1,0.9415,0.0703,0.869,1.0,0.55,4.92,TIER_4_QUARANTINE_FRAUD,train
2238,1,0.89,0.1396,0.8398,0.5978,0.1209,6.93,TIER_4_QUARANTINE_FRAUD,train
2239,0,0.0405,0.7846,0.8569,0.8428,0.1233,57.49,TIER_3_RESTRICTED_CAUTION,test
2240,0,0.7362,0.2813,0.8488,0.7788,0.4922,29.11,TIER_4_QUARANTINE_FRAUD,train
2241,0,0.5672,0.3868,0.8706,0.7302,0.0709,33.71,TIER_4_QUARANTINE_FRAUD,train
2242,0,0.0778,0.7477,0.9367,0.7589,0.0532,52.63,TIER_3_RESTRICTED_CAUTION,train
2243,1,0.9474,0.1141,0.892,1.0,0.035,6.48,TIER_4_QUARANTINE_FRAUD,train
2244,0,0.0726,0.8236,0.904,0.9202,0.4392,72.13,TIER_2_STANDARD_TRUST,train
2245,0,0.3615,0.6366,0.9249,0.7934,0.062,50.35,TIER_3_RESTRICTED_CAUTION,train
2246,0,0.9077,0.1243,0.8058,0.2501,0.0346,3.61,TIER_4_QUARANTINE_FRAUD,train
2247,0,0.0302,0.8061,0.8967,0.7592,0.5449,71.2,TIER_2_STANDARD_TRUST,train
2248,0,0.1042,0.7286,0.8704,0.7209,0.1078,52.36,TIER_3_RESTRICTED_CAUTION,test
2249,0,0.3123,0.5908,0.8788,0.7679,0.511,63.59,TIER_3_RESTRICTED_CAUTION,val
2250,0,0.0054,0.8804,0.9308,0.7996,0.4487,71.42,TIER_2_STANDARD_TRUST,train
2251,0,0.2108,0.6509,0.8484,0.9085,0.1588,56.28,TIER_3_RESTRICTED_CAUTION,train
2252,1,0.9764,0.095,0.7764,0.4631,0.1139,3.47,TIER_4_QUARANTINE_FRAUD,test
2253,1,0.9127,0.1222,0.837,0.708,0.1023,6.12,TIER_4_QUARANTINE_FRAUD,train
2254,0,0.9332,0.1031,0.8205,0.4425,0.0199,3.39,TIER_4_QUARANTINE_FRAUD,train
2255,0,0.0221,0.8247,0.8429,0.7996,0.5219,71.42,TIER_2_STANDARD_TRUST,test
2256,0,0.0127,0.9253,0.9233,0.887,0.5218,77.43,TIER_2_STANDARD_TRUST,train
2257,0,0.7524,0.2709,0.9139,0.9146,0.4409,28.73,TIER_4_QUARANTINE_FRAUD,train
2258,0,0.002,0.8072,0.9179,0.9225,0.0267,57.39,TIER_3_RESTRICTED_CAUTION,train
2259,0,0.0124,0.8976,0.9254,0.7755,0.115,59.59,TIER_3_RESTRICTED_CAUTION,train
2260,0,0.0029,0.8044,0.8761,0.8159,0.0946,56.6,TIER_3_RESTRICTED_CAUTION,val
2261,0,0.4964,0.4343,0.8813,0.7017,0.1286,41.91,TIER_4_QUARANTINE_FRAUD,train
2262,1,0.9335,0.1038,0.8002,0.7119,0.1144,4.89,TIER_4_QUARANTINE_FRAUD,train
2263,0,0.0838,0.842,0.8946,0.7273,0.1376,57.21,TIER_3_RESTRICTED_CAUTION,train
2264,1,0.2871,0.5943,0.8256,0.7413,0.1197,48.8,TIER_3_RESTRICTED_CAUTION,train
2265,1,0.6474,0.3191,0.8508,0.2262,0.0139,15.49,TIER_4_QUARANTINE_FRAUD,train
2266,0,0.1824,0.674,0.8771,0.8097,0.1237,53.56,TIER_3_RESTRICTED_CAUTION,train
2267,0,0.0177,0.8908,0.9272,0.8245,0.1005,60.12,TIER_3_RESTRICTED_CAUTION,train
2268,0,0.8161,0.217,0.9013,0.5536,0.0138,11.56,TIER_4_QUARANTINE_FRAUD,val
2269,0,0.0088,0.9173,0.9108,0.7361,0.0945,58.34,TIER_3_RESTRICTED_CAUTION,val
2270,1,0.9518,0.0912,0.8929,1.0,0.0506,4.83,TIER_4_QUARANTINE_FRAUD,train
2271,0,0.3307,0.5539,0.8207,0.8241,0.1169,49.51,TIER_3_RESTRICTED_CAUTION,test
2272,0,0.6764,0.3263,0.8752,0.7226,0.1243,26.97,TIER_4_QUARANTINE_FRAUD,train
2273,1,0.5597,0.4076,0.8588,0.869,0.1226,41.18,TIER_4_QUARANTINE_FRAUD,train
2274,1,0.9568,0.0872,0.8926,1.0,0.55,6.6,TIER_4_QUARANTINE_FRAUD,train
2275,1,0.9881,0.022,0.8764,0.4363,0.1368,0.5,TIER_4_QUARANTINE_FRAUD,val
2276,0,0.7629,0.2325,0.8548,0.8505,0.1362,17.61,TIER_4_QUARANTINE_FRAUD,test
2277,0,0.0041,0.8338,0.9192,0.6938,0.1357,56.3,TIER_3_RESTRICTED_CAUTION,train
2278,0,0.2376,0.5769,0.8447,0.7448,0.1584,49.92,TIER_3_RESTRICTED_CAUTION,train
2279,1,0.4734,0.4783,0.8472,0.7353,0.4435,56.73,TIER_3_RESTRICTED_CAUTION,train
2280,0,0.0368,0.7787,0.9196,0.7353,0.1026,54.53,TIER_3_RESTRICTED_CAUTION,test
2281,0,0.0329,0.7419,0.8385,0.887,0.9654,86.61,TIER_1_VERIFIED_SAFE,val
2282,0,0.8405,0.2037,0.8352,0.852,0.1743,14.94,TIER_4_QUARANTINE_FRAUD,val
2283,0,0.238,0.6283,0.868,0.6888,0.0945,48.06,TIER_3_RESTRICTED_CAUTION,train
2284,1,0.1814,0.6734,0.8641,0.6569,0.0306,46.34,TIER_3_RESTRICTED_CAUTION,val
2285,1,0.9656,0.115,0.8405,1.0,0.5425,9.48,TIER_4_QUARANTINE_FRAUD,test
2286,0,0.9523,0.0939,0.7483,1.0,0.1875,5.46,TIER_4_QUARANTINE_FRAUD,train
2287,0,0.0229,0.9101,0.9263,0.7493,0.9552,88.73,TIER_1_VERIFIED_SAFE,test
2288,1,0.9164,0.2325,0.8854,0.6771,0.021,14.19,TIER_4_QUARANTINE_FRAUD,train
2289,1,0.6502,0.3149,0.8332,0.6619,0.0468,22.61,TIER_4_QUARANTINE_FRAUD,train
2290,0,0.8861,0.162,0.8195,0.5628,0.1138,8.24,TIER_4_QUARANTINE_FRAUD,train
2291,1,0.7329,0.2862,0.8607,0.7972,0.0222,21.04,TIER_4_QUARANTINE_FRAUD,train
2292,0,0.5835,0.3694,0.8662,0.8002,0.4263,42.3,TIER_4_QUARANTINE_FRAUD,train
2293,0,0.0114,0.9099,0.9147,0.7428,0.4989,72.48,TIER_2_STANDARD_TRUST,val
2294,0,0.2184,0.6431,0.8754,0.981,0.6749,76.19,TIER_2_STANDARD_TRUST,train
2295,0,0.076,0.8674,0.9131,0.7309,0.9477,86.59,TIER_1_VERIFIED_SAFE,train
2296,0,0.1211,0.743,0.9056,0.8286,0.4267,67.0,TIER_2_STANDARD_TRUST,test
2297,0,0.3143,0.5925,0.8588,0.7467,0.4229,59.83,TIER_3_RESTRICTED_CAUTION,train
2298,1,0.5513,0.4128,0.894,0.6562,0.0278,34.6,TIER_4_QUARANTINE_FRAUD,val
2299,0,0.4952,0.4362,0.8834,0.8637,0.1574,47.07,TIER_3_RESTRICTED_CAUTION,train
2300,0,0.0173,0.9273,0.9287,0.7639,0.1045,59.86,TIER_3_RESTRICTED_CAUTION,train
2301,0,0.0031,0.8385,0.8798,0.9008,0.4581,72.51,TIER_2_STANDARD_TRUST,train
2302,0,0.0002,0.9109,0.9262,0.9662,0.0899,63.89,TIER_3_RESTRICTED_CAUTION,train
2303,0,0.3099,0.5734,0.8682,0.665,0.1242,46.86,TIER_3_RESTRICTED_CAUTION,train
2304,0,0.0207,0.8987,0.8773,0.78,0.0992,58.71,TIER_3_RESTRICTED_CAUTION,train
2305,1,0.9393,0.1081,0.8099,0.5664,0.1139,4.62,TIER_4_QUARANTINE_FRAUD,val
2306,1,0.6582,0.263,0.7961,0.8042,0.1198,19.97,TIER_4_QUARANTINE_FRAUD,test
2307,0,0.0799,0.7429,0.9199,0.9227,0.234,62.74,TIER_3_RESTRICTED_CAUTION,test
2308,0,0.0028,0.8016,0.9068,0.8187,0.1027,57.18,TIER_3_RESTRICTED_CAUTION,train
2309,0,0.4489,0.4787,0.9009,1.0,0.0392,49.74,TIER_3_RESTRICTED_CAUTION,train
2310,1,0.8413,0.179,0.8976,0.6567,0.0647,9.96,TIER_4_QUARANTINE_FRAUD,train
2311,0,0.9152,0.1201,0.8329,1.0,0.1858,7.8,TIER_4_QUARANTINE_FRAUD,test
2312,0,0.0287,0.7952,0.9209,0.4656,0.0322,45.83,TIER_3_RESTRICTED_CAUTION,test
2313,0,0.0097,0.7994,0.876,0.8109,0.0913,56.21,TIER_3_RESTRICTED_CAUTION,val
2314,1,0.852,0.1691,0.8981,0.6409,0.1484,9.88,TIER_4_QUARANTINE_FRAUD,test
2315,0,0.0963,0.7299,0.8757,0.793,0.1394,55.36,TIER_3_RESTRICTED_CAUTION,train
2316,1,0.9563,0.094,0.8713,0.6007,0.0156,3.54,TIER_4_QUARANTINE_FRAUD,val
2317,1,0.9761,0.0803,0.8275,1.0,0.1377,4.31,TIER_4_QUARANTINE_FRAUD,train
2318,0,0.8269,0.1882,0.8933,0.6312,0.1274,11.21,TIER_4_QUARANTINE_FRAUD,test
2319,0,0.9203,0.1418,0.9048,0.323,0.4178,8.02,TIER_4_QUARANTINE_FRAUD,test
2320,0,0.9112,0.12,0.8081,0.3023,0.0408,3.71,TIER_4_QUARANTINE_FRAUD,test
2321,1,0.7045,0.2757,0.893,0.6973,0.0414,19.08,TIER_4_QUARANTINE_FRAUD,train
2322,0,0.6979,0.3043,0.9216,0.8112,0.5137,34.03,TIER_4_QUARANTINE_FRAUD,train
2323,0,0.8986,0.129,0.8587,0.2308,0.0324,3.81,TIER_4_QUARANTINE_FRAUD,test
2324,0,0.0012,0.8273,0.9116,0.8224,0.1222,58.77,TIER_3_RESTRICTED_CAUTION,test
2325,0,0.0947,0.7547,0.9279,0.857,0.4353,68.58,TIER_2_STANDARD_TRUST,train
2326,0,0.2502,0.6508,0.9024,0.847,0.1025,53.31,TIER_3_RESTRICTED_CAUTION,train
2327,0,0.8898,0.1479,0.868,0.5799,0.0168,6.64,TIER_4_QUARANTINE_FRAUD,test
2328,0,0.0253,0.7876,0.9292,0.7396,0.0914,54.61,TIER_3_RESTRICTED_CAUTION,train
2329,0,0.1521,0.8117,0.9217,0.7082,0.5503,70.53,TIER_2_STANDARD_TRUST,train
2330,0,0.3669,0.5591,0.9083,0.691,0.1388,47.99,TIER_3_RESTRICTED_CAUTION,val
2331,1,0.5515,0.391,0.8685,0.5337,0.1218,31.67,TIER_4_QUARANTINE_FRAUD,train
2332,0,0.0342,0.964,0.9312,0.8829,0.0833,63.22,TIER_3_RESTRICTED_CAUTION,train
2333,1,0.8145,0.1792,0.8202,0.5414,0.114,9.39,TIER_4_QUARANTINE_FRAUD,train
2334,1,0.9353,0.1115,0.7986,0.4248,0.0551,3.89,TIER_4_QUARANTINE_FRAUD,train
2335,0,0.8423,0.1739,0.8798,0.6918,0.0546,9.65,TIER_4_QUARANTINE_FRAUD,test
2336,0,0.0105,0.7976,0.9203,0.8891,0.1096,59.2,TIER_3_RESTRICTED_CAUTION,train
2337,0,0.0036,0.9,0.9152,0.8171,0.1401,61.48,TIER_3_RESTRICTED_CAUTION,train
2338,0,0.6923,0.2704,0.8808,0.7479,0.5138,27.64,TIER_4_QUARANTINE_FRAUD,train
2339,1,0.9665,0.1076,0.8373,0.5257,0.1025,4.41,TIER_4_QUARANTINE_FRAUD,train
2340,0,0.2318,0.6328,0.8712,0.7263,0.101,49.39,TIER_3_RESTRICTED_CAUTION,train
2341,0,0.0725,0.7841,0.8983,0.8052,0.4635,68.86,TIER_2_STANDARD_TRUST,train
2342,1,0.9286,0.1054,0.8862,0.76,0.1377,5.43,TIER_4_QUARANTINE_FRAUD,train
2343,1,0.6011,0.351,0.8991,0.7043,0.1128,29.75,TIER_4_QUARANTINE_FRAUD,val
2344,0,0.6161,0.2899,0.824,0.8133,0.1233,23.48,TIER_4_QUARANTINE_FRAUD,train
2345,0,0.572,0.3303,0.7966,0.8569,0.2528,32.21,TIER_4_QUARANTINE_FRAUD,train
2346,1,0.9037,0.1286,0.8582,0.7646,0.0369,6.44,TIER_4_QUARANTINE_FRAUD,test
2347,0,0.0485,0.7682,0.9314,0.7075,0.0113,50.45,TIER_3_RESTRICTED_CAUTION,train
2348,0,0.8721,0.1519,0.87,0.7037,0.0942,8.32,TIER_4_QUARANTINE_FRAUD,test
2349,1,0.9475,0.0445,0.7648,0.3971,0.1163,1.13,TIER_4_QUARANTINE_FRAUD,test
2350,1,0.9017,0.0912,0.8388,0.8286,0.1366,4.6,TIER_4_QUARANTINE_FRAUD,train
2351,1,0.8273,0.1955,0.877,0.6622,0.08,11.5,TIER_4_QUARANTINE_FRAUD,train
2352,1,0.9462,0.1236,0.895,1.0,0.9479,13.2,TIER_4_QUARANTINE_FRAUD,val
2353,1,0.8911,0.0959,0.8343,0.7042,0.1132,4.39,TIER_4_QUARANTINE_FRAUD,train
2354,0,0.0275,0.8865,0.9258,0.8966,0.1749,64.39,TIER_3_RESTRICTED_CAUTION,val
2355,0,0.8572,0.162,0.8886,0.6169,0.1077,8.73,TIER_4_QUARANTINE_FRAUD,train
2356,0,0.0015,0.808,0.8991,0.8085,0.1308,58.02,TIER_3_RESTRICTED_CAUTION,train
2357,1,0.939,0.134,0.8224,0.6621,0.4236,9.03,TIER_4_QUARANTINE_FRAUD,train
2358,0,0.0536,0.8825,0.932,0.7411,0.4364,69.6,TIER_2_STANDARD_TRUST,train
2359,1,0.818,0.1931,0.882,0.9192,0.1398,14.15,TIER_4_QUARANTINE_FRAUD,train
2360,0,0.0754,0.7476,0.8787,0.7278,0.1028,53.01,TIER_3_RESTRICTED_CAUTION,train
2361,1,0.9367,0.1139,0.8471,0.6086,0.1019,5.14,TIER_4_QUARANTINE_FRAUD,train
2362,0,0.1463,0.8296,0.9288,0.7018,0.4928,68.97,TIER_2_STANDARD_TRUST,train
2363,1,0.9062,0.1257,0.8433,0.4836,0.0354,4.87,TIER_4_QUARANTINE_FRAUD,train
2364,0,0.0074,0.8291,0.9289,0.6822,0.1895,57.85,TIER_3_RESTRICTED_CAUTION,train
2365,0,0.82,0.2227,0.8842,0.7863,0.5401,21.67,TIER_4_QUARANTINE_FRAUD,train
2366,0,0.0375,0.7803,0.8773,0.8085,0.1376,57.21,TIER_3_RESTRICTED_CAUTION,test
2367,0,0.0173,0.8275,0.9369,0.9505,0.0017,58.02,TIER_3_RESTRICTED_CAUTION,train
2368,1,0.9624,0.0931,0.8995,1.0,0.0837,5.12,TIER_4_QUARANTINE_FRAUD,train
2369,0,0.1811,0.6904,0.9005,0.8473,0.1182,55.04,TIER_3_RESTRICTED_CAUTION,train
2370,0,0.9063,0.1271,0.7506,0.13,0.0388,3.08,TIER_4_QUARANTINE_FRAUD,train
2371,1,0.6174,0.3414,0.877,0.2887,0.0248,18.92,TIER_4_QUARANTINE_FRAUD,train
2372,1,0.8221,0.2174,0.897,0.763,0.0441,14.03,TIER_4_QUARANTINE_FRAUD,train
2373,0,0.1272,0.7111,0.88,0.8311,0.1116,54.82,TIER_3_RESTRICTED_CAUTION,train
2374,0,0.2156,0.7761,0.928,0.7492,0.9544,84.7,TIER_1_VERIFIED_SAFE,train
2375,0,0.1144,0.7193,0.8768,0.8109,0.1345,55.32,TIER_3_RESTRICTED_CAUTION,train
2376,1,0.9755,0.0891,0.9009,1.0,0.108,4.93,TIER_4_QUARANTINE_FRAUD,test
2377,0,0.0532,0.7725,0.909,0.7863,0.0384,53.27,TIER_3_RESTRICTED_CAUTION,train
2378,0,0.4327,0.5899,0.8917,0.7277,0.074,47.4,TIER_3_RESTRICTED_CAUTION,test
2379,0,0.0116,0.9271,0.938,0.851,0.4175,73.08,TIER_2_STANDARD_TRUST,train
2380,0,0.0081,0.8273,0.8401,0.8438,0.9736,88.39,TIER_1_VERIFIED_SAFE,train
2381,0,0.0025,0.8031,0.9093,0.8276,0.1167,57.96,TIER_3_RESTRICTED_CAUTION,test
2382,0,0.8673,0.1551,0.8707,0.6623,0.098,8.35,TIER_4_QUARANTINE_FRAUD,train
2383,0,0.805,0.201,0.8978,0.1556,0.0156,6.82,TIER_4_QUARANTINE_FRAUD,train
2384,0,0.8695,0.1577,0.7738,0.8695,0.1888,10.44,TIER_4_QUARANTINE_FRAUD,train
2385,0,0.5679,0.399,0.8939,0.9773,0.1917,44.51,TIER_4_QUARANTINE_FRAUD,test
2386,0,0.0059,0.9881,0.9241,0.8719,0.4238,75.51,TIER_2_STANDARD_TRUST,train
2387,0,0.8869,0.1446,0.8761,0.75,0.136,8.37,TIER_4_QUARANTINE_FRAUD,test
2388,0,0.8152,0.1558,0.8676,0.7761,0.2261,10.24,TIER_4_QUARANTINE_FRAUD,train
2389,1,0.404,0.5127,0.8499,0.7417,0.0955,45.77,TIER_3_RESTRICTED_CAUTION,test
2390,1,0.7773,0.2215,0.8723,0.3919,0.1097,11.54,TIER_4_QUARANTINE_FRAUD,train
2391,0,0.0124,0.9218,0.9261,0.7956,0.4218,71.57,TIER_2_STANDARD_TRUST,val
2392,0,0.6118,0.3495,0.7075,1.0,0.188,35.37,TIER_4_QUARANTINE_FRAUD,test
2393,1,0.9105,0.2538,0.8893,1.0,0.1513,22.23,TIER_4_QUARANTINE_FRAUD,train
2394,0,0.7472,0.2429,0.8976,0.6464,0.1842,17.44,TIER_4_QUARANTINE_FRAUD,val
2395,0,0.0278,0.7864,0.9165,0.7159,0.4246,65.51,TIER_2_STANDARD_TRUST,train
2396,0,0.0016,0.8002,0.9037,0.9848,0.2764,67.34,TIER_2_STANDARD_TRUST,train
2397,0,0.0803,0.8437,0.8674,0.8283,0.0966,58.07,TIER_3_RESTRICTED_CAUTION,train
2398,0,0.0417,0.892,0.925,0.7215,0.1931,60.81,TIER_3_RESTRICTED_CAUTION,train
2399,1,0.8749,0.1506,0.7901,0.6094,0.1219,7.69,TIER_4_QUARANTINE_FRAUD,test
2400,0,0.0503,0.8755,0.9261,0.7974,0.0867,58.5,TIER_3_RESTRICTED_CAUTION,train
2401,1,0.9254,0.1316,0.8988,0.8367,0.1547,7.94,TIER_4_QUARANTINE_FRAUD,train
2402,0,0.1204,0.8217,0.903,0.7482,0.5422,71.37,TIER_2_STANDARD_TRUST,train
2403,1,0.8823,0.1472,0.8886,0.5533,0.0364,6.65,TIER_4_QUARANTINE_FRAUD,train
2404,0,0.7987,0.154,0.8511,0.7056,0.0877,8.4,TIER_4_QUARANTINE_FRAUD,train
2405,1,0.859,0.1944,0.8309,0.681,0.1071,11.73,TIER_4_QUARANTINE_FRAUD,train
2406,0,0.085,0.7698,0.9157,0.6991,0.0443,51.28,TIER_3_RESTRICTED_CAUTION,test
2407,0,0.0345,0.7268,0.8646,0.8343,0.1089,55.12,TIER_3_RESTRICTED_CAUTION,train
2408,0,0.8126,0.2215,0.889,0.4269,0.4337,16.47,TIER_4_QUARANTINE_FRAUD,train
2409,1,0.8052,0.2372,0.8669,0.7625,0.0822,16.41,TIER_4_QUARANTINE_FRAUD,train
2410,1,0.6744,0.3249,0.8209,0.6521,0.0589,23.78,TIER_4_QUARANTINE_FRAUD,test
2411,0,0.0372,0.7749,0.9213,0.9144,0.2542,64.21,TIER_3_RESTRICTED_CAUTION,train
2412,0,0.0116,0.8314,0.901,0.8036,0.4364,69.32,TIER_2_STANDARD_TRUST,train
2413,1,0.9492,0.0947,0.8941,1.0,0.1167,5.39,TIER_4_QUARANTINE_FRAUD,train
2414,0,0.3862,0.5354,0.8656,0.6397,0.1005,44.23,TIER_4_QUARANTINE_FRAUD,train
2415,0,0.7784,0.2227,0.8748,0.7527,0.0928,15.02,TIER_4_QUARANTINE_FRAUD,train
2416,0,0.013,0.9817,0.9341,0.8852,0.4159,75.48,TIER_2_STANDARD_TRUST,train
2417,0,0.3301,0.562,0.9226,0.8686,0.1706,53.77,TIER_3_RESTRICTED_CAUTION,train
2418,0,0.4192,0.4922,0.8793,0.7583,0.092,45.74,TIER_3_RESTRICTED_CAUTION,train
2419,0,0.4783,0.395,0.8743,0.9495,0.1395,41.54,TIER_4_QUARANTINE_FRAUD,train
2420,1,0.7916,0.2184,0.8808,0.6669,0.5128,19.52,TIER_4_QUARANTINE_FRAUD,val
2421,0,0.0002,0.942,0.9164,0.8165,0.4685,74.23,TIER_2_STANDARD_TRUST,train
2422,0,0.0032,0.9212,0.9249,0.9062,0.4322,74.66,TIER_2_STANDARD_TRUST,train
2423,1,0.908,0.1423,0.8135,0.6912,0.4492,10.17,TIER_4_QUARANTINE_FRAUD,test
2424,0,0.1579,0.7141,0.9273,0.8096,0.1502,56.19,TIER_3_RESTRICTED_CAUTION,train
2425,0,0.4703,0.4521,0.8343,0.7188,0.1473,45.03,TIER_3_RESTRICTED_CAUTION,test
2426,0,0.1217,0.7335,0.859,0.7,0.115,52.12,TIER_3_RESTRICTED_CAUTION,train
2427,1,0.8579,0.1615,0.8865,0.825,0.137,10.33,TIER_4_QUARANTINE_FRAUD,val
2428,0,0.5264,0.4099,0.8865,0.7252,0.0155,35.28,TIER_4_QUARANTINE_FRAUD,train
2429,0,0.6767,0.3317,0.9157,0.5145,0.4316,31.67,TIER_4_QUARANTINE_FRAUD,train
2430,0,0.2892,0.721,0.9017,0.7049,0.4369,63.56,TIER_3_RESTRICTED_CAUTION,train
2431,0,0.0128,0.8929,0.9201,0.8325,0.1324,61.43,TIER_3_RESTRICTED_CAUTION,train
2432,0,0.5316,0.4416,0.8927,0.8351,0.476,58.27,TIER_3_RESTRICTED_CAUTION,train
2433,0,0.003,0.9166,0.9315,0.8092,0.4652,73.33,TIER_2_STANDARD_TRUST,test
2434,1,0.8683,0.1593,0.839,0.561,0.0418,7.43,TIER_4_QUARANTINE_FRAUD,train
2435,1,0.965,0.0497,0.7598,0.5791,0.1264,1.6,TIER_4_QUARANTINE_FRAUD,train
2436,0,0.1402,0.6985,0.8885,0.8083,0.1828,56.45,TIER_3_RESTRICTED_CAUTION,train
2437,1,0.3326,0.5328,0.8935,0.8391,0.1305,50.46,TIER_3_RESTRICTED_CAUTION,train
2438,0,0.0952,0.8754,0.8612,0.8125,0.4811,72.03,TIER_2_STANDARD_TRUST,test
2439,0,0.4465,0.4954,0.9082,0.6245,0.4476,55.22,TIER_3_RESTRICTED_CAUTION,train
2440,1,0.9716,0.093,0.7336,0.7858,0.1263,4.4,TIER_4_QUARANTINE_FRAUD,train
2441,0,0.1354,0.7222,0.8326,0.8861,0.418,66.78,TIER_2_STANDARD_TRUST,test
2442,0,0.1336,0.8024,0.9515,0.7671,0.1705,58.73,TIER_3_RESTRICTED_CAUTION,test
2443,0,0.4132,0.4977,0.8501,0.6567,0.1402,44.76,TIER_4_QUARANTINE_FRAUD,train
2444,0,0.2236,0.6462,0.8719,0.858,0.1471,54.7,TIER_3_RESTRICTED_CAUTION,train
2445,1,0.4959,0.4432,0.9047,0.8514,0.5277,60.89,TIER_3_RESTRICTED_CAUTION,train
2446,0,0.0051,0.9368,0.916,0.8332,0.4232,72.9,TIER_2_STANDARD_TRUST,train
2447,0,0.602,0.3732,0.8819,0.719,0.0731,31.79,TIER_4_QUARANTINE_FRAUD,train
2448,1,0.9404,0.1003,0.8838,1.0,0.0951,5.71,TIER_4_QUARANTINE_FRAUD,train
2449,0,0.0115,0.8852,0.9129,0.8484,0.4082,71.18,TIER_2_STANDARD_TRUST,val
2450,1,0.9517,0.09,0.8532,0.6412,0.1083,3.83,TIER_4_QUARANTINE_FRAUD,train
2451,0,0.0059,0.9204,0.8891,0.8573,0.6543,80.84,TIER_1_VERIFIED_SAFE,train
2452,0,0.8459,0.1745,0.9318,0.4798,0.0493,8.25,TIER_4_QUARANTINE_FRAUD,val
2453,0,0.017,0.7902,0.9368,0.8912,0.1027,58.95,TIER_3_RESTRICTED_CAUTION,train
2454,1,0.9744,0.0923,0.9009,0.9742,0.0879,5.0,TIER_4_QUARANTINE_FRAUD,train
2455,1,0.8868,0.1388,0.7979,0.2625,0.0247,4.24,TIER_4_QUARANTINE_FRAUD,train
2456,0,0.101,0.6918,0.9072,0.7091,0.55,66.8,TIER_2_STANDARD_TRUST,test
2457,0,0.7412,0.2036,0.8456,0.7847,0.2259,15.01,TIER_4_QUARANTINE_FRAUD,train
2458,0,0.005,0.9384,0.925,0.8566,0.417,73.41,TIER_2_STANDARD_TRUST,train
2459,0,0.0228,0.8168,0.918,0.8158,0.4714,70.58,TIER_2_STANDARD_TRUST,test
2460,0,0.0056,0.8007,0.92,0.7379,0.1105,55.53,TIER_3_RESTRICTED_CAUTION,test
2461,0,0.0197,0.7957,0.8689,0.8342,0.1445,58.47,TIER_3_RESTRICTED_CAUTION,train
2462,0,0.578,0.3692,0.8669,0.841,0.0471,32.8,TIER_4_QUARANTINE_FRAUD,train
2463,0,0.8929,0.1345,0.8295,0.173,0.0168,3.59,TIER_4_QUARANTINE_FRAUD,train
2464,1,0.9632,0.1127,0.7719,0.6014,0.1039,4.92,TIER_4_QUARANTINE_FRAUD,val
2465,0,0.0224,0.7902,0.9615,0.755,0.077,54.89,TIER_3_RESTRICTED_CAUTION,train
2466,0,0.1479,0.6953,0.8736,0.7361,0.0941,51.29,TIER_3_RESTRICTED_CAUTION,train
2467,0,0.362,0.6697,0.9242,0.7375,0.4508,63.55,TIER_3_RESTRICTED_CAUTION,test
2468,1,0.6805,0.3059,0.8935,0.8296,0.088,25.38,TIER_4_QUARANTINE_FRAUD,train
2469,0,0.0311,0.9174,0.9153,0.6623,0.4816,70.09,TIER_2_STANDARD_TRUST,train
2470,0,0.0851,0.7425,0.885,0.7522,0.0981,53.36,TIER_3_RESTRICTED_CAUTION,train
2471,0,0.0005,0.9329,0.9191,0.753,0.4513,71.8,TIER_2_STANDARD_TRUST,test
2472,1,0.9592,0.0976,0.8955,1.0,0.1093,5.58,TIER_4_QUARANTINE_FRAUD,test
2473,1,0.7878,0.2108,0.8,0.7554,0.1035,13.74,TIER_4_QUARANTINE_FRAUD,train
2474,0,0.0008,0.806,0.9281,0.9229,0.1205,60.75,TIER_3_RESTRICTED_CAUTION,train
2475,1,0.3056,0.6108,0.8567,0.8205,0.1138,51.39,TIER_3_RESTRICTED_CAUTION,test
2476,0,0.0062,0.9372,0.9117,0.8186,0.1332,62.36,TIER_3_RESTRICTED_CAUTION,train
2477,1,0.8675,0.2904,0.8897,0.715,0.4812,29.61,TIER_4_QUARANTINE_FRAUD,train
2478,0,0.0106,0.9066,0.924,0.7861,0.5701,76.04,TIER_2_STANDARD_TRUST,train
2479,0,0.5585,0.5116,0.9035,0.6721,0.449,56.9,TIER_3_RESTRICTED_CAUTION,test
2480,0,0.7236,0.2636,0.8699,0.7229,0.1052,19.15,TIER_4_QUARANTINE_FRAUD,test
2481,0,0.0124,0.9668,0.9229,0.8656,0.105,63.55,TIER_3_RESTRICTED_CAUTION,train
2482,0,0.0213,0.9149,0.8752,0.8871,0.442,73.85,TIER_2_STANDARD_TRUST,train
2483,0,0.0904,0.7593,0.8765,0.6464,0.0331,48.86,TIER_3_RESTRICTED_CAUTION,test
2484,0,0.011,0.933,0.9224,0.8111,0.4766,74.17,TIER_2_STANDARD_TRUST,test
2485,0,0.0065,0.83,0.9236,0.9475,0.4215,72.58,TIER_2_STANDARD_TRUST,train
2486,1,0.8717,0.1588,0.8678,0.5713,0.1274,8.31,TIER_4_QUARANTINE_FRAUD,test
2487,1,0.8801,0.1442,0.8383,0.5032,0.0643,6.27,TIER_4_QUARANTINE_FRAUD,test
2488,0,0.0163,0.9289,0.9365,0.7617,0.4246,71.14,TIER_2_STANDARD_TRUST,train
2489,0,0.0861,0.9005,0.9282,0.8444,0.122,61.68,TIER_3_RESTRICTED_CAUTION,train
2490,0,0.0249,0.7902,0.903,0.8079,0.137,57.73,TIER_3_RESTRICTED_CAUTION,train
2491,0,0.011,0.8265,0.8988,0.8914,0.55,75.32,TIER_2_STANDARD_TRUST,train
2492,0,0.4388,0.4937,0.9094,0.8955,0.1765,52.47,TIER_3_RESTRICTED_CAUTION,test
2493,0,0.9703,0.0256,0.7242,1.0,0.1491,0.92,TIER_4_QUARANTINE_FRAUD,train
2494,0,0.0042,0.8366,0.9218,0.849,0.107,59.29,TIER_3_RESTRICTED_CAUTION,train
2495,0,0.0423,0.7782,0.8393,0.7712,0.1374,55.83,TIER_3_RESTRICTED_CAUTION,train
2496,0,0.6328,0.3498,0.8658,0.8665,0.4585,40.98,TIER_4_QUARANTINE_FRAUD,test
2497,1,0.7421,0.3486,0.8466,0.7033,0.1663,30.38,TIER_4_QUARANTINE_FRAUD,train
2498,1,0.9477,0.1155,0.8791,1.0,0.0489,6.65,TIER_4_QUARANTINE_FRAUD,train
2499,0,0.7023,0.2769,0.8215,0.5421,0.1335,18.49,TIER_4_QUARANTINE_FRAUD,train
2500,0,0.0214,0.7903,0.9266,0.7113,0.0952,54.09,TIER_3_RESTRICTED_CAUTION,train
2501,0,0.3477,0.5753,0.9147,0.8341,0.4149,61.78,TIER_3_RESTRICTED_CAUTION,val
2502,0,0.352,0.557,0.8018,0.8888,0.1945,53.76,TIER_3_RESTRICTED_CAUTION,train
2503,0,0.6245,0.3333,0.8206,0.8519,0.0372,27.62,TIER_4_QUARANTINE_FRAUD,test
2504,0,0.0018,0.8298,0.9077,0.8825,0.0949,59.36,TIER_3_RESTRICTED_CAUTION,train
2505,0,0.5623,0.3955,0.8479,0.7996,0.1602,38.84,TIER_4_QUARANTINE_FRAUD,train
2506,0,0.1069,0.7239,0.8708,0.7241,0.0965,51.9,TIER_3_RESTRICTED_CAUTION,train
2507,1,0.9459,0.0949,0.8456,0.4745,0.0492,3.29,TIER_4_QUARANTINE_FRAUD,train
2508,1,0.939,0.0512,0.8606,0.7139,0.0761,1.82,TIER_4_QUARANTINE_FRAUD,test
2509,1,0.9194,0.1277,0.9022,0.6602,0.1341,6.62,TIER_4_QUARANTINE_FRAUD,train
2510,1,0.9633,0.0814,0.904,1.0,0.1501,4.52,TIER_4_QUARANTINE_FRAUD,train
2511,1,0.8884,0.1418,0.8686,0.6331,0.146,7.55,TIER_4_QUARANTINE_FRAUD,val
2512,0,0.0064,0.9013,0.9201,0.756,0.0934,58.41,TIER_3_RESTRICTED_CAUTION,train
2513,0,0.0549,0.8892,0.9106,0.8999,0.9833,92.69,TIER_1_VERIFIED_SAFE,val
2514,1,0.5532,0.4026,0.7954,1.0,0.1053,42.15,TIER_4_QUARANTINE_FRAUD,train
2515,0,0.7112,0.2512,0.8437,0.797,0.0669,17.92,TIER_4_QUARANTINE_FRAUD,train
2516,0,0.3216,0.5628,0.9242,0.7628,0.0385,46.54,TIER_3_RESTRICTED_CAUTION,train
2517,0,0.7107,0.2954,0.8838,0.7797,0.445,30.54,TIER_4_QUARANTINE_FRAUD,train
2518,1,0.9448,0.1272,0.8918,0.594,0.4805,8.59,TIER_4_QUARANTINE_FRAUD,val
2519,0,0.4401,0.4919,0.8688,0.846,0.0314,45.69,TIER_3_RESTRICTED_CAUTION,test
2520,0,0.0105,0.9285,0.9089,0.7759,0.1643,62.09,TIER_3_RESTRICTED_CAUTION,val
2521,0,0.0004,0.9869,0.9212,0.8187,0.4451,74.86,TIER_2_STANDARD_TRUST,test
2522,0,0.0026,0.9236,0.9238,0.8864,0.433,74.26,TIER_2_STANDARD_TRUST,test
2523,1,0.9479,0.073,0.8865,0.6471,0.1431,3.03,TIER_4_QUARANTINE_FRAUD,train
2524,0,0.2989,0.5827,0.8903,0.679,0.1001,46.86,TIER_3_RESTRICTED_CAUTION,val
2525,1,0.8529,0.1688,0.8104,0.59,0.482,12.52,TIER_4_QUARANTINE_FRAUD,train
2526,0,0.7768,0.2382,0.9137,0.6464,0.4153,20.55,TIER_4_QUARANTINE_FRAUD,test
2527,0,0.606,0.3528,0.8805,0.7368,0.1046,30.23,TIER_4_QUARANTINE_FRAUD,train
2528,0,0.0283,0.9114,0.928,0.7547,0.4841,72.43,TIER_2_STANDARD_TRUST,train
2529,0,0.0452,0.7859,0.9277,0.7348,0.5271,69.67,TIER_2_STANDARD_TRUST,train
2530,1,0.532,0.4149,0.9015,0.7654,0.0699,38.73,TIER_4_QUARANTINE_FRAUD,train
2531,0,0.1203,0.8513,0.922,0.7851,0.4092,68.71,TIER_2_STANDARD_TRUST,train
2532,1,0.795,0.2197,0.8219,0.7344,0.0629,13.92,TIER_4_QUARANTINE_FRAUD,val
2533,0,0.0019,0.8033,0.9223,0.7419,0.048,53.55,TIER_3_RESTRICTED_CAUTION,train
2534,1,0.9286,0.1309,0.8013,0.6359,0.0364,5.85,TIER_4_QUARANTINE_FRAUD,train
2535,1,0.9675,0.1015,0.8971,1.0,0.0878,5.78,TIER_4_QUARANTINE_FRAUD,train
2536,0,0.01,0.7986,0.841,0.8371,0.1208,57.52,TIER_3_RESTRICTED_CAUTION,test
2537,0,0.0061,0.8095,0.8869,0.711,0.1059,54.64,TIER_3_RESTRICTED_CAUTION,train
2538,0,0.1126,0.719,0.874,0.8218,0.1469,56.0,TIER_3_RESTRICTED_CAUTION,val
2539,0,0.1887,0.7924,0.8989,0.8727,0.0794,57.36,TIER_3_RESTRICTED_CAUTION,train
2540,0,0.5006,0.4542,0.822,0.7962,0.4516,57.56,TIER_3_RESTRICTED_CAUTION,train
2541,0,0.661,0.4097,0.9201,0.7672,0.0771,38.38,TIER_4_QUARANTINE_FRAUD,test
2542,1,0.9753,0.0837,0.8384,0.5956,0.1276,3.4,TIER_4_QUARANTINE_FRAUD,train
2543,0,0.0066,0.8035,0.9003,0.8233,0.1452,58.77,TIER_3_RESTRICTED_CAUTION,train
2544,0,0.2429,0.7394,0.8803,0.8185,0.2301,59.5,TIER_3_RESTRICTED_CAUTION,train
2545,0,0.0318,0.8137,0.9127,0.9405,0.1052,60.73,TIER_3_RESTRICTED_CAUTION,train
2546,0,0.18,0.6665,0.9079,0.9533,0.1159,56.97,TIER_3_RESTRICTED_CAUTION,train
2547,0,0.0727,0.8475,0.8051,0.896,0.1241,60.22,TIER_3_RESTRICTED_CAUTION,train
2548,1,0.9331,0.117,0.8915,0.8488,0.053,6.16,TIER_4_QUARANTINE_FRAUD,train
2549,0,0.1349,0.7152,0.8441,0.7071,0.0608,49.7,TIER_3_RESTRICTED_CAUTION,train
2550,1,0.8825,0.1449,0.8383,0.6504,0.0994,7.44,TIER_4_QUARANTINE_FRAUD,test
2551,1,0.9637,0.1892,0.889,1.0,0.0909,13.86,TIER_4_QUARANTINE_FRAUD,train
2552,1,0.9066,0.161,0.8289,0.6539,0.1196,8.84,TIER_4_QUARANTINE_FRAUD,test
2553,1,0.8542,0.1894,0.8794,0.6089,0.1147,10.94,TIER_4_QUARANTINE_FRAUD,val
2554,0,0.0048,0.9082,0.9384,0.7588,0.1142,59.59,TIER_3_RESTRICTED_CAUTION,test
2555,1,0.8573,0.2976,0.8581,0.4807,0.4156,25.75,TIER_4_QUARANTINE_FRAUD,train
2556,0,0.8293,0.2024,0.8876,0.5728,0.4553,16.0,TIER_4_QUARANTINE_FRAUD,train
2557,0,0.0085,0.8077,0.9005,0.794,0.1205,57.3,TIER_3_RESTRICTED_CAUTION,train
2558,0,0.4924,0.4723,0.9319,0.7504,0.0749,44.87,TIER_4_QUARANTINE_FRAUD,train
2559,0,0.6249,0.3381,0.8488,0.6477,0.0985,26.4,TIER_4_QUARANTINE_FRAUD,train
2560,1,0.0094,0.7969,0.9046,0.7685,0.1104,56.03,TIER_3_RESTRICTED_CAUTION,train
2561,1,0.9746,0.0749,0.8883,0.6222,0.132,3.04,TIER_4_QUARANTINE_FRAUD,val
2562,1,0.2158,0.6471,0.8564,0.8113,0.1334,52.93,TIER_3_RESTRICTED_CAUTION,test
2563,0,0.0617,0.787,0.8648,0.76,0.4853,68.24,TIER_2_STANDARD_TRUST,train
2564,1,0.9491,0.1033,0.8903,1.0,0.1566,6.27,TIER_4_QUARANTINE_FRAUD,train
2565,0,0.8159,0.1443,0.855,0.4238,0.1487,6.54,TIER_4_QUARANTINE_FRAUD,train
2566,0,0.9528,0.0882,0.8875,0.7138,0.1516,4.17,TIER_4_QUARANTINE_FRAUD,train
2567,0,0.0903,0.8653,0.9091,0.89,0.5241,75.64,TIER_2_STANDARD_TRUST,train
2568,0,0.6622,0.3076,0.9028,0.7321,0.1601,25.71,TIER_4_QUARANTINE_FRAUD,train
2569,0,0.0631,0.9239,0.9235,0.8214,0.1298,62.03,TIER_3_RESTRICTED_CAUTION,train
2570,0,0.0078,0.9338,0.9088,0.7062,0.4178,69.38,TIER_2_STANDARD_TRUST,train
2571,0,0.1335,0.7044,0.8762,0.802,0.1141,53.94,TIER_3_RESTRICTED_CAUTION,val
2572,0,0.0144,0.9036,0.9242,0.6901,0.1009,57.13,TIER_3_RESTRICTED_CAUTION,train
2573,1,0.8654,0.1559,0.8792,0.5845,0.1141,8.09,TIER_4_QUARANTINE_FRAUD,train
2574,0,0.6881,0.4215,0.8653,0.7588,0.1526,41.89,TIER_4_QUARANTINE_FRAUD,train
2575,1,0.9697,0.0834,0.7814,0.6712,0.061,3.27,TIER_4_QUARANTINE_FRAUD,train
2576,1,0.9557,0.0968,0.8625,0.5143,0.4128,5.27,TIER_4_QUARANTINE_FRAUD,train
2577,0,0.1749,0.6736,0.9288,0.8344,0.1203,54.57,TIER_3_RESTRICTED_CAUTION,train
2578,1,0.6797,0.3035,0.9002,1.0,0.1845,29.7,TIER_4_QUARANTINE_FRAUD,test
2579,0,0.0069,0.8009,0.9161,0.8158,0.1139,57.57,TIER_3_RESTRICTED_CAUTION,train
2580,0,0.8284,0.2918,0.9059,0.805,0.4934,31.44,TIER_4_QUARANTINE_FRAUD,train
2581,1,0.9016,0.0955,0.8222,0.5452,0.1427,3.96,TIER_4_QUARANTINE_FRAUD,test
2582,0,0.0716,0.7504,0.819,0.7075,0.1194,52.57,TIER_3_RESTRICTED_CAUTION,train
2583,1,0.8752,0.1593,0.8716,0.6417,0.4262,11.52,TIER_4_QUARANTINE_FRAUD,train
2584,0,0.0123,0.9241,0.9319,0.8366,0.1096,61.79,TIER_3_RESTRICTED_CAUTION,train
2585,1,0.9431,0.2206,0.8853,1.0,0.4992,22.93,TIER_4_QUARANTINE_FRAUD,train
2586,0,0.4713,0.4536,0.8708,0.7317,0.0927,43.85,TIER_4_QUARANTINE_FRAUD,test
2587,0,0.0711,0.8868,0.8482,0.7955,0.55,74.22,TIER_2_STANDARD_TRUST,train
2588,0,0.4196,0.5296,0.9209,0.7194,0.501,60.62,TIER_3_RESTRICTED_CAUTION,train
2589,0,0.0346,0.8052,0.9263,0.7881,0.1339,57.81,TIER_3_RESTRICTED_CAUTION,train
2590,1,0.9674,0.0773,0.7866,0.5,0.1225,2.73,TIER_4_QUARANTINE_FRAUD,train
2591,0,0.1127,0.7434,0.8485,0.8914,0.55,72.32,TIER_2_STANDARD_TRUST,test
2592,0,0.9315,0.1188,0.8496,0.6167,0.1665,5.89,TIER_4_QUARANTINE_FRAUD,train
2593,0,0.3811,0.6491,0.9168,0.814,0.531,67.58,TIER_2_STANDARD_TRUST,test
2594,0,0.2275,0.7779,0.9191,0.7903,0.484,69.22,TIER_2_STANDARD_TRUST,train
2595,0,0.5668,0.3779,0.9091,0.8491,0.1769,38.13,TIER_4_QUARANTINE_FRAUD,train
2596,0,0.0017,0.9172,0.9298,0.7963,0.1341,61.41,TIER_3_RESTRICTED_CAUTION,train
2597,0,0.021,0.9246,0.8999,0.9123,0.0216,60.3,TIER_3_RESTRICTED_CAUTION,train
2598,0,0.4708,0.4615,0.9225,0.731,0.1152,45.38,TIER_3_RESTRICTED_CAUTION,test
2599,1,0.5228,0.4489,0.877,0.838,0.4601,59.11,TIER_3_RESTRICTED_CAUTION,train
2600,0,0.0382,0.878,0.8708,0.7265,0.0901,56.37,TIER_3_RESTRICTED_CAUTION,train
2601,0,0.1167,0.7306,0.8793,0.701,0.0926,51.48,TIER_3_RESTRICTED_CAUTION,val
2602,0,0.1934,0.6602,0.9165,0.7605,0.1068,51.72,TIER_3_RESTRICTED_CAUTION,train
2603,0,0.0103,0.7977,0.939,0.8675,0.1015,58.56,TIER_3_RESTRICTED_CAUTION,train
2604,0,0.1606,0.6863,0.8746,0.6795,0.093,49.58,TIER_3_RESTRICTED_CAUTION,train
2605,0,0.5687,0.3903,0.8547,0.8001,0.109,36.62,TIER_4_QUARANTINE_FRAUD,train
2606,0,0.3717,0.4771,0.9009,0.9003,0.1456,50.93,TIER_3_RESTRICTED_CAUTION,val
2607,0,0.2363,0.7566,0.8808,0.8367,0.4915,69.63,TIER_2_STANDARD_TRUST,test
2608,0,0.3769,0.5283,0.9035,0.5831,0.1417,44.42,TIER_4_QUARANTINE_FRAUD,train
2609,0,0.0017,0.9391,0.8997,0.8734,0.4581,75.04,TIER_2_STANDARD_TRUST,train
2610,0,0.147,0.6963,0.9241,0.6921,0.1186,51.58,TIER_3_RESTRICTED_CAUTION,val
2611,0,0.0029,0.806,0.8824,0.8222,0.1296,58.09,TIER_3_RESTRICTED_CAUTION,train
2612,1,0.8825,0.09,0.7425,0.5167,0.0298,2.97,TIER_4_QUARANTINE_FRAUD,test
2613,0,0.0064,0.8671,0.9321,0.9402,0.1051,62.52,TIER_3_RESTRICTED_CAUTION,train
2614,0,0.0062,0.8052,0.9312,0.8051,0.1281,58.08,TIER_3_RESTRICTED_CAUTION,test
2615,1,0.6897,0.2896,0.8542,0.4332,0.0434,16.67,TIER_4_QUARANTINE_FRAUD,train
2616,0,0.1072,0.7543,0.9208,0.9034,0.4255,69.32,TIER_2_STANDARD_TRUST,train
2617,0,0.1113,0.7542,0.8893,0.5962,0.4245,61.28,TIER_3_RESTRICTED_CAUTION,train
2618,0,0.3722,0.5242,0.7088,0.2221,0.0209,29.1,TIER_4_QUARANTINE_FRAUD,train
2619,0,0.0084,0.9896,0.9467,0.8141,0.433,74.66,TIER_2_STANDARD_TRUST,train
2620,0,0.0061,0.9767,0.9479,0.9125,0.4131,76.05,TIER_2_STANDARD_TRUST,val
2621,0,0.7524,0.2378,0.864,0.5421,0.0254,13.19,TIER_4_QUARANTINE_FRAUD,train
2622,0,0.03,0.8839,0.8696,0.7057,0.1001,56.36,TIER_3_RESTRICTED_CAUTION,val
2623,1,0.9599,0.0966,0.883,1.0,0.55,7.57,TIER_4_QUARANTINE_FRAUD,train
2624,0,0.1418,0.7091,0.8648,0.8062,0.1887,56.68,TIER_3_RESTRICTED_CAUTION,train
2625,0,0.5877,0.3634,0.8574,0.8957,0.1425,35.5,TIER_4_QUARANTINE_FRAUD,train
2626,1,0.9812,0.0344,0.7589,0.5209,0.1056,0.9,TIER_4_QUARANTINE_FRAUD,train
2627,0,0.0072,0.7979,0.9173,0.8683,0.1392,59.69,TIER_3_RESTRICTED_CAUTION,val
2628,1,0.9504,0.0942,0.8686,1.0,0.1162,5.31,TIER_4_QUARANTINE_FRAUD,train
2629,1,0.6972,0.3176,0.8442,0.6392,0.0335,22.32,TIER_4_QUARANTINE_FRAUD,train
2630,0,0.1672,0.8064,0.9255,0.7149,0.066,53.63,TIER_3_RESTRICTED_CAUTION,test
2631,1,0.8988,0.1348,0.8858,0.474,0.0303,5.39,TIER_4_QUARANTINE_FRAUD,train
2632,1,0.8119,0.198,0.8216,0.5568,0.0632,10.42,TIER_4_QUARANTINE_FRAUD,train
2633,1,0.9673,0.0365,0.8213,0.995,0.1593,1.52,TIER_4_QUARANTINE_FRAUD,test
2634,0,0.0307,0.7852,0.8653,0.7912,0.1353,56.72,TIER_3_RESTRICTED_CAUTION,train
2635,0,0.0122,0.9227,0.9245,0.6639,0.4355,68.77,TIER_2_STANDARD_TRUST,test
2636,0,0.0916,0.7659,0.8865,0.7444,0.5253,68.84,TIER_2_STANDARD_TRUST,train
2637,0,0.8834,0.143,0.8288,0.2127,0.1156,4.94,TIER_4_QUARANTINE_FRAUD,train
2638,0,0.0063,0.8989,0.9505,0.8683,0.1529,63.53,TIER_3_RESTRICTED_CAUTION,train
2639,0,0.0063,0.9763,0.9293,0.9361,0.4484,77.68,TIER_2_STANDARD_TRUST,train
2640,0,0.0397,0.8111,0.9266,0.76,0.1059,56.31,TIER_3_RESTRICTED_CAUTION,train
2641,1,0.749,0.2471,0.838,0.6631,0.0259,15.27,TIER_4_QUARANTINE_FRAUD,test
2642,0,0.0745,0.8764,0.8855,0.7679,0.171,60.33,TIER_3_RESTRICTED_CAUTION,val
2643,0,0.6964,0.2808,0.8846,0.9507,0.1603,25.27,TIER_4_QUARANTINE_FRAUD,train
2644,0,0.012,0.8228,0.9314,0.8987,0.0963,59.84,TIER_3_RESTRICTED_CAUTION,train
2645,0,0.0048,0.9294,0.9115,0.8545,0.9688,92.27,TIER_1_VERIFIED_SAFE,train
2646,1,0.9325,0.1024,0.8042,0.5835,0.1368,4.45,TIER_4_QUARANTINE_FRAUD,val
2647,0,0.3901,0.6307,0.8447,0.4398,0.0667,40.7,TIER_4_QUARANTINE_FRAUD,train
2648,0,0.0628,0.873,0.8539,0.695,0.6487,74.81,TIER_2_STANDARD_TRUST,test
2649,0,0.0689,0.8706,0.9313,0.8438,0.5383,75.36,TIER_2_STANDARD_TRUST,train
2650,1,0.8777,0.1597,0.8497,0.67,0.4566,11.97,TIER_4_QUARANTINE_FRAUD,train
2651,0,0.0107,0.9327,0.8484,0.8573,0.9702,91.85,TIER_1_VERIFIED_SAFE,train
2652,0,0.004,0.8034,0.8555,0.8056,0.125,57.17,TIER_3_RESTRICTED_CAUTION,train
2653,0,0.6462,0.4172,0.9072,0.8932,0.1182,43.55,TIER_4_QUARANTINE_FRAUD,train
2654,0,0.0514,0.8703,0.9194,0.7781,0.0788,57.51,TIER_3_RESTRICTED_CAUTION,test
2655,0,0.8827,0.1444,0.8136,0.6383,0.0304,6.73,TIER_4_QUARANTINE_FRAUD,train
2656,0,0.0016,0.8106,0.9139,0.8648,0.021,55.81,TIER_3_RESTRICTED_CAUTION,train
2657,1,0.8124,0.1983,0.887,0.5445,0.1124,11.15,TIER_4_QUARANTINE_FRAUD,train
2658,0,0.0878,0.7491,0.8758,0.8073,0.1355,56.16,TIER_3_RESTRICTED_CAUTION,train
2659,0,0.8354,0.1793,0.8646,0.75,0.1181,11.16,TIER_4_QUARANTINE_FRAUD,train
2660,0,0.0041,0.8065,0.9063,0.8323,0.127,58.51,TIER_3_RESTRICTED_CAUTION,train
2661,0,0.4136,0.4941,0.8938,0.8633,0.1825,51.73,TIER_3_RESTRICTED_CAUTION,val
2662,0,0.0519,0.9009,0.8928,0.8,0.2055,63.15,TIER_3_RESTRICTED_CAUTION,train
2663,0,0.0936,0.8734,0.8943,0.7939,0.651,77.78,TIER_2_STANDARD_TRUST,train
2664,0,0.1673,0.7058,0.9195,1.0,0.9927,90.11,TIER_1_VERIFIED_SAFE,test
2665,0,0.0238,0.7861,0.9182,0.8376,0.1405,58.62,TIER_3_RESTRICTED_CAUTION,test
2666,0,0.1249,0.8442,0.919,0.8328,0.1495,60.57,TIER_3_RESTRICTED_CAUTION,train
2667,0,0.2674,0.606,0.8724,0.7605,0.0999,49.41,TIER_3_RESTRICTED_CAUTION,train
2668,1,0.9463,0.1237,0.8881,0.7153,0.1084,6.39,TIER_4_QUARANTINE_FRAUD,train
2669,0,0.0043,0.9122,0.9234,0.8784,0.1418,63.52,TIER_3_RESTRICTED_CAUTION,train
2670,1,0.9445,0.1124,0.9064,0.5404,0.1191,4.96,TIER_4_QUARANTINE_FRAUD,train
2671,0,0.2091,0.6524,0.8734,0.8424,0.1301,53.92,TIER_3_RESTRICTED_CAUTION,train
2672,1,0.819,0.2079,0.855,0.6634,0.0555,12.21,TIER_4_QUARANTINE_FRAUD,train
2673,1,0.9685,0.0995,0.8875,1.0,0.1456,5.9,TIER_4_QUARANTINE_FRAUD,test
2674,1,0.8216,0.3239,0.8359,0.7117,0.4272,33.14,TIER_4_QUARANTINE_FRAUD,train
2675,0,0.0116,0.8999,0.9428,0.7447,0.1541,60.44,TIER_3_RESTRICTED_CAUTION,train
2676,0,0.4315,0.4927,0.8839,0.7312,0.1536,47.28,TIER_3_RESTRICTED_CAUTION,train
2677,1,0.9031,0.1306,0.8154,0.5935,0.1146,6.19,TIER_4_QUARANTINE_FRAUD,train
2678,0,0.5101,0.4232,0.9116,0.9824,0.1596,47.97,TIER_3_RESTRICTED_CAUTION,train
2679,1,0.9305,0.1102,0.8305,0.5468,0.126,4.77,TIER_4_QUARANTINE_FRAUD,train
2680,0,0.7088,0.4097,0.894,0.6274,0.476,47.42,TIER_3_RESTRICTED_CAUTION,train
2681,0,0.8995,0.1295,1.0,0.2579,0.0257,4.2,TIER_4_QUARANTINE_FRAUD,test
2682,1,0.8063,0.2046,0.6741,0.4262,0.4577,14.19,TIER_4_QUARANTINE_FRAUD,train
2683,0,0.098,0.7326,0.8601,0.8321,0.1371,56.18,TIER_3_RESTRICTED_CAUTION,val
2684,0,0.9289,0.1138,0.8255,0.419,0.0278,3.87,TIER_4_QUARANTINE_FRAUD,test
2685,1,0.5296,0.42,0.8689,0.6176,0.0294,34.51,TIER_4_QUARANTINE_FRAUD,train
2686,1,0.8817,0.174,0.8966,0.5433,0.0384,8.46,TIER_4_QUARANTINE_FRAUD,train
2687,0,0.0056,0.9369,0.9145,0.7085,0.155,60.39,TIER_3_RESTRICTED_CAUTION,train
2688,1,0.9558,0.0877,0.8803,0.4695,0.031,2.9,TIER_4_QUARANTINE_FRAUD,val
2689,0,0.0679,0.789,0.9251,0.6528,0.4211,63.98,TIER_3_RESTRICTED_CAUTION,train
2690,1,0.4796,0.4881,0.8518,1.0,0.4896,65.3,TIER_2_STANDARD_TRUST,train
2691,1,0.9779,0.0235,0.7082,0.5332,0.1066,0.53,TIER_4_QUARANTINE_FRAUD,train
2692,0,0.0922,0.7382,0.9163,0.7433,0.0926,53.14,TIER_3_RESTRICTED_CAUTION,train
2693,0,0.0012,0.8224,0.8956,0.922,0.123,60.98,TIER_3_RESTRICTED_CAUTION,train
2694,0,0.4459,0.4681,0.8756,0.6967,0.1579,45.74,TIER_3_RESTRICTED_CAUTION,test
2695,0,0.0976,0.7326,0.9099,0.7988,0.101,54.58,TIER_3_RESTRICTED_CAUTION,test
2696,1,0.5736,0.3261,0.8084,0.612,0.0438,22.83,TIER_4_QUARANTINE_FRAUD,test
2697,0,0.7624,0.2315,0.8632,0.9169,0.1582,18.56,TIER_4_QUARANTINE_FRAUD,val
2698,0,0.0363,0.8058,0.9195,0.8679,0.1036,58.69,TIER_3_RESTRICTED_CAUTION,train
2699,1,0.9781,0.081,0.8689,1.0,0.059,4.11,TIER_4_QUARANTINE_FRAUD,train
2700,0,0.7125,0.2859,0.8499,0.8871,0.1539,24.76,TIER_4_QUARANTINE_FRAUD,train
2701,0,0.0087,0.7964,0.9269,0.7486,0.1045,55.53,TIER_3_RESTRICTED_CAUTION,test
2702,0,0.0912,0.7504,0.9271,0.9204,0.6597,77.88,TIER_2_STANDARD_TRUST,test
2703,1,0.8955,0.1462,0.893,0.8856,0.4958,12.24,TIER_4_QUARANTINE_FRAUD,test
2704,1,0.8217,0.1398,0.8427,0.6914,0.1253,7.5,TIER_4_QUARANTINE_FRAUD,val
2705,1,0.3662,0.5299,0.7498,0.5743,0.136,42.51,TIER_4_QUARANTINE_FRAUD,train
2706,1,0.9587,0.0839,0.8938,1.0,0.6444,6.64,TIER_4_QUARANTINE_FRAUD,test
2707,0,0.0093,0.9093,0.9241,0.9605,0.0851,63.51,TIER_3_RESTRICTED_CAUTION,val
2708,0,0.2392,0.6481,0.897,0.8207,0.1572,54.43,TIER_3_RESTRICTED_CAUTION,train
2709,0,0.0072,0.8014,0.9244,0.8465,0.1054,58.14,TIER_3_RESTRICTED_CAUTION,val
2710,0,0.0182,0.7958,0.863,0.8389,0.1421,58.45,TIER_3_RESTRICTED_CAUTION,val
2711,0,0.8527,0.1805,0.8092,0.7214,0.1605,11.33,TIER_4_QUARANTINE_FRAUD,test
2712,0,0.0675,0.7646,0.9161,0.8431,0.1138,57.16,TIER_3_RESTRICTED_CAUTION,train
2713,0,0.0416,0.8001,0.8747,0.8452,0.4856,70.87,TIER_2_STANDARD_TRUST,train
2714,0,0.1002,0.7312,0.8721,0.8,0.1436,55.68,TIER_3_RESTRICTED_CAUTION,test
2715,1,0.8312,0.1906,0.8373,0.6973,0.0431,10.81,TIER_4_QUARANTINE_FRAUD,train
2716,1,0.919,0.2357,0.873,0.6255,0.1727,16.16,TIER_4_QUARANTINE_FRAUD,val
2717,0,0.8772,0.1752,0.8149,0.7634,0.1919,11.5,TIER_4_QUARANTINE_FRAUD,test
2718,1,0.9598,0.0381,0.7649,0.6645,0.1396,1.22,TIER_4_QUARANTINE_FRAUD,test
2719,0,0.531,0.3809,0.8854,0.775,0.202,37.61,TIER_4_QUARANTINE_FRAUD,train
2720,0,0.7024,0.2874,0.8596,0.6312,0.1952,22.23,TIER_4_QUARANTINE_FRAUD,train
2721,0,0.2195,0.5976,0.8756,0.985,0.6615,74.46,TIER_2_STANDARD_TRUST,test
2722,0,1e-04,0.9317,0.9208,0.7776,0.4699,73.05,TIER_2_STANDARD_TRUST,test
2723,0,0.7489,0.2682,0.8981,0.8303,0.0795,20.7,TIER_4_QUARANTINE_FRAUD,train
2724,0,0.0865,0.8658,0.9332,0.8225,0.1392,60.74,TIER_3_RESTRICTED_CAUTION,test
2725,0,0.5157,0.4495,0.9296,0.7278,0.0603,43.02,TIER_4_QUARANTINE_FRAUD,val
2726,0,0.1286,0.7168,0.8725,0.8098,0.1394,55.35,TIER_3_RESTRICTED_CAUTION,test
2727,0,0.0093,0.8998,0.9142,0.8031,0.1083,60.0,TIER_3_RESTRICTED_CAUTION,train
2728,1,0.0099,0.7944,0.9052,0.9257,0.1102,59.88,TIER_3_RESTRICTED_CAUTION,train
2729,0,0.0099,0.7964,0.8952,0.7916,0.1255,57.03,TIER_3_RESTRICTED_CAUTION,test
2730,1,0.6639,0.3166,0.8414,0.4534,0.1131,21.02,TIER_4_QUARANTINE_FRAUD,train
2731,1,0.5376,0.4226,0.9016,0.6117,0.1078,37.56,TIER_4_QUARANTINE_FRAUD,train
2732,1,0.9454,0.0958,0.8174,0.2396,0.0185,2.37,TIER_4_QUARANTINE_FRAUD,train
2733,1,0.6165,0.3482,0.8571,0.7244,0.1345,29.98,TIER_4_QUARANTINE_FRAUD,train
2734,0,0.001,0.9112,0.8984,0.8063,0.0677,58.85,TIER_3_RESTRICTED_CAUTION,train
2735,0,0.0232,0.9084,0.8029,0.78,0.649,77.5,TIER_2_STANDARD_TRUST,train
2736,0,0.0137,0.8072,0.8995,0.7411,0.1639,57.47,TIER_3_RESTRICTED_CAUTION,train
2737,0,0.4025,0.5021,0.9036,0.9277,0.1142,51.29,TIER_3_RESTRICTED_CAUTION,train
2738,0,0.0299,0.8031,0.8687,0.7263,0.6511,73.73,TIER_2_STANDARD_TRUST,train
2739,0,0.002,0.8373,0.8418,0.7943,0.0376,54.71,TIER_3_RESTRICTED_CAUTION,train
2740,0,0.063,0.8751,0.922,0.6667,0.5874,72.7,TIER_2_STANDARD_TRUST,train
2741,0,0.1896,0.6155,0.8888,0.9891,0.6749,75.7,TIER_2_STANDARD_TRUST,train
2742,0,0.0043,0.8057,0.8685,0.7905,0.1301,57.17,TIER_3_RESTRICTED_CAUTION,train
2743,0,0.0017,0.8067,0.9262,0.9703,0.1035,61.34,TIER_3_RESTRICTED_CAUTION,train
2744,0,0.474,0.4347,0.8457,0.7937,0.4522,54.66,TIER_3_RESTRICTED_CAUTION,train
2745,0,0.8481,0.1866,0.8449,0.8367,0.0951,12.2,TIER_4_QUARANTINE_FRAUD,val
2746,0,0.8744,0.1473,0.7367,0.2173,0.0317,4.29,TIER_4_QUARANTINE_FRAUD,test
2747,1,0.0159,0.8066,0.8005,0.8004,0.1397,57.1,TIER_3_RESTRICTED_CAUTION,train
2748,0,0.0729,0.7605,0.8581,0.8205,0.13,56.46,TIER_3_RESTRICTED_CAUTION,train
2749,0,0.005,0.8125,0.9281,0.8726,0.1331,60.13,TIER_3_RESTRICTED_CAUTION,train
2750,0,0.1327,0.7053,0.8504,0.7453,0.1111,52.18,TIER_3_RESTRICTED_CAUTION,train
2751,0,0.7655,0.3396,0.8563,0.8356,0.175,31.74,TIER_4_QUARANTINE_FRAUD,val
2752,0,0.0188,0.8199,0.9202,0.787,0.0317,54.58,TIER_3_RESTRICTED_CAUTION,train
2753,0,0.0078,0.7986,0.8693,0.7383,0.0996,54.59,TIER_3_RESTRICTED_CAUTION,train
2754,1,0.7432,0.2255,0.8239,0.5271,0.124,13.24,TIER_4_QUARANTINE_FRAUD,train
2755,0,0.0822,0.773,0.8488,0.8053,0.9725,85.85,TIER_1_VERIFIED_SAFE,train
2756,0,0.0185,0.9248,0.8641,0.7277,0.493,71.83,TIER_2_STANDARD_TRUST,train
2757,0,0.1705,0.81,0.9207,0.7182,0.5079,69.24,TIER_2_STANDARD_TRUST,train
2758,0,0.2373,0.6642,0.8935,0.7652,0.45,63.74,TIER_3_RESTRICTED_CAUTION,train
2759,0,0.0845,0.7392,0.865,0.8613,0.1416,57.32,TIER_3_RESTRICTED_CAUTION,train
2760,1,0.9419,0.1012,0.8056,0.5838,0.1195,4.29,TIER_4_QUARANTINE_FRAUD,train
2761,0,0.2496,0.6394,0.8837,0.7646,0.1251,51.51,TIER_3_RESTRICTED_CAUTION,train
2762,0,0.0667,0.7627,0.9368,0.8986,0.4309,69.8,TIER_2_STANDARD_TRUST,test
2763,1,0.5014,0.4553,0.8789,0.5375,0.0281,36.87,TIER_4_QUARANTINE_FRAUD,train
2764,1,0.957,0.1188,0.9017,0.6268,0.4335,7.68,TIER_4_QUARANTINE_FRAUD,train
2765,0,0.7858,0.2487,0.8637,0.6625,0.1398,17.37,TIER_4_QUARANTINE_FRAUD,test
2766,1,0.8454,0.2111,0.7756,0.6893,0.4465,17.55,TIER_4_QUARANTINE_FRAUD,train
2767,1,0.9055,0.1394,0.8107,0.7424,0.08,7.33,TIER_4_QUARANTINE_FRAUD,train
2768,0,0.1072,0.6904,0.8809,0.7634,0.1564,54.08,TIER_3_RESTRICTED_CAUTION,train
2769,1,0.8951,0.1111,0.7117,0.4407,0.1301,4.22,TIER_4_QUARANTINE_FRAUD,train
2770,0,0.7483,0.2651,0.8024,0.7423,0.117,19.42,TIER_4_QUARANTINE_FRAUD,train
2771,1,0.8406,0.1792,0.885,0.4559,0.1064,8.87,TIER_4_QUARANTINE_FRAUD,val
2772,0,0.0076,0.9068,0.9301,0.7181,0.4578,70.48,TIER_2_STANDARD_TRUST,val
2773,1,0.9844,0.0729,0.8641,1.0,0.1317,3.79,TIER_4_QUARANTINE_FRAUD,train
2774,0,0.1628,0.6901,0.8745,0.8444,0.1223,54.84,TIER_3_RESTRICTED_CAUTION,train
2775,0,0.1645,0.7095,0.896,0.8328,0.9791,85.33,TIER_1_VERIFIED_SAFE,val
2776,1,0.8929,0.2564,0.8502,0.8509,0.114,19.96,TIER_4_QUARANTINE_FRAUD,train
2777,0,0.915,0.1209,0.8834,0.7135,0.1139,6.21,TIER_4_QUARANTINE_FRAUD,test
2778,0,0.3085,0.5742,0.7567,0.8462,0.1351,50.68,TIER_3_RESTRICTED_CAUTION,train
2779,1,0.8667,0.1644,0.8081,0.7488,0.1278,9.78,TIER_4_QUARANTINE_FRAUD,test
2780,1,0.9585,0.1064,0.8943,1.0,0.5338,8.56,TIER_4_QUARANTINE_FRAUD,train
2781,0,0.8332,0.1841,0.9086,0.7847,0.1926,12.82,TIER_4_QUARANTINE_FRAUD,val
2782,1,0.8262,0.2109,0.8291,0.7161,0.1183,13.69,TIER_4_QUARANTINE_FRAUD,train
2783,1,0.9521,0.0919,0.8785,0.394,0.0175,2.79,TIER_4_QUARANTINE_FRAUD,train
2784,0,0.1529,0.7021,0.9115,0.843,0.1243,55.6,TIER_3_RESTRICTED_CAUTION,train
2785,1,0.9361,0.0604,0.8043,0.6713,0.1478,2.34,TIER_4_QUARANTINE_FRAUD,val
2786,0,0.0103,0.8202,0.9201,0.77,0.0957,56.41,TIER_3_RESTRICTED_CAUTION,train
2787,1,0.9806,0.1023,0.8974,0.4868,0.4238,5.69,TIER_4_QUARANTINE_FRAUD,val
2788,0,0.0067,0.9096,0.924,0.7518,0.4673,71.68,TIER_2_STANDARD_TRUST,val
2789,0,0.0809,0.8627,0.8962,0.7853,0.9683,88.37,TIER_1_VERIFIED_SAFE,val
2790,0,0.0965,0.8478,0.9224,0.6829,0.1676,57.6,TIER_3_RESTRICTED_CAUTION,test
2791,1,0.981,0.0702,0.893,0.4693,0.1027,2.35,TIER_4_QUARANTINE_FRAUD,train
2792,0,0.7047,0.277,0.9229,0.9278,0.1723,24.89,TIER_4_QUARANTINE_FRAUD,test
2793,0,0.2021,0.6646,0.8509,0.7825,0.1039,51.65,TIER_3_RESTRICTED_CAUTION,train
2794,0,0.7989,0.2315,0.8046,0.6133,0.1522,15.03,TIER_4_QUARANTINE_FRAUD,val
2795,1,0.8142,0.1448,0.7433,0.6172,0.0648,6.75,TIER_4_QUARANTINE_FRAUD,train
2796,0,0.0341,0.8008,0.8766,0.9225,0.6592,78.92,TIER_2_STANDARD_TRUST,train
2797,0,0.8857,0.2766,0.8445,0.6185,0.453,25.52,TIER_4_QUARANTINE_FRAUD,train
2798,1,0.9552,0.0451,0.7741,0.3169,0.1142,1.06,TIER_4_QUARANTINE_FRAUD,test
2799,1,0.6018,0.304,0.762,0.5195,0.1546,21.1,TIER_4_QUARANTINE_FRAUD,val
2800,0,0.0498,0.8942,0.9074,0.8604,0.1161,61.47,TIER_3_RESTRICTED_CAUTION,val
2801,0,0.7461,0.2471,0.8686,0.6049,0.103,15.97,TIER_4_QUARANTINE_FRAUD,test
2802,0,0.0216,0.9204,0.9171,0.8314,0.5199,75.77,TIER_2_STANDARD_TRUST,test
2803,1,0.3384,0.5566,0.8931,0.5482,0.0308,40.41,TIER_4_QUARANTINE_FRAUD,test
2804,0,0.8958,0.1316,0.8287,0.3324,0.025,4.33,TIER_4_QUARANTINE_FRAUD,test
2805,0,0.1245,0.7101,0.8959,0.8864,0.137,57.22,TIER_3_RESTRICTED_CAUTION,test
2806,0,0.0202,0.8993,0.9382,0.8779,0.4508,74.09,TIER_2_STANDARD_TRUST,test
2807,0,0.4738,0.4833,0.9109,0.6299,0.4537,55.24,TIER_3_RESTRICTED_CAUTION,train
2808,1,0.9767,0.0771,0.8609,0.5458,0.13,2.94,TIER_4_QUARANTINE_FRAUD,train
2809,0,0.007,0.8243,0.8926,0.8063,0.1372,58.62,TIER_3_RESTRICTED_CAUTION,train
2810,1,0.9345,0.1034,0.8744,1.0,0.1062,6.0,TIER_4_QUARANTINE_FRAUD,train
2811,0,0.6593,0.3122,0.9154,0.7583,0.0693,24.81,TIER_4_QUARANTINE_FRAUD,val
2812,0,0.0018,0.9228,0.9233,0.8818,0.1095,62.79,TIER_3_RESTRICTED_CAUTION,test
2813,0,0.0204,0.9031,0.903,0.8157,0.4282,71.5,TIER_2_STANDARD_TRUST,test
2814,0,0.0928,0.7357,0.9539,0.8691,0.1498,58.58,TIER_3_RESTRICTED_CAUTION,train
2815,0,0.034,0.7829,0.8551,0.7861,0.1391,56.56,TIER_3_RESTRICTED_CAUTION,test
2816,1,0.8261,0.1833,0.8882,1.0,0.0565,12.87,TIER_4_QUARANTINE_FRAUD,test
2817,0,0.2875,0.6171,0.8869,0.8415,0.4741,65.01,TIER_2_STANDARD_TRUST,train
2818,0,0.1197,0.725,0.8418,0.7189,0.6521,70.96,TIER_2_STANDARD_TRUST,test
2819,1,0.7112,0.2714,0.8458,0.2312,0.048,12.47,TIER_4_QUARANTINE_FRAUD,test
2820,0,0.1376,0.8036,0.8746,0.6927,0.1068,53.91,TIER_3_RESTRICTED_CAUTION,test
2821,0,0.2731,0.7336,0.8836,0.7568,0.5113,67.66,TIER_2_STANDARD_TRUST,val
2822,0,0.0707,0.8533,0.9233,0.8549,0.1042,59.85,TIER_3_RESTRICTED_CAUTION,train
2823,0,0.9253,0.1103,0.9074,0.4907,0.0123,4.03,TIER_4_QUARANTINE_FRAUD,val
2824,1,0.8546,0.1565,0.7868,0.7564,0.4436,11.91,TIER_4_QUARANTINE_FRAUD,train
2825,0,0.2529,0.6209,0.85,0.7715,0.1311,51.0,TIER_3_RESTRICTED_CAUTION,val
2826,0,0.4277,0.511,0.8512,0.8077,0.1297,48.57,TIER_3_RESTRICTED_CAUTION,train
2827,0,0.0043,0.9293,0.924,0.7665,0.491,73.47,TIER_2_STANDARD_TRUST,train
2828,1,0.8596,0.1924,0.8964,0.6325,0.0513,10.72,TIER_4_QUARANTINE_FRAUD,train
2829,1,0.9447,0.097,0.8674,0.5933,0.1725,4.41,TIER_4_QUARANTINE_FRAUD,train
2830,1,0.9014,0.133,0.8442,0.5712,0.1269,6.38,TIER_4_QUARANTINE_FRAUD,train
2831,0,0.2087,0.6243,0.8565,0.995,0.1824,58.55,TIER_3_RESTRICTED_CAUTION,train
2832,1,0.8404,0.2082,0.8536,0.5136,0.0569,10.87,TIER_4_QUARANTINE_FRAUD,train
2833,0,0.0109,0.7985,0.9346,0.8964,0.1809,62.04,TIER_3_RESTRICTED_CAUTION,train
2834,0,0.0018,0.806,0.9268,0.9123,0.1629,61.96,TIER_3_RESTRICTED_CAUTION,val
2835,1,0.9396,0.0585,0.8401,0.7894,0.0556,2.25,TIER_4_QUARANTINE_FRAUD,train
2836,0,0.2436,0.6188,0.9129,0.6019,0.0425,44.23,TIER_4_QUARANTINE_FRAUD,test
2837,0,0.2508,0.6203,0.8689,0.8553,0.1665,54.51,TIER_3_RESTRICTED_CAUTION,train
2838,0,0.2618,0.5614,0.8707,1.0,0.6749,74.17,TIER_2_STANDARD_TRUST,train
2839,1,0.4534,0.4689,0.8718,0.5742,0.0443,38.69,TIER_4_QUARANTINE_FRAUD,train
2840,0,0.0047,0.8244,0.9117,0.8633,0.1027,59.03,TIER_3_RESTRICTED_CAUTION,test
2841,1,0.9268,0.0722,0.845,0.5511,0.1108,2.62,TIER_4_QUARANTINE_FRAUD,train
2842,0,0.0869,0.7435,0.9077,0.8127,0.152,57.02,TIER_3_RESTRICTED_CAUTION,test
2843,1,0.908,0.1278,0.896,0.9028,0.1249,7.73,TIER_4_QUARANTINE_FRAUD,val
2844,0,0.0002,0.8105,0.9145,0.9561,0.43,72.41,TIER_2_STANDARD_TRUST,val
2845,1,0.9902,0.0911,0.8712,0.4553,0.1243,3.41,TIER_4_QUARANTINE_FRAUD,train
2846,0,0.0848,0.7427,0.9133,0.8375,0.0926,55.6,TIER_3_RESTRICTED_CAUTION,train
2847,0,0.0481,0.7696,0.8646,0.7877,0.1083,55.22,TIER_3_RESTRICTED_CAUTION,train
2848,1,0.4702,0.4866,0.895,0.6421,0.4237,54.43,TIER_3_RESTRICTED_CAUTION,val
2849,0,0.0484,0.7908,0.9331,0.7182,0.0767,53.7,TIER_3_RESTRICTED_CAUTION,test
2850,1,0.9231,0.1122,0.8004,0.3626,0.0169,3.46,TIER_4_QUARANTINE_FRAUD,train
2851,0,0.0601,0.7648,0.8443,0.8332,0.1098,56.06,TIER_3_RESTRICTED_CAUTION,train
2852,1,0.1189,0.7206,0.8726,0.8727,0.2501,60.91,TIER_3_RESTRICTED_CAUTION,test
2853,1,0.064,0.758,0.8942,0.8248,0.1341,57.0,TIER_3_RESTRICTED_CAUTION,test
2854,1,0.8633,0.1622,0.8939,0.7033,0.0623,8.91,TIER_4_QUARANTINE_FRAUD,val
2855,0,0.0004,0.9465,0.9318,0.7436,0.5001,73.81,TIER_2_STANDARD_TRUST,test
2856,0,0.002,0.9268,0.9224,0.8062,0.4919,74.4,TIER_2_STANDARD_TRUST,test
2857,1,0.903,0.1403,0.8509,0.8206,0.053,7.71,TIER_4_QUARANTINE_FRAUD,train
2858,1,0.9169,0.0664,0.8669,0.678,0.0582,2.46,TIER_4_QUARANTINE_FRAUD,train
2859,0,0.2657,0.625,0.9092,0.8662,0.4271,64.45,TIER_3_RESTRICTED_CAUTION,train
2860,0,0.014,0.8145,0.9451,0.8643,0.1315,60.09,TIER_3_RESTRICTED_CAUTION,val
2861,1,0.9095,0.1221,0.8405,0.2624,0.0161,3.52,TIER_4_QUARANTINE_FRAUD,train
2862,0,0.0586,0.7624,0.8597,0.7847,0.1486,56.29,TIER_3_RESTRICTED_CAUTION,train
2863,1,0.8796,0.1527,0.8534,0.7069,0.1136,8.53,TIER_4_QUARANTINE_FRAUD,train
2864,0,0.3443,0.6715,0.9133,0.8556,0.2002,57.67,TIER_3_RESTRICTED_CAUTION,train
2865,0,0.0942,0.7403,0.8579,0.89,0.1352,57.77,TIER_3_RESTRICTED_CAUTION,train
2866,1,0.9829,0.0679,0.8758,0.4975,0.1393,2.4,TIER_4_QUARANTINE_FRAUD,train
2867,0,0.0064,0.7996,0.9349,0.7321,0.0996,55.13,TIER_3_RESTRICTED_CAUTION,train
2868,0,0.174,0.6739,0.8806,0.8185,0.1453,54.57,TIER_3_RESTRICTED_CAUTION,val
2869,0,0.3259,0.5611,0.8424,0.8854,0.1504,52.66,TIER_3_RESTRICTED_CAUTION,train
2870,0,0.0023,0.9115,0.9299,0.9146,0.0295,60.54,TIER_3_RESTRICTED_CAUTION,train
2871,1,0.8927,0.1536,0.7844,0.593,0.1217,7.8,TIER_4_QUARANTINE_FRAUD,test
2872,0,0.8832,0.1776,0.9043,0.6661,0.4489,13.96,TIER_4_QUARANTINE_FRAUD,train
2873,0,0.6583,0.309,0.5802,0.6609,0.1068,21.68,TIER_4_QUARANTINE_FRAUD,train
2874,0,0.1225,0.7103,0.8741,0.8257,0.1374,55.5,TIER_3_RESTRICTED_CAUTION,train
2875,1,0.6008,0.389,0.9062,0.48,0.4303,39.55,TIER_4_QUARANTINE_FRAUD,val
2876,0,0.0872,0.7414,0.8704,0.7354,0.0951,52.66,TIER_3_RESTRICTED_CAUTION,train
2877,0,0.0205,0.8128,0.9266,0.8658,0.4576,71.31,TIER_2_STANDARD_TRUST,train
2878,0,0.0044,0.9345,0.8996,0.8872,0.4217,73.97,TIER_2_STANDARD_TRUST,train
2879,1,0.944,0.1182,0.8801,1.0,0.55,9.95,TIER_4_QUARANTINE_FRAUD,train
2880,0,0.0041,0.8063,0.9279,0.8308,0.1317,58.85,TIER_3_RESTRICTED_CAUTION,train
2881,0,0.6651,0.4213,0.8805,0.6455,0.4617,49.34,TIER_3_RESTRICTED_CAUTION,train
2882,0,0.2678,0.7123,0.8881,0.8391,0.9803,85.54,TIER_1_VERIFIED_SAFE,train
2883,0,0.4871,0.5385,0.8689,0.6841,0.0989,45.41,TIER_3_RESTRICTED_CAUTION,train
2884,1,0.1951,0.6596,0.858,0.7571,0.1028,50.9,TIER_3_RESTRICTED_CAUTION,train
2885,0,0.1371,0.8223,0.921,0.7605,0.4442,68.44,TIER_2_STANDARD_TRUST,train
2886,1,0.9551,0.1042,0.8792,0.4928,0.1072,4.18,TIER_4_QUARANTINE_FRAUD,train
2887,0,0.0005,0.9229,0.9281,0.7167,0.4564,70.86,TIER_2_STANDARD_TRUST,train
2888,0,0.7136,0.2698,0.8303,0.7548,0.0344,18.76,TIER_4_QUARANTINE_FRAUD,train
2889,0,0.0332,0.8103,0.9222,0.7655,0.4614,68.82,TIER_2_STANDARD_TRUST,test
2890,0,0.0012,0.8139,0.9398,0.8874,0.486,73.01,TIER_2_STANDARD_TRUST,test
2891,0,0.035,0.8011,0.937,0.8846,0.4794,72.3,TIER_2_STANDARD_TRUST,train
2892,0,0.0519,0.7673,0.8866,0.8668,0.073,56.11,TIER_3_RESTRICTED_CAUTION,val
2893,0,0.0045,0.9338,0.933,0.8769,0.1237,63.6,TIER_3_RESTRICTED_CAUTION,val
2894,0,0.7303,0.2189,0.7957,0.7274,0.1016,14.21,TIER_4_QUARANTINE_FRAUD,train
2895,1,0.6231,0.3479,0.8366,0.5767,0.122,26.83,TIER_4_QUARANTINE_FRAUD,test
2896,1,0.9499,0.0475,0.8867,1.0,0.074,2.04,TIER_4_QUARANTINE_FRAUD,train
2897,0,0.0289,0.8115,0.837,0.7233,0.1532,56.16,TIER_3_RESTRICTED_CAUTION,train
2898,1,0.9334,0.1139,0.9005,0.5498,0.4346,6.93,TIER_4_QUARANTINE_FRAUD,train
2899,1,0.921,0.0726,0.7758,0.5444,0.1331,2.63,TIER_4_QUARANTINE_FRAUD,test
2900,0,0.0024,0.9034,0.9297,0.8878,0.0161,59.16,TIER_3_RESTRICTED_CAUTION,train
2901,1,0.9288,0.1218,0.7945,0.8099,0.1052,6.49,TIER_4_QUARANTINE_FRAUD,train
2902,0,0.8881,0.1743,0.8699,0.7865,0.4726,14.61,TIER_4_QUARANTINE_FRAUD,test
2903,0,0.1539,0.802,0.8568,0.8665,0.4876,71.35,TIER_2_STANDARD_TRUST,train
2904,0,0.0103,0.8087,0.9182,0.8346,0.094,57.6,TIER_3_RESTRICTED_CAUTION,train
2905,1,0.8565,0.1598,0.893,0.5735,0.1576,8.74,TIER_4_QUARANTINE_FRAUD,train
2906,0,0.8226,0.1949,0.8707,0.6965,0.0998,11.94,TIER_4_QUARANTINE_FRAUD,test
2907,0,0.1573,0.7882,0.8703,0.7991,0.0896,55.46,TIER_3_RESTRICTED_CAUTION,train
2908,0,0.0049,0.829,0.9361,0.9114,0.0021,57.09,TIER_3_RESTRICTED_CAUTION,train
2909,0,0.8853,0.2624,0.8383,0.253,0.0213,11.57,TIER_4_QUARANTINE_FRAUD,train
2910,1,0.8169,0.221,0.8736,0.6464,0.0566,13.3,TIER_4_QUARANTINE_FRAUD,test
2911,0,0.1645,0.6866,0.8917,0.8866,0.1072,55.43,TIER_3_RESTRICTED_CAUTION,test
2912,0,0.2443,0.7445,0.914,0.6582,0.55,67.18,TIER_2_STANDARD_TRUST,train
2913,1,0.8494,0.3038,0.8748,0.7434,0.4507,31.34,TIER_4_QUARANTINE_FRAUD,train
2914,1,0.9359,0.0522,0.7392,0.8513,0.1221,2.1,TIER_4_QUARANTINE_FRAUD,val
2915,0,0.0012,0.9252,0.9248,0.8486,0.4462,73.83,TIER_2_STANDARD_TRUST,val
2916,1,0.7578,0.1968,0.7782,0.7581,0.0373,11.59,TIER_4_QUARANTINE_FRAUD,train
2917,0,0.012,0.825,0.8634,0.8895,0.3897,69.26,TIER_2_STANDARD_TRUST,train
2918,0,0.0075,0.9247,0.9364,0.7685,0.4423,71.8,TIER_2_STANDARD_TRUST,train
2919,0,0.9211,0.1138,0.8888,0.5899,0.0204,4.65,TIER_4_QUARANTINE_FRAUD,test
2920,0,0.0031,0.9367,0.9209,0.8022,0.5473,76.52,TIER_2_STANDARD_TRUST,train
2921,1,0.8837,0.1404,0.7704,0.1964,0.0269,3.91,TIER_4_QUARANTINE_FRAUD,train
2922,0,0.2366,0.644,0.9147,0.3425,0.66,60.13,TIER_3_RESTRICTED_CAUTION,train
2923,0,0.4617,0.5597,0.8691,0.7613,0.0926,47.75,TIER_3_RESTRICTED_CAUTION,test
2924,0,0.5281,0.4086,0.8012,1.0,0.2078,46.34,TIER_3_RESTRICTED_CAUTION,test
2925,0,0.2173,0.6721,0.8972,0.9193,0.4599,68.21,TIER_2_STANDARD_TRUST,train
2926,0,0.6032,0.3702,0.8636,0.6964,0.1039,31.64,TIER_4_QUARANTINE_FRAUD,train
2927,0,0.8096,0.2005,0.8962,0.4887,0.1048,10.79,TIER_4_QUARANTINE_FRAUD,train
2928,0,0.0045,0.9266,0.9091,0.7425,0.5524,74.79,TIER_2_STANDARD_TRUST,train
2929,0,0.0356,0.8955,0.8891,0.946,0.4293,74.43,TIER_2_STANDARD_TRUST,test
2930,1,0.8141,0.173,0.8346,0.6247,0.1189,9.61,TIER_4_QUARANTINE_FRAUD,train
2931,0,0.0095,0.9064,0.9246,0.7366,0.4306,69.92,TIER_2_STANDARD_TRUST,train
2932,0,0.0147,0.7946,0.9063,0.8801,0.1567,60.39,TIER_3_RESTRICTED_CAUTION,test
2933,0,0.0247,0.9069,0.9227,0.8794,0.0891,61.54,TIER_3_RESTRICTED_CAUTION,train
2934,0,0.0386,0.9659,0.9335,0.8066,0.426,73.39,TIER_2_STANDARD_TRUST,train
2935,0,0.0786,0.7481,0.8642,0.8121,0.1533,56.75,TIER_3_RESTRICTED_CAUTION,val
2936,0,0.0209,0.7892,0.8572,0.8807,0.1407,59.19,TIER_3_RESTRICTED_CAUTION,train
2937,1,0.9664,0.0556,0.8238,0.5683,0.1231,1.88,TIER_4_QUARANTINE_FRAUD,train
2938,0,0.1795,0.7094,0.8749,0.6916,0.0968,50.71,TIER_3_RESTRICTED_CAUTION,val
2939,0,0.0158,0.81,0.9036,0.7904,0.1394,57.97,TIER_3_RESTRICTED_CAUTION,train
2940,0,0.9095,0.0777,0.7987,0.8021,0.1195,3.52,TIER_4_QUARANTINE_FRAUD,test
2941,0,0.0072,0.7993,0.8769,0.8371,0.1046,57.34,TIER_3_RESTRICTED_CAUTION,train
2942,0,0.0019,0.9399,0.8958,0.7906,0.5003,74.43,TIER_2_STANDARD_TRUST,train
2943,0,0.0881,0.7441,0.8482,0.7595,0.13,54.34,TIER_3_RESTRICTED_CAUTION,train
2944,0,0.5669,0.3789,0.8669,0.7831,0.1443,35.72,TIER_4_QUARANTINE_FRAUD,val
2945,0,0.0129,0.9183,0.9357,0.8597,0.1261,62.81,TIER_3_RESTRICTED_CAUTION,train
2946,1,0.7958,0.2159,0.8749,0.4138,0.1391,11.72,TIER_4_QUARANTINE_FRAUD,test
2947,1,0.936,0.1024,0.8334,0.825,0.1216,5.29,TIER_4_QUARANTINE_FRAUD,train
2948,0,0.0175,0.972,0.9283,0.8339,0.4182,73.93,TIER_2_STANDARD_TRUST,train
2949,1,0.8687,0.1556,0.8337,0.495,0.0333,6.68,TIER_4_QUARANTINE_FRAUD,train
2950,0,0.1786,0.6825,0.8572,0.7894,0.0419,50.25,TIER_3_RESTRICTED_CAUTION,test
2951,1,0.9132,0.1565,0.85,1.0,0.132,10.85,TIER_4_QUARANTINE_FRAUD,train
2952,0,0.2482,0.6529,0.9307,0.7375,0.5285,65.83,TIER_2_STANDARD_TRUST,test
2953,0,0.2015,0.689,0.8614,0.7774,0.4179,63.34,TIER_3_RESTRICTED_CAUTION,test
2954,1,0.7883,0.2313,0.8881,0.5454,0.1242,14.23,TIER_4_QUARANTINE_FRAUD,train
2955,0,0.0391,0.7886,0.8744,0.8219,0.0299,54.0,TIER_3_RESTRICTED_CAUTION,train
2956,0,0.1409,0.8292,0.9051,0.7989,0.4893,71.02,TIER_2_STANDARD_TRUST,train
2957,0,0.0314,0.9161,0.9279,0.9207,0.604,80.92,TIER_1_VERIFIED_SAFE,train
2958,0,0.6944,0.2839,0.8979,1.0,0.2196,27.58,TIER_4_QUARANTINE_FRAUD,val
2959,0,0.0006,0.8014,0.8678,0.9017,0.1326,59.91,TIER_3_RESTRICTED_CAUTION,train
2960,0,0.041,0.8067,0.9116,0.776,0.0837,55.65,TIER_3_RESTRICTED_CAUTION,val
2961,0,0.8335,0.1802,0.881,0.6601,0.0329,9.7,TIER_4_QUARANTINE_FRAUD,train
2962,1,0.9773,0.0716,0.9048,0.525,0.0353,2.34,TIER_4_QUARANTINE_FRAUD,test
2963,1,0.9162,0.1385,0.8905,0.8526,0.1536,8.59,TIER_4_QUARANTINE_FRAUD,train
2964,1,0.8894,0.1359,0.8305,0.2435,0.0208,4.05,TIER_4_QUARANTINE_FRAUD,val
2965,1,0.339,0.5769,0.8878,0.6646,0.4457,58.4,TIER_3_RESTRICTED_CAUTION,train
2966,1,0.8916,0.1379,0.831,0.6447,0.1047,6.93,TIER_4_QUARANTINE_FRAUD,train
2967,0,0.0044,0.8367,0.9059,0.8465,0.4304,70.39,TIER_2_STANDARD_TRUST,test
2968,0,0.0044,0.8042,0.9052,0.8891,0.1234,59.73,TIER_3_RESTRICTED_CAUTION,test
2969,0,0.0025,0.9384,0.8918,0.7851,0.443,72.2,TIER_2_STANDARD_TRUST,test
2970,0,0.0374,0.8041,0.8982,0.7511,0.4534,67.75,TIER_2_STANDARD_TRUST,train
2971,0,0.044,0.7981,0.9363,0.7223,0.1817,57.72,TIER_3_RESTRICTED_CAUTION,train
2972,0,0.003,0.8035,0.8579,0.8345,0.1255,57.94,TIER_3_RESTRICTED_CAUTION,test
2973,0,0.0988,0.741,0.8484,0.7233,0.4755,65.44,TIER_2_STANDARD_TRUST,train
2974,0,0.4532,0.5008,0.8474,0.8083,0.0602,45.82,TIER_3_RESTRICTED_CAUTION,train
2975,1,0.9467,0.2113,0.8949,1.0,0.9538,27.57,TIER_4_QUARANTINE_FRAUD,train
2976,0,0.077,0.7695,0.8661,0.6216,0.1336,51.96,TIER_3_RESTRICTED_CAUTION,train
2977,0,0.6587,0.3321,0.9143,0.6974,0.0304,25.33,TIER_4_QUARANTINE_FRAUD,test
2978,1,0.7315,0.2834,0.8408,0.5245,0.4287,24.68,TIER_4_QUARANTINE_FRAUD,test
2979,0,0.0555,0.7629,0.9227,0.9964,0.2062,64.25,TIER_3_RESTRICTED_CAUTION,train
2980,1,0.9794,0.0207,0.8583,0.4462,0.0316,0.39,TIER_4_QUARANTINE_FRAUD,train
2981,1,0.9477,0.0925,0.8413,0.4679,0.0284,3.05,TIER_4_QUARANTINE_FRAUD,val
2982,0,0.8422,0.1812,0.9121,0.2795,0.0387,7.02,TIER_4_QUARANTINE_FRAUD,train
2983,0,0.2688,0.7285,0.9026,0.7665,0.0864,53.07,TIER_3_RESTRICTED_CAUTION,train
2984,1,0.2535,0.58,0.8775,1.0,0.1495,56.41,TIER_3_RESTRICTED_CAUTION,test
2985,1,0.8041,0.1874,0.8974,0.5722,0.4322,14.1,TIER_4_QUARANTINE_FRAUD,val
2986,0,0.772,0.3276,0.8761,0.7993,0.0945,27.73,TIER_4_QUARANTINE_FRAUD,train
2987,0,0.0014,0.8046,0.9174,0.9106,0.1446,61.14,TIER_3_RESTRICTED_CAUTION,train
2988,0,0.7141,0.2692,0.873,0.843,0.118,21.54,TIER_4_QUARANTINE_FRAUD,test
2989,1,0.9496,0.0983,0.8792,1.0,0.2242,6.17,TIER_4_QUARANTINE_FRAUD,val
2990,0,0.0087,0.8244,0.865,0.7951,0.0443,54.81,TIER_3_RESTRICTED_CAUTION,train
2991,0,0.1923,0.6644,0.8747,0.9288,0.014,52.39,TIER_3_RESTRICTED_CAUTION,train
2992,1,0.9394,0.107,0.8259,0.8307,0.0443,5.22,TIER_4_QUARANTINE_FRAUD,train
2993,1,0.9593,0.0541,0.8849,1.0,0.0732,2.42,TIER_4_QUARANTINE_FRAUD,test
2994,0,0.4888,0.5781,0.8403,0.8229,0.4444,61.87,TIER_3_RESTRICTED_CAUTION,train
2995,0,0.0123,0.7945,0.9395,0.8113,0.1146,57.52,TIER_3_RESTRICTED_CAUTION,train
2996,0,0.0035,0.9315,0.9201,0.8852,0.4284,74.27,TIER_2_STANDARD_TRUST,val
2997,0,0.0405,0.7784,0.9174,0.7672,0.1225,55.99,TIER_3_RESTRICTED_CAUTION,train
2998,0,0.0171,0.7929,0.9204,0.741,0.0899,54.66,TIER_3_RESTRICTED_CAUTION,train
2999,0,0.0087,0.8257,0.9201,0.7702,0.499,70.69,TIER_2_STANDARD_TRUST,train
3000,1,0.9597,0.1169,0.9008,1.0,0.55,9.85,TIER_4_QUARANTINE_FRAUD,train
3001,0,0.0114,0.9315,0.9241,0.8907,0.4927,76.7,TIER_2_STANDARD_TRUST,train
3002,0,0.3075,0.5764,0.837,0.7937,0.1858,52.01,TIER_3_RESTRICTED_CAUTION,train
3003,1,0.9347,0.1363,0.8465,0.6502,0.1023,6.86,TIER_4_QUARANTINE_FRAUD,train
3004,0,0.3511,0.5773,0.8587,0.7309,0.042,45.65,TIER_3_RESTRICTED_CAUTION,train
3005,0,0.2152,0.6709,0.9237,0.4636,0.0199,41.65,TIER_4_QUARANTINE_FRAUD,train
3006,1,0.841,0.1952,0.8356,0.685,0.461,16.03,TIER_4_QUARANTINE_FRAUD,train
3007,0,0.2559,0.6429,0.8484,0.65,0.2528,52.87,TIER_3_RESTRICTED_CAUTION,test
3008,1,0.6589,0.3144,0.7931,0.7779,0.1382,26.14,TIER_4_QUARANTINE_FRAUD,test
3009,0,0.0498,0.8732,0.8515,0.7339,0.4559,69.02,TIER_2_STANDARD_TRUST,train
3010,0,0.467,0.4628,0.9193,0.7517,0.4733,58.44,TIER_3_RESTRICTED_CAUTION,val
3011,0,0.0013,0.8403,0.9244,0.638,0.4309,65.48,TIER_2_STANDARD_TRUST,train
3012,0,0.0538,0.8868,0.907,0.8933,0.5108,75.88,TIER_2_STANDARD_TRUST,test
3013,1,0.883,0.1502,0.8882,0.6001,0.1485,8.07,TIER_4_QUARANTINE_FRAUD,train
3014,1,0.9598,0.0899,0.7993,0.626,0.0632,3.52,TIER_4_QUARANTINE_FRAUD,val
3015,0,0.5774,0.3806,0.8708,0.7989,0.1263,35.8,TIER_4_QUARANTINE_FRAUD,val
3016,1,0.8869,0.1593,0.8326,0.6795,0.1219,8.9,TIER_4_QUARANTINE_FRAUD,train
3017,0,0.0721,0.7509,0.9091,0.8585,0.1124,57.02,TIER_3_RESTRICTED_CAUTION,train
3018,0,0.1038,0.727,0.8932,0.8092,0.1126,54.91,TIER_3_RESTRICTED_CAUTION,train
3019,0,0.0086,0.9015,0.9287,0.8682,0.4233,72.85,TIER_2_STANDARD_TRUST,train
3020,0,0.6135,0.3458,0.8618,0.8228,0.1298,31.31,TIER_4_QUARANTINE_FRAUD,train
3021,0,0.3632,0.5312,0.8611,0.7501,0.0946,46.61,TIER_3_RESTRICTED_CAUTION,test
3022,0,0.5066,0.5593,0.8636,0.7571,0.5257,62.74,TIER_3_RESTRICTED_CAUTION,train
3023,0,0.0401,0.7738,0.9032,0.9236,0.1059,59.04,TIER_3_RESTRICTED_CAUTION,val
3024,0,0.6458,0.3204,0.8789,0.8286,0.1492,28.51,TIER_4_QUARANTINE_FRAUD,train
3025,1,0.9759,0.0723,0.7392,0.6467,0.1343,2.83,TIER_4_QUARANTINE_FRAUD,train
3026,0,0.3088,0.6027,0.925,0.7444,0.5092,63.76,TIER_3_RESTRICTED_CAUTION,train
3027,1,0.2101,0.6488,0.8862,0.5834,0.0493,44.63,TIER_4_QUARANTINE_FRAUD,test
3028,0,0.1031,0.759,0.8722,0.762,0.4243,65.39,TIER_2_STANDARD_TRUST,val
3029,0,0.0767,0.8739,0.918,0.8263,0.55,75.3,TIER_2_STANDARD_TRUST,val
3030,0,0.0055,0.8001,0.9049,0.8349,0.1103,57.78,TIER_3_RESTRICTED_CAUTION,val
3031,0,0.3322,0.6533,0.8952,0.8286,0.1856,55.76,TIER_3_RESTRICTED_CAUTION,train
3032,0,0.0024,0.9038,0.9358,0.855,0.1129,61.8,TIER_3_RESTRICTED_CAUTION,train
3033,1,0.1724,0.7935,0.9006,0.98,0.5284,75.8,TIER_2_STANDARD_TRUST,test
3034,0,0.1205,0.8956,0.9433,0.6535,0.4305,67.71,TIER_2_STANDARD_TRUST,train
3035,0,0.0658,0.7884,0.8491,0.9353,0.115,59.55,TIER_3_RESTRICTED_CAUTION,train
3036,1,0.8676,0.1664,0.7777,0.8256,0.1621,10.72,TIER_4_QUARANTINE_FRAUD,train
3037,0,0.0076,0.8013,0.8758,0.8185,0.1338,57.94,TIER_3_RESTRICTED_CAUTION,train
3038,0,0.0641,0.764,0.8542,0.7138,0.1257,53.71,TIER_3_RESTRICTED_CAUTION,train
3039,1,0.9897,0.0622,0.8129,0.5054,0.1347,2.09,TIER_4_QUARANTINE_FRAUD,test
3040,0,0.2805,0.6079,0.8944,0.6508,0.55,62.7,TIER_3_RESTRICTED_CAUTION,test
3041,0,0.357,0.5413,0.8488,0.8109,0.1405,49.92,TIER_3_RESTRICTED_CAUTION,train
3042,1,0.5933,0.3591,0.8911,0.2273,0.0412,20.0,TIER_4_QUARANTINE_FRAUD,train
3043,0,0.071,0.753,0.8748,0.6809,0.0932,51.62,TIER_3_RESTRICTED_CAUTION,test
3044,0,0.0008,0.9155,0.9225,0.8094,0.4479,72.6,TIER_2_STANDARD_TRUST,train
3045,0,0.7032,0.2928,0.9178,0.5357,0.4269,26.48,TIER_4_QUARANTINE_FRAUD,train
3046,0,0.0259,0.9097,0.9098,0.9223,0.1163,63.52,TIER_3_RESTRICTED_CAUTION,train
3047,0,0.0084,0.8046,0.93,0.7821,0.1185,57.14,TIER_3_RESTRICTED_CAUTION,train
3048,1,0.8596,0.1627,0.876,0.78,0.4689,13.2,TIER_4_QUARANTINE_FRAUD,train
3049,0,0.0067,0.8007,0.953,0.8967,0.0284,56.96,TIER_3_RESTRICTED_CAUTION,test
3050,0,0.1688,0.7128,0.9418,0.8151,0.0625,53.37,TIER_3_RESTRICTED_CAUTION,train
3051,0,0.1698,0.6775,0.873,0.7911,0.1204,53.05,TIER_3_RESTRICTED_CAUTION,train
3052,0,0.01,0.9318,0.9253,0.7525,0.474,72.61,TIER_2_STANDARD_TRUST,train
3053,1,0.0108,0.8209,0.8683,0.737,0.4543,67.64,TIER_2_STANDARD_TRUST,train
3054,0,0.4071,0.5011,0.8858,0.7539,0.0392,44.11,TIER_4_QUARANTINE_FRAUD,train
3055,0,0.0007,0.9289,0.9353,0.874,0.5288,77.58,TIER_2_STANDARD_TRUST,train
3056,1,0.8282,0.1859,0.7945,0.5705,0.1101,10.03,TIER_4_QUARANTINE_FRAUD,test
3057,0,0.5168,0.4339,0.9037,0.672,0.0412,38.44,TIER_4_QUARANTINE_FRAUD,train
3058,0,0.5852,0.3916,0.897,0.7839,0.4999,48.26,TIER_3_RESTRICTED_CAUTION,train
3059,1,0.9146,0.127,0.8415,0.5366,0.1159,5.74,TIER_4_QUARANTINE_FRAUD,test
3060,0,0.0129,0.814,0.8968,0.7934,0.0549,55.14,TIER_3_RESTRICTED_CAUTION,train
3061,1,0.9365,0.1051,0.8083,0.6833,0.1091,4.85,TIER_4_QUARANTINE_FRAUD,test
3062,0,0.9603,0.0999,0.8565,0.6209,0.1235,4.44,TIER_4_QUARANTINE_FRAUD,train
3063,0,0.0766,0.8523,0.9183,0.7117,0.0881,55.63,TIER_3_RESTRICTED_CAUTION,train
3064,1,0.9334,0.1328,0.8991,1.0,0.2167,9.32,TIER_4_QUARANTINE_FRAUD,val
3065,0,0.0777,0.8763,0.9042,0.7025,0.4943,70.19,TIER_2_STANDARD_TRUST,train
3066,0,0.5756,0.3863,0.8558,0.7562,0.4488,44.9,TIER_4_QUARANTINE_FRAUD,train
3067,0,0.2567,0.6212,0.8875,0.6808,0.6501,67.28,TIER_2_STANDARD_TRUST,train
3068,1,0.9461,0.0968,0.8514,0.6838,0.098,4.33,TIER_4_QUARANTINE_FRAUD,train
3069,0,0.9632,0.0869,0.9202,0.5004,0.0198,2.95,TIER_4_QUARANTINE_FRAUD,train
3070,0,0.0657,0.8857,0.8575,0.814,0.1387,60.35,TIER_3_RESTRICTED_CAUTION,val
3071,0,0.0086,0.8028,0.9264,0.8858,0.0205,56.21,TIER_3_RESTRICTED_CAUTION,train
3072,1,0.9468,0.0942,0.8682,0.1882,0.0213,2.22,TIER_4_QUARANTINE_FRAUD,train
3073,0,0.0054,0.8044,0.9266,0.7908,0.1333,57.83,TIER_3_RESTRICTED_CAUTION,train
3074,1,0.7021,0.2959,0.8821,0.4418,0.4498,25.79,TIER_4_QUARANTINE_FRAUD,test
3075,0,0.4052,0.5326,0.8558,0.7137,0.1052,46.06,TIER_3_RESTRICTED_CAUTION,test
3076,0,0.2229,0.7452,0.9328,0.644,0.1611,53.42,TIER_3_RESTRICTED_CAUTION,train
3077,1,0.8973,0.1488,0.8605,0.3007,0.0331,5.16,TIER_4_QUARANTINE_FRAUD,test
3078,0,0.429,0.4847,0.8676,0.8415,0.0889,47.37,TIER_3_RESTRICTED_CAUTION,train
3079,0,0.9279,0.2442,0.9143,0.9728,0.4374,25.34,TIER_4_QUARANTINE_FRAUD,train
3080,0,0.7568,0.2469,0.8709,0.7412,0.0719,17.03,TIER_4_QUARANTINE_FRAUD,test
3081,1,0.8266,0.1837,0.8824,0.8256,0.1828,12.9,TIER_4_QUARANTINE_FRAUD,train
3082,0,0.0183,0.8678,0.8974,0.8793,0.4265,71.92,TIER_2_STANDARD_TRUST,train
3083,0,0.1468,0.7055,0.9406,1.0,0.6683,78.96,TIER_2_STANDARD_TRUST,test
3084,0,0.2851,0.6193,0.8563,0.9321,0.1809,56.78,TIER_3_RESTRICTED_CAUTION,train
3085,1,0.9327,0.0564,0.846,0.6539,0.1036,2.03,TIER_4_QUARANTINE_FRAUD,train
3086,0,0.0054,0.7989,0.9195,0.8125,0.1221,57.75,TIER_3_RESTRICTED_CAUTION,train
3087,0,0.0046,0.9195,0.9343,0.8216,0.1122,61.39,TIER_3_RESTRICTED_CAUTION,train
3088,0,0.0047,0.8282,0.9244,0.7837,0.118,57.81,TIER_3_RESTRICTED_CAUTION,train
3089,0,0.0061,0.9358,0.9026,0.8098,0.5251,75.73,TIER_2_STANDARD_TRUST,train
3090,1,0.9484,0.1154,0.8975,1.0,0.1296,7.15,TIER_4_QUARANTINE_FRAUD,val
3091,0,0.0218,0.9144,0.9359,0.9028,0.5812,79.7,TIER_2_STANDARD_TRUST,train
3092,1,0.9389,0.119,0.7983,0.5931,0.1086,5.35,TIER_4_QUARANTINE_FRAUD,train
3093,0,0.0425,0.805,0.8699,0.6877,0.5016,67.6,TIER_2_STANDARD_TRUST,train
3094,0,0.006,0.8005,0.9314,0.9656,0.1832,63.88,TIER_3_RESTRICTED_CAUTION,train
3095,0,0.0065,0.8517,0.9421,0.8486,0.1014,59.74,TIER_3_RESTRICTED_CAUTION,train
3096,0,0.0119,0.9146,0.9257,0.9401,0.089,63.31,TIER_3_RESTRICTED_CAUTION,test
3097,0,0.0013,0.8245,0.9419,0.6736,0.4407,66.42,TIER_2_STANDARD_TRUST,train
3098,0,0.0019,0.9237,0.9199,0.8606,0.1029,62.03,TIER_3_RESTRICTED_CAUTION,val
3099,0,0.0324,0.7832,0.9397,0.7149,0.0946,54.08,TIER_3_RESTRICTED_CAUTION,train
3100,0,0.0022,0.9305,0.9204,0.8523,0.1044,62.08,TIER_3_RESTRICTED_CAUTION,train
3101,1,0.9377,0.0984,0.8535,0.6023,0.0293,3.82,TIER_4_QUARANTINE_FRAUD,train
3102,0,0.0582,0.7904,0.8838,0.8166,0.6511,75.75,TIER_2_STANDARD_TRUST,train
3103,0,0.0134,0.906,0.9157,0.8827,0.4398,73.8,TIER_2_STANDARD_TRUST,train
3104,1,0.8258,0.1425,0.8843,0.6583,0.1118,7.51,TIER_4_QUARANTINE_FRAUD,train
3105,0,0.013,0.9219,0.9259,0.7429,0.4887,72.59,TIER_2_STANDARD_TRUST,train
3106,1,0.7833,0.1783,0.8761,0.5135,0.1423,9.59,TIER_4_QUARANTINE_FRAUD,test
3107,1,0.9303,0.1066,0.8695,1.0,0.1594,6.53,TIER_4_QUARANTINE_FRAUD,train
3108,0,0.6609,0.31,0.8704,0.7448,0.1293,25.34,TIER_4_QUARANTINE_FRAUD,test
3109,1,0.893,0.1556,0.8445,0.7355,0.4072,11.5,TIER_4_QUARANTINE_FRAUD,test
3110,1,0.9462,0.2275,0.8334,0.7007,0.1036,14.96,TIER_4_QUARANTINE_FRAUD,val
3111,0,0.5031,0.4282,0.8388,0.7517,0.1218,41.52,TIER_4_QUARANTINE_FRAUD,test
3112,0,0.2112,0.6841,0.9103,0.7552,0.4811,65.34,TIER_2_STANDARD_TRUST,train
3113,0,0.0087,0.8353,0.9364,0.813,0.1058,58.45,TIER_3_RESTRICTED_CAUTION,train
3114,1,0.2928,0.6215,0.8845,0.7051,0.1182,49.25,TIER_3_RESTRICTED_CAUTION,train
3115,0,0.4859,0.4532,0.8936,0.7765,0.1852,48.43,TIER_3_RESTRICTED_CAUTION,test
3116,0,0.043,0.9575,0.9241,0.5857,0.486,69.62,TIER_2_STANDARD_TRUST,train
3117,0,0.0917,0.7402,0.8789,0.8138,0.116,55.4,TIER_3_RESTRICTED_CAUTION,train
3118,1,0.8158,0.1662,0.7837,0.825,0.1203,10.31,TIER_4_QUARANTINE_FRAUD,train
3119,0,0.8154,0.1948,0.8729,0.6716,0.0983,11.72,TIER_4_QUARANTINE_FRAUD,train
3120,1,0.1068,0.7608,0.8432,0.7721,0.4357,65.81,TIER_2_STANDARD_TRUST,train
3121,0,0.0794,0.8592,0.8351,0.8141,0.4926,71.72,TIER_2_STANDARD_TRUST,train
3122,1,0.7379,0.2501,0.8635,0.2845,0.0613,11.84,TIER_4_QUARANTINE_FRAUD,train
3123,0,0.2158,0.6699,0.9233,0.81,0.9553,83.02,TIER_1_VERIFIED_SAFE,test
3124,0,0.1149,0.7496,0.9177,0.9785,0.6664,79.45,TIER_2_STANDARD_TRUST,train
3125,0,0.011,0.9234,0.9105,0.78,0.4843,73.26,TIER_2_STANDARD_TRUST,train
3126,0,0.2087,0.6498,0.9138,0.7527,0.0468,49.09,TIER_3_RESTRICTED_CAUTION,train
3127,0,0.0018,0.9259,0.9218,0.872,0.1169,62.89,TIER_3_RESTRICTED_CAUTION,train
3128,1,0.6647,0.3137,0.8587,0.5966,0.113,23.06,TIER_4_QUARANTINE_FRAUD,train
3129,0,0.8077,0.2182,0.8654,0.6188,0.1,13.34,TIER_4_QUARANTINE_FRAUD,train
3130,0,0.5637,0.4142,0.896,0.8201,0.5411,54.61,TIER_3_RESTRICTED_CAUTION,train
3131,0,0.2308,0.652,0.8896,0.7691,0.55,66.94,TIER_2_STANDARD_TRUST,train
3132,1,0.7422,0.2788,0.8466,0.58,0.1175,19.02,TIER_4_QUARANTINE_FRAUD,train
3133,0,0.074,0.8879,0.929,0.8485,0.4438,72.67,TIER_2_STANDARD_TRUST,test
3134,1,0.957,0.1071,0.8753,0.3869,0.0221,3.47,TIER_4_QUARANTINE_FRAUD,train
3135,0,0.8297,0.2015,0.8835,0.8792,0.137,14.65,TIER_4_QUARANTINE_FRAUD,train
3136,0,0.0779,0.7456,0.9143,0.8199,0.1107,55.89,TIER_3_RESTRICTED_CAUTION,train
3137,0,0.1751,0.7015,0.8978,0.8086,0.4518,66.05,TIER_2_STANDARD_TRUST,train
3138,0,0.202,0.674,0.8808,0.8314,0.0649,52.08,TIER_3_RESTRICTED_CAUTION,train
3139,0,0.0069,0.9282,0.8751,0.828,0.4499,73.04,TIER_2_STANDARD_TRUST,train
3140,0,0.1116,0.7417,0.8987,0.966,0.6607,78.51,TIER_2_STANDARD_TRUST,train
3141,1,0.9468,0.0441,0.8528,0.4302,0.1027,1.18,TIER_4_QUARANTINE_FRAUD,train
3142,0,0.0576,0.7624,0.9086,0.8067,0.1337,56.81,TIER_3_RESTRICTED_CAUTION,train
3143,1,0.9327,0.1064,0.8266,0.707,0.1269,5.15,TIER_4_QUARANTINE_FRAUD,train
3144,0,0.0809,0.7437,0.8641,0.7444,0.1159,53.62,TIER_3_RESTRICTED_CAUTION,val
3145,0,0.7274,0.2571,0.8309,0.7624,0.1288,19.13,TIER_4_QUARANTINE_FRAUD,train
3146,0,0.6278,0.357,0.8927,0.4511,0.1328,26.32,TIER_4_QUARANTINE_FRAUD,train
3147,0,0.2153,0.6402,0.8556,0.8719,0.1202,53.77,TIER_3_RESTRICTED_CAUTION,test
3148,0,0.1809,0.6695,0.9078,0.994,0.6749,77.63,TIER_2_STANDARD_TRUST,train
3149,0,0.162,0.6885,0.9241,0.6475,0.1848,52.55,TIER_3_RESTRICTED_CAUTION,train
3150,0,0.0062,0.94,0.9272,0.8564,0.4437,74.41,TIER_2_STANDARD_TRUST,train
3151,0,0.0041,0.826,0.8489,0.8133,0.1145,57.61,TIER_3_RESTRICTED_CAUTION,train
3152,0,0.1664,0.7131,0.9237,0.6533,0.1692,52.89,TIER_3_RESTRICTED_CAUTION,val
3153,0,0.0103,0.8324,0.875,0.8023,0.1106,57.65,TIER_3_RESTRICTED_CAUTION,train
3154,0,0.2425,0.7596,0.9068,0.9895,0.4248,71.46,TIER_2_STANDARD_TRUST,test
3155,0,0.0032,0.9334,0.8993,0.7259,0.4962,72.51,TIER_2_STANDARD_TRUST,train
3156,0,0.0168,0.7958,0.8674,0.8145,0.1307,57.49,TIER_3_RESTRICTED_CAUTION,train
3157,0,0.0386,0.7761,0.8516,0.8523,0.1179,57.23,TIER_3_RESTRICTED_CAUTION,train
3158,1,0.9373,0.1054,0.8691,0.7271,0.1232,5.2,TIER_4_QUARANTINE_FRAUD,train
3159,0,0.6043,0.385,0.8593,0.783,0.0401,33.58,TIER_4_QUARANTINE_FRAUD,test
3160,0,0.0023,0.9178,0.9299,0.859,0.1165,62.39,TIER_3_RESTRICTED_CAUTION,train
3161,0,0.0035,0.9098,0.9165,0.8843,0.1097,62.4,TIER_3_RESTRICTED_CAUTION,train
3162,0,0.0033,0.9213,0.9348,0.8034,0.142,62.04,TIER_3_RESTRICTED_CAUTION,train
3163,0,0.1014,0.7481,0.9133,1.0,0.667,79.92,TIER_2_STANDARD_TRUST,train
3164,0,0.0019,0.8119,0.9325,0.8768,0.1246,59.96,TIER_3_RESTRICTED_CAUTION,train
3165,1,0.9216,0.1141,0.8487,0.6844,0.1086,5.51,TIER_4_QUARANTINE_FRAUD,train
3166,0,0.9689,0.0813,0.9023,0.6213,0.023,3.0,TIER_4_QUARANTINE_FRAUD,train
3167,0,0.0579,0.8584,0.9333,0.8719,0.1029,60.48,TIER_3_RESTRICTED_CAUTION,train
3168,0,0.006,0.8099,0.8849,0.8364,0.1152,58.09,TIER_3_RESTRICTED_CAUTION,train
3169,0,0.0016,0.9048,0.925,0.8869,0.0244,59.42,TIER_3_RESTRICTED_CAUTION,train
3170,1,0.9515,0.124,0.8836,0.4207,0.0341,4.54,TIER_4_QUARANTINE_FRAUD,train
3171,0,0.0096,0.7972,0.9193,0.9143,0.1635,61.69,TIER_3_RESTRICTED_CAUTION,train
3172,0,0.8476,0.1792,0.9116,0.4379,0.0135,7.83,TIER_4_QUARANTINE_FRAUD,train
3173,0,0.0048,0.9375,0.9273,0.8105,0.1257,62.06,TIER_3_RESTRICTED_CAUTION,train
3174,1,0.4137,0.5021,0.8981,0.7112,0.071,44.31,TIER_4_QUARANTINE_FRAUD,train
3175,0,0.6733,0.4099,0.8959,0.7186,0.11,38.15,TIER_4_QUARANTINE_FRAUD,train
3176,0,0.8596,0.1597,0.8332,0.1949,0.1155,5.73,TIER_4_QUARANTINE_FRAUD,train
3177,1,0.6154,0.3538,0.8395,0.6789,0.0986,28.85,TIER_4_QUARANTINE_FRAUD,val
3178,0,0.5913,0.3158,0.8541,0.7267,0.1083,25.22,TIER_4_QUARANTINE_FRAUD,train
3179,0,0.0019,0.8353,0.9232,0.8737,0.418,70.76,TIER_2_STANDARD_TRUST,train
3180,0,0.5409,0.5068,0.9072,0.7116,0.4859,59.07,TIER_3_RESTRICTED_CAUTION,train
3181,0,0.0788,0.8661,0.9012,0.6721,0.9629,85.5,TIER_1_VERIFIED_SAFE,train
3182,0,0.0699,0.7685,0.8479,0.8389,0.1454,57.6,TIER_3_RESTRICTED_CAUTION,train
3183,1,0.8652,0.1531,0.8988,0.6882,0.0253,7.79,TIER_4_QUARANTINE_FRAUD,train
3184,0,0.1614,0.7588,0.9386,0.83,0.4849,69.87,TIER_2_STANDARD_TRUST,train
3185,1,0.9347,0.1204,0.8686,1.0,0.1207,7.48,TIER_4_QUARANTINE_FRAUD,train
3186,0,0.81,0.1973,0.9254,0.8341,0.1632,14.29,TIER_4_QUARANTINE_FRAUD,train
3187,0,0.4763,0.5781,0.8826,0.7143,0.5457,63.12,TIER_3_RESTRICTED_CAUTION,test
3188,0,0.0075,0.9196,0.8027,0.8185,0.2289,64.09,TIER_3_RESTRICTED_CAUTION,train
3189,0,0.6867,0.3096,0.9061,0.8113,0.0933,25.76,TIER_4_QUARANTINE_FRAUD,val
3190,0,0.8934,0.1367,0.8701,0.7275,0.0993,7.32,TIER_4_QUARANTINE_FRAUD,train
3191,0,0.0369,0.7745,0.9151,0.6896,0.1207,53.85,TIER_3_RESTRICTED_CAUTION,test
3192,0,0.0884,0.8736,0.9153,0.7115,0.55,72.4,TIER_2_STANDARD_TRUST,test
3193,0,0.9176,0.1525,0.8849,0.6152,0.458,10.98,TIER_4_QUARANTINE_FRAUD,train
3194,0,0.0095,0.8369,0.9267,0.9089,0.4273,72.05,TIER_2_STANDARD_TRUST,train
3195,0,0.0045,0.7987,0.9387,0.897,0.1199,59.97,TIER_3_RESTRICTED_CAUTION,train
3196,1,0.7884,0.2141,0.8368,0.6576,0.1578,13.99,TIER_4_QUARANTINE_FRAUD,train
3197,1,0.8678,0.1688,0.7682,0.5788,0.1393,8.97,TIER_4_QUARANTINE_FRAUD,train
3198,1,0.8377,0.1801,0.8916,0.7512,0.0617,10.72,TIER_4_QUARANTINE_FRAUD,train
3199,0,0.0078,0.8044,0.9112,0.83,0.1073,57.75,TIER_3_RESTRICTED_CAUTION,train
3200,0,0.0093,0.7969,0.9207,0.7264,0.0955,54.62,TIER_3_RESTRICTED_CAUTION,test
3201,0,0.1875,0.801,0.9262,0.7187,0.5075,69.02,TIER_2_STANDARD_TRUST,train
3202,0,0.0461,0.7834,0.8477,0.9027,0.1861,61.06,TIER_3_RESTRICTED_CAUTION,train
3203,0,0.0097,0.9224,0.9233,0.8644,0.4447,74.08,TIER_2_STANDARD_TRUST,test
3204,0,0.2899,0.591,0.8707,0.7579,0.1141,49.38,TIER_3_RESTRICTED_CAUTION,test
3205,1,0.8322,0.197,0.8966,0.4967,0.124,10.8,TIER_4_QUARANTINE_FRAUD,test
3206,0,0.0126,0.7985,0.9211,0.888,0.1505,60.63,TIER_3_RESTRICTED_CAUTION,train
3207,0,0.0218,0.9254,0.8679,0.8286,0.4879,74.23,TIER_2_STANDARD_TRUST,train
3208,0,0.0569,0.7785,0.911,1.0,0.4121,71.89,TIER_2_STANDARD_TRUST,train
3209,0,0.0395,0.804,0.8958,0.8364,0.1102,57.85,TIER_3_RESTRICTED_CAUTION,test
3210,0,0.7119,0.3047,0.8378,0.7614,0.5169,32.92,TIER_4_QUARANTINE_FRAUD,train
3211,0,0.6519,0.3141,0.8728,0.7992,0.1409,26.99,TIER_4_QUARANTINE_FRAUD,train
3212,0,0.0755,0.7631,0.8427,0.927,0.1193,58.67,TIER_3_RESTRICTED_CAUTION,test
3213,0,0.1345,0.7109,0.8647,0.8068,0.1124,54.08,TIER_3_RESTRICTED_CAUTION,train
3214,0,0.0016,0.8204,0.9366,0.9209,0.1592,62.57,TIER_3_RESTRICTED_CAUTION,train
3215,0,0.003,0.8103,0.9265,0.639,0.1162,53.62,TIER_3_RESTRICTED_CAUTION,train
3216,0,0.9243,0.1452,0.8965,0.5792,0.4252,9.81,TIER_4_QUARANTINE_FRAUD,train
3217,0,0.0194,0.7922,0.8692,0.7516,0.0966,54.63,TIER_3_RESTRICTED_CAUTION,train
3218,0,0.7165,0.3016,0.8424,0.6695,0.0549,21.48,TIER_4_QUARANTINE_FRAUD,test
3219,0,0.0038,0.8289,0.8997,0.8924,0.4388,71.53,TIER_2_STANDARD_TRUST,train
3220,0,0.1141,0.7404,0.8468,0.8169,0.1266,55.53,TIER_3_RESTRICTED_CAUTION,train
3221,0,0.1056,0.7245,0.899,0.862,0.0906,55.45,TIER_3_RESTRICTED_CAUTION,test
3222,0,0.7966,0.207,0.7336,0.8793,0.1519,14.88,TIER_4_QUARANTINE_FRAUD,test
3223,1,0.8093,0.1465,0.764,0.6467,0.1028,7.39,TIER_4_QUARANTINE_FRAUD,train
3224,0,0.0101,0.7983,0.9312,0.8998,0.1019,59.33,TIER_3_RESTRICTED_CAUTION,train
3225,0,0.0959,0.7688,0.9136,0.7347,0.487,67.61,TIER_2_STANDARD_TRUST,train
3226,0,0.2444,0.7349,0.9136,0.692,0.4805,65.3,TIER_2_STANDARD_TRUST,test
3227,1,0.8268,0.1869,0.8921,0.6562,0.1614,11.67,TIER_4_QUARANTINE_FRAUD,train
3228,1,0.874,0.1495,0.8261,0.3006,0.0289,5.08,TIER_4_QUARANTINE_FRAUD,train
3229,0,0.001,0.8068,0.8735,0.7548,0.1526,57.15,TIER_3_RESTRICTED_CAUTION,train
3230,1,0.9008,0.1331,0.8951,0.8602,0.4872,10.57,TIER_4_QUARANTINE_FRAUD,train
3231,0,0.0056,0.9055,0.8512,0.8258,0.1576,61.84,TIER_3_RESTRICTED_CAUTION,train
3232,0,0.0078,0.9065,0.9389,0.8803,0.0184,59.23,TIER_3_RESTRICTED_CAUTION,train
3233,0,0.2723,0.6081,0.9111,0.7007,0.079,47.64,TIER_3_RESTRICTED_CAUTION,val
3234,1,0.6082,0.3004,0.7919,0.6605,0.1099,22.05,TIER_4_QUARANTINE_FRAUD,test
3235,1,0.928,0.1153,0.8496,0.675,0.0611,5.28,TIER_4_QUARANTINE_FRAUD,train
3236,0,0.0409,0.7942,0.9246,0.7429,0.4957,68.99,TIER_2_STANDARD_TRUST,train
3237,0,0.019,0.7924,0.8832,0.939,0.1229,60.38,TIER_3_RESTRICTED_CAUTION,test
3238,1,0.92,0.1161,0.7849,0.5506,0.0186,4.42,TIER_4_QUARANTINE_FRAUD,train
3239,1,0.8078,0.2024,0.8302,0.7071,0.0997,12.58,TIER_4_QUARANTINE_FRAUD,train
3240,0,0.01,0.7994,0.9202,0.7328,0.1289,56.02,TIER_3_RESTRICTED_CAUTION,test
3241,0,0.5652,0.385,0.8771,0.8135,0.1609,37.8,TIER_4_QUARANTINE_FRAUD,train
3242,1,0.3577,0.5356,0.8304,0.7398,0.0294,43.9,TIER_4_QUARANTINE_FRAUD,train
3243,1,0.848,0.1742,0.8895,0.7481,0.1303,10.89,TIER_4_QUARANTINE_FRAUD,train
3244,1,0.8848,0.1546,0.8701,0.4922,0.4511,10.33,TIER_4_QUARANTINE_FRAUD,train
3245,0,0.8815,0.1622,0.8384,0.77,0.0592,9.18,TIER_4_QUARANTINE_FRAUD,test
3246,0,0.1942,0.6821,0.8579,0.7171,0.0445,48.53,TIER_3_RESTRICTED_CAUTION,train
3247,1,0.8601,0.1668,0.8543,0.7384,0.0418,9.21,TIER_4_QUARANTINE_FRAUD,train
3248,0,0.1497,0.6903,0.8604,0.7262,0.119,51.63,TIER_3_RESTRICTED_CAUTION,train
3249,0,0.0175,0.8051,0.9319,0.5834,0.4232,62.87,TIER_3_RESTRICTED_CAUTION,test
3250,0,0.006,0.8015,0.9277,0.8114,0.1007,57.13,TIER_3_RESTRICTED_CAUTION,train
3251,0,0.01,0.9319,0.9236,0.7798,0.418,71.32,TIER_2_STANDARD_TRUST,train
3252,1,0.9191,0.1153,0.8003,0.5879,0.0301,4.63,TIER_4_QUARANTINE_FRAUD,train
3253,1,0.9117,0.1429,0.7619,0.4864,0.1194,6.36,TIER_4_QUARANTINE_FRAUD,train
3254,0,0.3715,0.5237,0.8391,0.9248,0.1691,53.14,TIER_3_RESTRICTED_CAUTION,test
3255,0,0.0754,0.871,0.9315,0.8247,0.5472,75.21,TIER_2_STANDARD_TRUST,train
3256,0,0.1689,0.688,0.8984,0.991,0.6749,78.02,TIER_2_STANDARD_TRUST,train
3257,0,0.8573,0.165,0.9323,0.6558,0.1144,9.41,TIER_4_QUARANTINE_FRAUD,train
3258,0,0.8128,0.3115,0.9299,0.7035,0.0577,23.71,TIER_4_QUARANTINE_FRAUD,train
3259,1,0.7157,0.2868,0.8355,0.8017,0.1159,22.86,TIER_4_QUARANTINE_FRAUD,train
3260,0,0.0076,0.8015,0.9265,0.8652,0.1059,58.65,TIER_3_RESTRICTED_CAUTION,test
3261,0,0.2001,0.7854,0.9151,0.6194,0.4286,63.2,TIER_3_RESTRICTED_CAUTION,train
3262,1,0.9218,0.1426,0.8955,0.4201,0.4467,8.84,TIER_4_QUARANTINE_FRAUD,train
3263,0,0.0045,0.9075,0.9259,0.9295,0.449,75.44,TIER_2_STANDARD_TRUST,train
3264,1,0.861,0.109,0.7944,0.7483,0.1544,5.59,TIER_4_QUARANTINE_FRAUD,test
3265,0,0.5044,0.4605,0.9217,0.6392,0.4635,55.23,TIER_3_RESTRICTED_CAUTION,train
3266,0,0.0109,0.9022,0.9142,0.7456,0.099,58.31,TIER_3_RESTRICTED_CAUTION,train
3267,1,0.943,0.0971,0.8612,0.4209,0.0467,3.22,TIER_4_QUARANTINE_FRAUD,test
3268,0,0.0046,0.9444,0.9343,0.7904,0.4219,72.2,TIER_2_STANDARD_TRUST,test
3269,1,0.8684,0.1525,0.8932,0.62,0.1086,8.04,TIER_4_QUARANTINE_FRAUD,test
3270,0,0.0276,0.7876,0.8992,0.9953,0.3013,68.05,TIER_2_STANDARD_TRUST,test
3271,0,0.6557,0.3241,0.8996,0.9317,0.1914,31.79,TIER_4_QUARANTINE_FRAUD,val
3272,1,0.9809,0.0681,0.8838,0.5312,0.1232,2.44,TIER_4_QUARANTINE_FRAUD,train
3273,0,0.7811,0.235,0.8554,1.0,0.2055,20.54,TIER_4_QUARANTINE_FRAUD,train
3274,0,0.7767,0.2233,0.8758,0.8172,0.1192,16.11,TIER_4_QUARANTINE_FRAUD,test
3275,0,0.009,0.9317,0.9077,0.7586,0.4374,71.3,TIER_2_STANDARD_TRUST,test
3276,0,0.0837,0.7423,0.8456,0.8756,0.1366,57.4,TIER_3_RESTRICTED_CAUTION,train
3277,0,0.0029,0.8049,0.9308,0.9708,0.1676,63.59,TIER_3_RESTRICTED_CAUTION,train
3278,0,0.0454,0.7787,0.9353,0.8877,0.4476,70.57,TIER_2_STANDARD_TRUST,train
3279,0,0.927,0.119,0.8125,0.6654,0.1826,6.16,TIER_4_QUARANTINE_FRAUD,train
3280,0,0.1477,0.8227,0.9105,0.6431,0.4377,65.18,TIER_2_STANDARD_TRUST,test
3281,0,0.0457,0.7858,0.9277,0.7644,0.043,53.46,TIER_3_RESTRICTED_CAUTION,train
3282,0,0.031,0.7942,0.9119,0.771,0.4493,67.94,TIER_2_STANDARD_TRUST,test
3283,1,0.2148,0.6447,0.8641,0.5819,0.1158,46.58,TIER_3_RESTRICTED_CAUTION,train
3284,1,0.9744,0.0745,0.7223,0.6699,0.1174,2.93,TIER_4_QUARANTINE_FRAUD,train
3285,0,0.0046,0.8166,0.9423,0.9416,0.089,60.58,TIER_3_RESTRICTED_CAUTION,train
3286,0,0.6207,0.3373,0.8355,0.9019,0.1556,31.95,TIER_4_QUARANTINE_FRAUD,train
3287,1,0.9309,0.1078,0.8438,0.6961,0.0955,5.06,TIER_4_QUARANTINE_FRAUD,val
3288,1,0.9675,0.0772,0.749,0.1107,0.0256,1.36,TIER_4_QUARANTINE_FRAUD,val
3289,1,0.8462,0.1855,0.8332,0.5459,0.1095,9.92,TIER_4_QUARANTINE_FRAUD,train
3290,0,0.007,0.9239,0.933,0.8971,0.4245,74.33,TIER_2_STANDARD_TRUST,test
3291,0,0.6439,0.3325,0.8502,0.6247,0.0334,23.79,TIER_4_QUARANTINE_FRAUD,val
3292,0,0.0076,0.8324,0.9334,0.9183,0.4208,71.99,TIER_2_STANDARD_TRUST,train
3293,0,0.8763,0.2712,0.8834,0.6113,0.4374,24.63,TIER_4_QUARANTINE_FRAUD,train
3294,0,0.1218,0.7186,0.91,0.7946,0.4817,67.38,TIER_2_STANDARD_TRUST,train
3295,0,0.2312,0.6623,0.8727,0.8621,0.645,72.72,TIER_2_STANDARD_TRUST,train
3296,0,0.0089,0.7597,0.8029,0.7273,0.1254,53.39,TIER_3_RESTRICTED_CAUTION,train
3297,1,0.6143,0.3736,0.8543,0.435,0.4521,36.48,TIER_4_QUARANTINE_FRAUD,train
3298,0,0.012,0.7974,0.8546,0.8201,0.1299,57.52,TIER_3_RESTRICTED_CAUTION,val
3299,0,0.9757,0.2101,0.8737,0.6732,0.1218,13.42,TIER_4_QUARANTINE_FRAUD,train
3300,0,0.351,0.5729,0.9195,0.8133,0.4684,63.11,TIER_3_RESTRICTED_CAUTION,train
3301,1,0.6732,0.2973,0.8038,0.6849,0.1359,22.65,TIER_4_QUARANTINE_FRAUD,train
3302,0,0.023,0.7892,0.9074,0.7142,0.098,54.04,TIER_3_RESTRICTED_CAUTION,train
3303,0,0.8754,0.1476,0.8655,0.2617,0.0196,4.77,TIER_4_QUARANTINE_FRAUD,train
3304,0,0.9191,0.1288,0.8174,0.7514,0.0691,6.54,TIER_4_QUARANTINE_FRAUD,train
3305,0,0.3155,0.5682,0.8336,0.852,0.1526,52.03,TIER_3_RESTRICTED_CAUTION,train
3306,0,0.6642,0.4275,0.8744,0.8513,0.1223,44.09,TIER_4_QUARANTINE_FRAUD,train
3307,0,0.6123,0.372,0.9103,0.6607,0.0272,29.45,TIER_4_QUARANTINE_FRAUD,train
3308,1,0.9277,0.147,0.8312,0.7033,0.0291,7.32,TIER_4_QUARANTINE_FRAUD,train
3309,0,0.0615,0.7584,0.929,0.9744,0.263,65.61,TIER_2_STANDARD_TRUST,train
3310,0,0.3074,0.6998,0.9302,0.7982,0.204,57.39,TIER_3_RESTRICTED_CAUTION,train
3311,0,0.689,0.415,0.9181,0.5817,0.4905,48.01,TIER_3_RESTRICTED_CAUTION,train
3312,1,0.8674,0.1122,0.8149,0.7615,0.1099,5.65,TIER_4_QUARANTINE_FRAUD,test
3313,0,0.1817,0.6919,0.9241,0.7833,0.0189,50.24,TIER_3_RESTRICTED_CAUTION,train
3314,0,0.0026,0.9355,0.9113,0.9224,0.4264,75.16,TIER_2_STANDARD_TRUST,train
3315,0,0.0082,0.7982,0.8871,0.8601,0.1088,58.13,TIER_3_RESTRICTED_CAUTION,train
3316,0,0.1044,0.7281,0.8613,0.7673,0.098,53.07,TIER_3_RESTRICTED_CAUTION,train
3317,0,0.0019,0.8148,0.8626,0.7691,0.0422,53.78,TIER_3_RESTRICTED_CAUTION,test
3318,0,0.0092,0.9333,0.9031,0.7448,0.089,58.77,TIER_3_RESTRICTED_CAUTION,train
3319,0,0.0478,0.7725,0.8989,0.9701,0.2834,66.33,TIER_2_STANDARD_TRUST,test
3320,1,0.5851,0.3221,0.8283,0.6316,0.1497,25.24,TIER_4_QUARANTINE_FRAUD,train
3321,0,0.1586,0.7215,0.9097,0.9246,0.4301,68.91,TIER_2_STANDARD_TRUST,train
3322,1,0.8113,0.2027,0.9022,0.995,0.1262,15.74,TIER_4_QUARANTINE_FRAUD,train
3323,1,0.9566,0.1007,0.9009,0.6412,0.108,4.55,TIER_4_QUARANTINE_FRAUD,train
3324,0,0.0741,0.8506,0.9127,0.9319,0.2725,67.48,TIER_2_STANDARD_TRUST,train
3325,0,0.0953,0.7361,0.8755,0.7117,0.418,63.26,TIER_3_RESTRICTED_CAUTION,val
3326,0,0.1999,0.785,0.8759,0.7932,0.5067,69.88,TIER_2_STANDARD_TRUST,train
3327,0,0.0134,0.8015,0.9459,0.8519,0.0987,58.26,TIER_3_RESTRICTED_CAUTION,train
3328,0,0.1833,0.6675,0.8535,0.8408,0.1148,53.6,TIER_3_RESTRICTED_CAUTION,test
3329,0,0.015,0.9343,0.9324,0.8444,0.4233,73.28,TIER_2_STANDARD_TRUST,test
3330,1,0.9543,0.041,0.8764,1.0,0.1217,1.74,TIER_4_QUARANTINE_FRAUD,train
3331,1,0.6121,0.3423,0.8807,1.0,0.204,35.89,TIER_4_QUARANTINE_FRAUD,train
3332,1,0.7219,0.2767,0.8751,0.6433,0.1457,20.31,TIER_4_QUARANTINE_FRAUD,train
3333,1,0.9361,0.1008,0.749,0.2394,0.0328,2.52,TIER_4_QUARANTINE_FRAUD,test
3334,0,0.8939,0.1359,0.7858,0.6481,0.1559,7.09,TIER_4_QUARANTINE_FRAUD,train
3335,0,0.0131,0.911,0.931,0.8185,0.0295,58.13,TIER_3_RESTRICTED_CAUTION,val
3336,0,0.2649,0.6308,0.9021,0.7865,0.1067,51.34,TIER_3_RESTRICTED_CAUTION,train
3337,0,0.1119,0.8381,0.9125,0.7472,0.4897,70.09,TIER_2_STANDARD_TRUST,train
3338,0,0.0256,0.9006,0.8965,0.9696,0.1247,64.59,TIER_3_RESTRICTED_CAUTION,test
3339,0,0.0143,0.9833,0.9406,0.8782,0.3985,74.81,TIER_2_STANDARD_TRUST,train
3340,0,0.002,0.826,0.9352,0.9106,0.4,70.9,TIER_2_STANDARD_TRUST,test
3341,0,0.8702,0.1505,0.8654,0.865,0.1513,9.65,TIER_4_QUARANTINE_FRAUD,train
3342,0,0.1143,0.8549,0.907,0.675,0.0902,54.75,TIER_3_RESTRICTED_CAUTION,train
3343,0,0.1703,0.8045,0.8749,0.8715,0.4763,71.34,TIER_2_STANDARD_TRUST,train
3344,0,0.1183,0.7392,0.856,0.7994,0.4717,67.23,TIER_2_STANDARD_TRUST,train
3345,1,0.7713,0.2237,0.8468,0.6528,0.1479,14.79,TIER_4_QUARANTINE_FRAUD,train
3346,0,0.1291,0.7073,0.9165,0.8625,0.138,56.78,TIER_3_RESTRICTED_CAUTION,train
3347,0,0.3832,0.5431,0.9236,0.7375,0.07,46.42,TIER_3_RESTRICTED_CAUTION,train
3348,0,0.5105,0.4465,0.8464,1.0,0.0295,47.41,TIER_3_RESTRICTED_CAUTION,train
3349,0,0.4775,0.4609,0.7126,0.902,0.1558,48.96,TIER_3_RESTRICTED_CAUTION,test
3350,1,0.8884,0.1541,0.7916,0.673,0.128,8.4,TIER_4_QUARANTINE_FRAUD,train
3351,1,0.0821,0.7649,0.8778,0.7926,0.1303,56.1,TIER_3_RESTRICTED_CAUTION,test
3352,1,0.8438,0.1728,0.8407,1.0,0.129,12.42,TIER_4_QUARANTINE_FRAUD,train
3353,1,0.3378,0.5518,0.8681,0.8059,0.1372,50.18,TIER_3_RESTRICTED_CAUTION,train
3354,0,0.8722,0.166,0.8735,0.7294,0.0996,9.69,TIER_4_QUARANTINE_FRAUD,val
3355,0,0.0296,0.7972,0.9191,0.8386,0.0103,54.43,TIER_3_RESTRICTED_CAUTION,train
3356,0,0.1377,0.7066,0.8466,0.89,0.139,56.78,TIER_3_RESTRICTED_CAUTION,train
3357,1,0.9293,0.1344,0.842,0.6458,0.4569,9.27,TIER_4_QUARANTINE_FRAUD,train
3358,1,0.8447,0.1221,0.8382,0.4643,0.1221,5.13,TIER_4_QUARANTINE_FRAUD,test
3359,1,0.9667,0.0837,0.9042,0.439,0.0188,2.6,TIER_4_QUARANTINE_FRAUD,train
3360,0,0.7669,0.2403,0.8166,0.7508,0.1744,17.8,TIER_4_QUARANTINE_FRAUD,train
3361,0,0.0828,0.7656,0.9037,0.75,0.4672,67.1,TIER_2_STANDARD_TRUST,val
3362,1,0.8004,0.2413,0.8282,0.5913,0.1174,15.31,TIER_4_QUARANTINE_FRAUD,test
3363,0,0.0357,0.9113,0.9114,0.7134,0.471,70.77,TIER_2_STANDARD_TRUST,test
3364,0,0.0033,0.9309,0.9109,0.8302,0.446,73.4,TIER_2_STANDARD_TRUST,train
3365,0,0.0412,0.9129,0.929,0.7937,0.4442,72.07,TIER_2_STANDARD_TRUST,train
3366,0,0.0083,0.7986,0.9137,0.9351,0.1121,60.4,TIER_3_RESTRICTED_CAUTION,train
3367,0,0.0936,0.8556,0.8979,0.6906,0.0995,55.4,TIER_3_RESTRICTED_CAUTION,train
3368,0,0.8368,0.1801,0.864,0.9,0.1464,12.67,TIER_4_QUARANTINE_FRAUD,val
3369,0,0.2484,0.6385,0.9076,0.6383,0.55,63.44,TIER_3_RESTRICTED_CAUTION,val
3370,0,0.0053,0.8027,0.9275,0.7267,0.1026,55.12,TIER_3_RESTRICTED_CAUTION,train
3371,1,0.8808,0.1615,0.9081,0.6397,0.0395,8.26,TIER_4_QUARANTINE_FRAUD,train
3372,0,0.4843,0.4548,0.9149,0.7216,0.5157,58.88,TIER_3_RESTRICTED_CAUTION,train
3373,0,0.9192,0.1148,0.8882,0.8877,0.1121,6.51,TIER_4_QUARANTINE_FRAUD,train
3374,0,0.005,0.9006,0.9075,0.8146,0.1207,60.68,TIER_3_RESTRICTED_CAUTION,train
3375,0,0.5301,0.4042,0.8547,0.7817,0.1125,38.4,TIER_4_QUARANTINE_FRAUD,train
3376,0,0.0793,0.8809,0.9023,0.8708,0.9666,91.05,TIER_1_VERIFIED_SAFE,test
3377,1,0.9615,0.1153,0.8848,0.4583,0.4511,6.74,TIER_4_QUARANTINE_FRAUD,test
3378,0,0.2391,0.7553,0.8822,0.762,0.6474,73.19,TIER_2_STANDARD_TRUST,train
3379,0,0.5006,0.5331,0.8545,0.7896,0.4365,59.56,TIER_3_RESTRICTED_CAUTION,train
3380,0,0.4679,0.4738,0.8708,0.8362,0.0953,47.16,TIER_3_RESTRICTED_CAUTION,train
3381,0,0.0014,0.9403,0.9351,0.9199,0.0531,62.41,TIER_3_RESTRICTED_CAUTION,train
3382,0,0.4055,0.6375,0.9079,0.7821,0.4524,63.59,TIER_3_RESTRICTED_CAUTION,test
3383,0,0.0011,0.8249,0.9418,0.8186,0.1347,59.34,TIER_3_RESTRICTED_CAUTION,train
3384,1,0.9643,0.0895,0.8255,0.6021,0.0999,3.61,TIER_4_QUARANTINE_FRAUD,train
3385,1,0.9783,0.0976,0.859,0.688,0.4575,6.14,TIER_4_QUARANTINE_FRAUD,train
3386,0,0.0005,0.938,0.8805,0.8477,0.4688,74.55,TIER_2_STANDARD_TRUST,train
3387,0,0.8164,0.1918,0.7956,1.0,0.6692,20.51,TIER_4_QUARANTINE_FRAUD,test
3388,0,0.04,0.7532,0.8688,0.8245,0.1067,55.63,TIER_3_RESTRICTED_CAUTION,train
3389,1,0.9567,0.0934,0.9013,0.644,0.0587,3.88,TIER_4_QUARANTINE_FRAUD,train
3390,0,0.0028,0.8053,0.9151,0.783,0.5187,71.04,TIER_2_STANDARD_TRUST,train
3391,0,0.1198,0.8335,0.879,0.8398,0.975,88.92,TIER_1_VERIFIED_SAFE,test
3392,1,0.9136,0.1488,0.8817,0.5017,0.1179,7.11,TIER_4_QUARANTINE_FRAUD,val
3393,0,0.0016,0.9296,0.9556,0.8636,0.4722,75.56,TIER_2_STANDARD_TRUST,train
3394,1,0.8752,0.1776,0.8619,0.65,0.471,13.94,TIER_4_QUARANTINE_FRAUD,test
3395,0,0.0018,0.9387,0.9269,0.862,0.0278,59.95,TIER_3_RESTRICTED_CAUTION,train
3396,0,0.2076,0.6498,0.8441,0.7229,0.1367,50.79,TIER_3_RESTRICTED_CAUTION,train
3397,1,0.9282,0.134,0.9021,0.695,0.1264,7.21,TIER_4_QUARANTINE_FRAUD,train
3398,0,0.0054,0.9905,0.9224,0.8983,0.4633,77.61,TIER_2_STANDARD_TRUST,train
3399,0,0.7909,0.2436,0.8339,0.7565,0.1077,17.26,TIER_4_QUARANTINE_FRAUD,train
3400,0,0.0114,0.8021,0.8631,0.7786,0.1245,56.52,TIER_3_RESTRICTED_CAUTION,train
3401,0,0.8877,0.1373,0.7906,0.1474,0.0236,3.53,TIER_4_QUARANTINE_FRAUD,val
3402,0,0.6295,0.3338,0.8764,0.7851,0.1465,29.52,TIER_4_QUARANTINE_FRAUD,train
3403,1,0.0878,0.8396,0.7589,0.7283,0.1476,56.15,TIER_3_RESTRICTED_CAUTION,test
3404,0,0.0022,0.9325,0.9267,0.8988,0.4446,75.27,TIER_2_STANDARD_TRUST,train
3405,1,0.7944,0.2169,0.8918,0.5495,0.0463,11.92,TIER_4_QUARANTINE_FRAUD,train
3406,1,0.8611,0.1862,0.8488,0.6433,0.1003,10.69,TIER_4_QUARANTINE_FRAUD,train
3407,0,0.0037,0.9876,0.9322,0.7139,0.4277,71.76,TIER_2_STANDARD_TRUST,test
3408,0,0.0483,0.8979,0.8867,0.6509,0.9696,86.01,TIER_1_VERIFIED_SAFE,train
3409,1,0.9063,0.1462,0.8859,0.5947,0.0543,6.96,TIER_4_QUARANTINE_FRAUD,train
3410,1,0.9399,0.1144,0.8388,0.5821,0.0512,4.75,TIER_4_QUARANTINE_FRAUD,test
3411,0,0.0616,0.8857,0.9245,0.7782,0.5024,72.85,TIER_2_STANDARD_TRUST,train
3412,1,0.8071,0.1551,0.8993,0.6243,0.1115,8.3,TIER_4_QUARANTINE_FRAUD,train
3413,0,0.937,0.0487,0.7226,0.7584,0.1201,1.77,TIER_4_QUARANTINE_FRAUD,test
3414,1,0.8044,0.2129,0.9028,0.3757,0.019,9.63,TIER_4_QUARANTINE_FRAUD,test
3415,1,0.4526,0.4998,0.8859,0.7532,0.072,45.2,TIER_3_RESTRICTED_CAUTION,train
3416,0,0.0035,0.9161,0.9615,0.8058,0.4366,72.52,TIER_2_STANDARD_TRUST,train
3417,0,0.1711,0.6783,0.8691,0.7008,0.0994,50.04,TIER_3_RESTRICTED_CAUTION,train
3418,0,0.0161,0.8931,0.9041,0.8122,0.0826,59.03,TIER_3_RESTRICTED_CAUTION,train
3419,1,0.8435,0.1716,0.8369,0.2859,0.023,6.13,TIER_4_QUARANTINE_FRAUD,test
3420,0,0.0093,0.7994,0.931,0.7858,0.0975,56.35,TIER_3_RESTRICTED_CAUTION,val
3421,0,0.3236,0.6746,0.9004,0.7103,0.4501,62.75,TIER_3_RESTRICTED_CAUTION,test
3422,0,0.4327,0.4804,0.8963,0.9696,0.1814,53.96,TIER_3_RESTRICTED_CAUTION,val
3423,1,0.8914,0.1413,0.811,0.5675,0.1144,6.78,TIER_4_QUARANTINE_FRAUD,test
3424,0,0.0024,0.9885,0.9486,0.8083,0.4854,76.34,TIER_2_STANDARD_TRUST,train
3425,1,0.3657,0.5655,0.8366,0.607,0.4294,55.53,TIER_3_RESTRICTED_CAUTION,train
3426,0,0.246,0.6376,0.9109,0.7785,0.55,66.95,TIER_2_STANDARD_TRUST,train
3427,0,0.728,0.3606,0.9022,0.5024,0.025,24.95,TIER_4_QUARANTINE_FRAUD,train
3428,0,0.0566,0.766,0.8628,0.8062,0.1395,56.64,TIER_3_RESTRICTED_CAUTION,train
3429,0,0.0302,0.8812,0.9146,0.7955,0.016,56.03,TIER_3_RESTRICTED_CAUTION,train
3430,0,0.0037,0.9373,0.9325,0.8082,0.1218,61.91,TIER_3_RESTRICTED_CAUTION,train
3431,0,0.8862,0.1535,0.8542,0.6827,0.1101,8.41,TIER_4_QUARANTINE_FRAUD,train
3432,1,0.9584,0.0386,0.7846,0.68,0.1172,1.24,TIER_4_QUARANTINE_FRAUD,train
3433,0,0.6196,0.3439,0.9234,0.5129,0.0294,23.55,TIER_4_QUARANTINE_FRAUD,train
3434,0,0.0081,0.7985,0.9257,0.8358,0.1506,59.38,TIER_3_RESTRICTED_CAUTION,train
3435,0,0.9641,0.0626,0.8206,0.5478,0.1138,2.13,TIER_4_QUARANTINE_FRAUD,train
3436,0,0.1672,0.7988,0.8666,0.7765,0.1613,57.69,TIER_3_RESTRICTED_CAUTION,val
3437,1,0.8707,0.17,0.8179,0.7881,0.1288,10.58,TIER_4_QUARANTINE_FRAUD,train
3438,1,0.9835,0.0751,0.8974,0.3872,0.0241,2.12,TIER_4_QUARANTINE_FRAUD,train
3439,1,0.9713,0.0982,0.8171,1.0,0.0371,5.17,TIER_4_QUARANTINE_FRAUD,train
3440,0,0.1224,0.8292,0.9162,0.8272,0.4174,69.33,TIER_2_STANDARD_TRUST,train
3441,0,0.0058,0.83,0.9355,0.8314,0.1238,59.37,TIER_3_RESTRICTED_CAUTION,test
3442,1,0.8631,0.1161,0.7753,0.9734,0.1349,6.93,TIER_4_QUARANTINE_FRAUD,train
3443,1,0.9362,0.0587,0.8459,0.5857,0.0483,1.88,TIER_4_QUARANTINE_FRAUD,train
3444,0,0.0482,0.8858,0.8519,0.8393,0.1216,60.33,TIER_3_RESTRICTED_CAUTION,train
3445,1,0.8615,0.185,0.8063,0.8025,0.134,12.08,TIER_4_QUARANTINE_FRAUD,train
3446,0,0.0479,0.7924,0.8878,0.7841,0.5568,71.74,TIER_2_STANDARD_TRUST,val
3447,0,0.4847,0.4516,0.9212,0.5409,0.0127,36.73,TIER_4_QUARANTINE_FRAUD,test
3448,0,0.0345,0.9652,0.9124,0.7934,0.1275,62.38,TIER_3_RESTRICTED_CAUTION,val
3449,0,0.1365,0.711,0.8821,0.7392,0.1013,52.18,TIER_3_RESTRICTED_CAUTION,train
3450,0,0.0109,0.8291,0.8275,0.7448,0.4485,67.47,TIER_2_STANDARD_TRUST,train
3451,0,0.8529,0.183,0.885,0.6492,0.4559,14.44,TIER_4_QUARANTINE_FRAUD,test
3452,0,0.867,0.1657,0.865,0.5667,0.1139,8.67,TIER_4_QUARANTINE_FRAUD,train
3453,0,0.2681,0.6023,0.9195,0.7288,0.1105,49.35,TIER_3_RESTRICTED_CAUTION,train
3454,0,0.4867,0.4388,0.8638,0.8014,0.1412,45.28,TIER_3_RESTRICTED_CAUTION,test
3455,1,0.4253,0.5155,0.8546,0.6625,0.1066,44.3,TIER_4_QUARANTINE_FRAUD,train
3456,0,0.8065,0.2259,0.8739,0.7859,0.4203,20.36,TIER_4_QUARANTINE_FRAUD,train
3457,1,0.6764,0.3071,0.8421,0.8058,0.0554,24.18,TIER_4_QUARANTINE_FRAUD,train
3458,0,0.0002,0.8318,0.9221,0.9356,0.4226,72.36,TIER_2_STANDARD_TRUST,train
3459,1,0.9316,0.0573,0.8169,0.8441,0.1246,2.43,TIER_4_QUARANTINE_FRAUD,train
3460,0,0.2487,0.6503,0.8903,0.85,0.0826,52.55,TIER_3_RESTRICTED_CAUTION,train
3461,0,0.6977,0.3093,0.9101,0.9196,0.4754,35.64,TIER_4_QUARANTINE_FRAUD,train
3462,1,0.8742,0.146,0.7057,0.89,0.0559,8.25,TIER_4_QUARANTINE_FRAUD,val
3463,0,0.0059,0.904,0.9362,0.834,0.1238,61.66,TIER_3_RESTRICTED_CAUTION,train
3464,0,0.0893,0.7659,0.8723,0.6955,0.0975,52.5,TIER_3_RESTRICTED_CAUTION,train
3465,0,0.0779,0.746,0.914,0.9375,0.2704,64.42,TIER_3_RESTRICTED_CAUTION,train
3466,0,0.9739,0.1024,0.8694,0.5574,0.1427,4.48,TIER_4_QUARANTINE_FRAUD,train
3467,1,0.9033,0.1298,0.8287,0.7167,0.1086,6.73,TIER_4_QUARANTINE_FRAUD,train
3468,0,0.0397,0.775,0.904,0.8177,0.1524,58.07,TIER_3_RESTRICTED_CAUTION,train
3469,0,0.8046,0.2339,0.9046,0.624,0.4683,20.53,TIER_4_QUARANTINE_FRAUD,test
3470,0,0.0282,0.7851,0.8492,0.87,0.115,57.82,TIER_3_RESTRICTED_CAUTION,train
3471,0,0.4963,0.4361,0.8337,0.7771,0.0166,39.77,TIER_4_QUARANTINE_FRAUD,train
3472,1,0.922,0.124,0.849,1.0,0.0734,7.45,TIER_4_QUARANTINE_FRAUD,test
3473,1,0.8666,0.1542,0.7008,0.2524,0.0185,4.62,TIER_4_QUARANTINE_FRAUD,train
3474,0,0.1346,0.8294,0.9268,0.6343,0.5803,70.32,TIER_2_STANDARD_TRUST,train
3475,0,0.1462,0.6971,0.8591,0.7762,0.0929,52.16,TIER_3_RESTRICTED_CAUTION,train
3476,0,0.0049,0.8003,0.9337,0.8264,0.1373,58.81,TIER_3_RESTRICTED_CAUTION,train
3477,0,0.2149,0.6541,0.8568,0.8496,0.2476,58.1,TIER_3_RESTRICTED_CAUTION,train
3478,0,0.1796,0.6722,0.8913,1.0,0.1323,58.71,TIER_3_RESTRICTED_CAUTION,train
3479,1,0.8695,0.2531,0.8736,0.9346,0.1207,20.78,TIER_4_QUARANTINE_FRAUD,val
3480,0,0.9033,0.1312,0.8989,0.7034,0.019,6.28,TIER_4_QUARANTINE_FRAUD,val
3481,0,0.324,0.5623,0.9252,1.0,0.1886,57.72,TIER_3_RESTRICTED_CAUTION,train
3482,1,0.2755,0.5989,0.8394,0.7303,0.1442,49.67,TIER_3_RESTRICTED_CAUTION,train
3483,1,0.9643,0.1085,0.8197,0.3484,0.4542,5.68,TIER_4_QUARANTINE_FRAUD,train
3484,0,0.0099,0.902,0.8992,0.8307,0.1091,60.64,TIER_3_RESTRICTED_CAUTION,train
3485,1,0.911,0.1227,0.7915,0.6867,0.104,5.98,TIER_4_QUARANTINE_FRAUD,train
3486,0,0.9469,0.2264,0.9096,1.0,0.4881,23.73,TIER_4_QUARANTINE_FRAUD,train
3487,0,0.0087,0.9838,0.9412,0.8942,0.0871,64.33,TIER_3_RESTRICTED_CAUTION,train
3488,1,0.8726,0.1712,0.8237,0.4154,0.1166,7.93,TIER_4_QUARANTINE_FRAUD,train
3489,0,0.0167,0.7913,0.9028,0.7167,0.0427,52.18,TIER_3_RESTRICTED_CAUTION,test
3490,0,0.0029,0.966,0.9248,0.9491,0.0105,62.32,TIER_3_RESTRICTED_CAUTION,test
3491,1,0.9391,0.226,0.8929,1.0,0.1236,18.4,TIER_4_QUARANTINE_FRAUD,train
3492,0,0.6268,0.4477,0.8661,0.8459,0.4832,59.75,TIER_3_RESTRICTED_CAUTION,test
3493,0,0.0018,0.8341,0.918,0.7672,0.5174,71.49,TIER_2_STANDARD_TRUST,train
3494,1,0.9519,0.0911,0.8862,1.0,0.0765,4.92,TIER_4_QUARANTINE_FRAUD,train
3495,1,0.9508,0.0923,0.7907,0.8333,0.1289,4.59,TIER_4_QUARANTINE_FRAUD,test
3496,0,0.794,0.2074,0.8534,0.9346,0.1635,16.02,TIER_4_QUARANTINE_FRAUD,test
3497,1,0.6816,0.4237,0.8954,0.8727,0.1277,44.34,TIER_4_QUARANTINE_FRAUD,train
3498,0,0.8797,0.1714,0.8222,1.0,0.4759,15.69,TIER_4_QUARANTINE_FRAUD,train
3499,1,0.528,0.4059,0.8944,1.0,0.1423,44.69,TIER_4_QUARANTINE_FRAUD,train
3500,0,0.19,0.7792,0.9184,0.6785,0.4944,66.83,TIER_2_STANDARD_TRUST,train
3501,0,0.3323,0.5884,0.8828,0.9373,0.1596,55.5,TIER_3_RESTRICTED_CAUTION,train
3502,0,0.4204,0.5004,0.9142,0.695,0.1973,48.43,TIER_3_RESTRICTED_CAUTION,train
3503,1,0.8588,0.1631,0.8393,0.6589,0.0549,8.46,TIER_4_QUARANTINE_FRAUD,val
3504,0,0.9338,0.1585,0.7268,1.0,0.1985,11.33,TIER_4_QUARANTINE_FRAUD,val
3505,0,0.0067,0.8313,0.9123,0.7119,0.4419,67.32,TIER_2_STANDARD_TRUST,train
3506,0,0.7532,0.2414,0.9256,0.3845,0.0129,11.82,TIER_4_QUARANTINE_FRAUD,train
3507,0,0.0033,0.9253,0.8918,0.8858,0.4249,73.69,TIER_2_STANDARD_TRUST,train
3508,0,0.0835,0.8782,0.9236,0.5973,0.4567,66.5,TIER_2_STANDARD_TRUST,train
3509,1,0.0988,0.7443,0.8953,0.786,0.4812,67.77,TIER_2_STANDARD_TRUST,train
3510,1,0.9737,0.1047,0.8273,0.5527,0.1165,4.4,TIER_4_QUARANTINE_FRAUD,test
3511,1,0.8291,0.2092,0.8988,0.7736,0.4994,19.24,TIER_4_QUARANTINE_FRAUD,train
3512,0,0.9739,0.0745,0.8615,1.0,0.1549,3.98,TIER_4_QUARANTINE_FRAUD,val
3513,0,0.9216,0.1208,0.8397,0.655,0.1303,5.96,TIER_4_QUARANTINE_FRAUD,train
3514,0,0.1132,0.7239,0.878,0.8152,0.1067,54.61,TIER_3_RESTRICTED_CAUTION,val
3515,0,0.0416,0.9074,0.9183,0.7104,0.0853,57.15,TIER_3_RESTRICTED_CAUTION,train
3516,0,0.089,0.8386,0.8758,0.9314,0.1328,61.85,TIER_3_RESTRICTED_CAUTION,train
3517,0,0.5637,0.4034,0.908,0.5543,0.4547,44.21,TIER_4_QUARANTINE_FRAUD,test
3518,0,0.0017,0.8043,0.9061,0.9723,0.1221,61.77,TIER_3_RESTRICTED_CAUTION,val
3519,1,0.8928,0.1619,0.8793,0.7913,0.154,10.28,TIER_4_QUARANTINE_FRAUD,train
3520,0,0.0941,0.8699,0.9322,0.8188,0.4698,72.33,TIER_2_STANDARD_TRUST,test
3521,0,0.0032,0.8905,0.9402,0.9058,0.4046,72.92,TIER_2_STANDARD_TRUST,train
3522,1,0.9694,0.1036,0.8908,1.0,0.5667,8.42,TIER_4_QUARANTINE_FRAUD,train
3523,0,0.0052,0.9171,0.9223,0.7775,0.4902,73.33,TIER_2_STANDARD_TRUST,test
3524,0,0.1569,0.7062,0.8551,0.7352,0.5063,65.84,TIER_2_STANDARD_TRUST,train
3525,0,0.0023,0.9054,0.9185,0.905,0.0215,59.73,TIER_3_RESTRICTED_CAUTION,train
3526,0,0.0398,0.8055,0.9016,0.8589,0.1426,59.65,TIER_3_RESTRICTED_CAUTION,test
3527,0,0.0125,0.7973,0.9216,0.7664,0.087,55.34,TIER_3_RESTRICTED_CAUTION,train
3528,0,0.8588,0.1574,0.8951,0.9169,0.1352,10.55,TIER_4_QUARANTINE_FRAUD,val
3529,0,0.0022,0.9042,0.9222,0.9286,0.1062,63.28,TIER_3_RESTRICTED_CAUTION,train
3530,1,0.9739,0.0728,0.8957,1.0,0.0459,3.54,TIER_4_QUARANTINE_FRAUD,train
3531,0,0.0874,0.8739,0.9311,0.859,0.4309,72.08,TIER_2_STANDARD_TRUST,train
3532,0,0.0043,0.9364,0.8775,0.8267,0.4279,72.51,TIER_2_STANDARD_TRUST,val
3533,0,0.0424,0.9113,0.8367,0.838,0.4926,73.9,TIER_2_STANDARD_TRUST,train
3534,0,0.7115,0.2717,0.8658,0.8556,0.1531,22.61,TIER_4_QUARANTINE_FRAUD,train
3535,0,0.0365,0.886,0.9162,0.7577,0.0943,57.99,TIER_3_RESTRICTED_CAUTION,train
3536,1,0.8775,0.1511,0.8296,0.6185,0.1426,8.06,TIER_4_QUARANTINE_FRAUD,test
3537,0,0.7727,0.23,0.881,1.0,0.2053,20.02,TIER_4_QUARANTINE_FRAUD,train
3538,1,0.9755,0.0941,0.8682,1.0,0.123,5.34,TIER_4_QUARANTINE_FRAUD,train
3539,0,0.2264,0.642,0.8686,0.5784,0.0574,44.42,TIER_4_QUARANTINE_FRAUD,val
3540,0,0.9078,0.0752,0.8233,0.7677,0.1134,3.29,TIER_4_QUARANTINE_FRAUD,train
3541,0,0.1604,0.7006,0.8961,0.7824,0.1506,54.81,TIER_3_RESTRICTED_CAUTION,train
3542,1,0.9699,0.0958,0.847,0.6032,0.1141,4.07,TIER_4_QUARANTINE_FRAUD,train
3543,0,0.0267,0.7876,0.9115,0.9229,0.1179,59.95,TIER_3_RESTRICTED_CAUTION,train
3544,0,0.0022,0.924,0.9315,0.8959,0.4237,74.26,TIER_2_STANDARD_TRUST,train
3545,0,0.0027,0.9019,0.9122,0.9257,0.1063,63.04,TIER_3_RESTRICTED_CAUTION,train
3546,0,0.0042,0.9129,0.9023,0.9161,0.1316,63.92,TIER_3_RESTRICTED_CAUTION,train
3547,1,0.7889,0.2122,0.8443,0.7138,0.0987,13.59,TIER_4_QUARANTINE_FRAUD,train
3548,0,0.0097,0.901,0.9584,0.806,0.0247,57.62,TIER_3_RESTRICTED_CAUTION,train
3549,0,0.0032,0.8387,0.9358,0.96,0.1246,62.88,TIER_3_RESTRICTED_CAUTION,train
3550,0,0.0114,0.9186,0.9377,0.8785,0.1863,65.42,TIER_2_STANDARD_TRUST,train
3551,0,0.7336,0.2447,0.8646,0.756,0.0953,17.32,TIER_4_QUARANTINE_FRAUD,train
3552,1,0.9431,0.1295,0.8487,1.0,0.1444,8.4,TIER_4_QUARANTINE_FRAUD,train
3553,0,0.3767,0.5329,0.874,0.8374,0.1126,49.6,TIER_3_RESTRICTED_CAUTION,train
3554,0,0.0447,0.7864,0.9389,0.6667,0.0283,50.64,TIER_3_RESTRICTED_CAUTION,train
3555,0,0.2213,0.7677,0.9119,0.7754,0.1091,55.35,TIER_3_RESTRICTED_CAUTION,train
3556,0,0.5273,0.4108,0.8633,0.747,0.1009,38.35,TIER_4_QUARANTINE_FRAUD,train
3557,0,0.0027,0.8025,0.8747,0.8358,0.1184,57.86,TIER_3_RESTRICTED_CAUTION,train
3558,0,0.9107,0.1201,0.692,0.2422,0.02,3.1,TIER_4_QUARANTINE_FRAUD,train
3559,0,0.0939,0.7413,0.8651,0.7701,0.1003,53.65,TIER_3_RESTRICTED_CAUTION,test
3560,0,0.1421,0.8181,0.8464,0.7917,0.558,72.33,TIER_2_STANDARD_TRUST,train
3561,0,0.5136,0.4166,0.8936,0.5048,0.1228,34.7,TIER_4_QUARANTINE_FRAUD,train
3562,1,0.8688,0.1309,0.9022,0.7611,0.1094,7.19,TIER_4_QUARANTINE_FRAUD,test
3563,0,0.0091,0.8764,0.9253,0.8771,0.4263,72.39,TIER_2_STANDARD_TRUST,val
3564,0,0.002,0.8159,0.9226,0.8916,0.1067,59.73,TIER_3_RESTRICTED_CAUTION,train
3565,0,0.0085,0.8335,0.9337,0.8422,0.1326,60.04,TIER_3_RESTRICTED_CAUTION,test
3566,0,0.1329,0.8314,0.9185,0.7109,0.9641,85.64,TIER_1_VERIFIED_SAFE,train
3567,1,0.1565,0.7108,0.8765,0.6954,0.1109,51.36,TIER_3_RESTRICTED_CAUTION,train
3568,1,0.9615,0.0904,0.9078,1.0,0.1413,5.18,TIER_4_QUARANTINE_FRAUD,train
3569,0,0.3772,0.5377,0.8378,0.6,0.0522,41.34,TIER_4_QUARANTINE_FRAUD,test
3570,0,0.8578,0.165,0.8694,1.0,0.1454,11.87,TIER_4_QUARANTINE_FRAUD,train
3571,0,0.099,0.8399,0.907,0.9171,0.4325,72.33,TIER_2_STANDARD_TRUST,test
3572,0,0.2045,0.6576,0.8725,0.7012,0.139,50.85,TIER_3_RESTRICTED_CAUTION,train
3573,0,0.0336,0.8064,0.8853,0.6965,0.1386,55.31,TIER_3_RESTRICTED_CAUTION,train
3574,0,0.0288,0.9186,0.9074,0.8757,0.5063,76.24,TIER_2_STANDARD_TRUST,train
3575,0,0.0052,0.9033,0.917,0.8733,0.463,74.31,TIER_2_STANDARD_TRUST,train
3576,1,0.889,0.1374,0.8159,0.1837,0.0224,3.78,TIER_4_QUARANTINE_FRAUD,train
3577,1,0.9379,0.1226,0.8619,0.7765,0.1206,6.63,TIER_4_QUARANTINE_FRAUD,train
3578,1,0.8817,0.1605,0.8802,0.543,0.0213,7.31,TIER_4_QUARANTINE_FRAUD,train
3579,0,0.1042,0.7254,0.8771,0.8426,0.1174,55.71,TIER_3_RESTRICTED_CAUTION,val
3580,0,0.0969,0.7398,0.8729,0.7423,0.1184,53.62,TIER_3_RESTRICTED_CAUTION,train
3581,1,0.9213,0.2169,0.8708,0.5669,0.1394,13.27,TIER_4_QUARANTINE_FRAUD,train
3582,0,0.4382,0.4794,0.8543,0.8321,0.1388,48.59,TIER_3_RESTRICTED_CAUTION,train
3583,1,0.0392,0.7786,0.8507,0.8275,0.1037,56.18,TIER_3_RESTRICTED_CAUTION,train
3584,0,0.0033,0.8069,0.8793,0.8389,0.1329,58.62,TIER_3_RESTRICTED_CAUTION,train
3585,0,0.0311,0.8105,0.8907,0.8787,0.1141,59.18,TIER_3_RESTRICTED_CAUTION,train
3586,1,0.9388,0.1367,0.855,0.694,0.4817,9.96,TIER_4_QUARANTINE_FRAUD,test
3587,1,0.9513,0.0905,0.8883,0.7955,0.0582,4.17,TIER_4_QUARANTINE_FRAUD,train
3588,0,0.9643,0.193,0.9003,0.6375,0.0372,10.66,TIER_4_QUARANTINE_FRAUD,train
3589,1,0.9803,0.0903,0.8877,1.0,0.5467,6.91,TIER_4_QUARANTINE_FRAUD,train
3590,1,0.9705,0.0883,0.8308,0.5457,0.1241,3.49,TIER_4_QUARANTINE_FRAUD,train
3591,0,0.0129,0.9308,0.9297,0.97,0.9731,95.53,TIER_1_VERIFIED_SAFE,train
3592,1,0.9626,0.084,0.8808,0.6514,0.1332,3.64,TIER_4_QUARANTINE_FRAUD,val
3593,0,0.3392,0.5472,0.9134,0.7246,0.1153,47.7,TIER_3_RESTRICTED_CAUTION,train
3594,0,0.9486,0.0926,0.8766,0.8233,0.1485,4.78,TIER_4_QUARANTINE_FRAUD,test
3595,1,0.9332,0.1374,0.8717,0.6602,0.1205,7.18,TIER_4_QUARANTINE_FRAUD,test
3596,0,0.0428,0.7765,0.8744,0.8363,0.1151,56.98,TIER_3_RESTRICTED_CAUTION,val
3597,0,0.0017,0.9245,0.9229,0.9254,0.4067,74.33,TIER_2_STANDARD_TRUST,train
3598,0,0.0057,0.984,0.8931,0.6785,0.4118,69.83,TIER_2_STANDARD_TRUST,train
3599,0,0.096,0.8579,0.9247,0.7021,0.4612,68.68,TIER_2_STANDARD_TRUST,test
3600,0,0.3433,0.5178,0.875,0.7343,0.0596,44.73,TIER_4_QUARANTINE_FRAUD,train
3601,0,0.1903,0.6615,0.9264,0.8058,0.0129,49.7,TIER_3_RESTRICTED_CAUTION,train
3602,0,0.0046,0.8268,0.9184,0.8888,0.1025,59.8,TIER_3_RESTRICTED_CAUTION,train
3603,0,0.0087,0.8061,0.8707,0.8212,0.1426,58.41,TIER_3_RESTRICTED_CAUTION,train
3604,0,0.0135,0.8072,0.9007,0.7071,0.55,70.15,TIER_2_STANDARD_TRUST,test
3605,1,0.6865,0.311,0.8852,0.5349,0.4527,29.32,TIER_4_QUARANTINE_FRAUD,train
3606,1,0.9719,0.079,0.89,1.0,0.1001,4.14,TIER_4_QUARANTINE_FRAUD,train
3607,1,0.4234,0.511,0.8727,0.7422,0.4499,58.36,TIER_3_RESTRICTED_CAUTION,train
3608,0,0.9,0.13,0.8417,0.3169,0.0297,4.24,TIER_4_QUARANTINE_FRAUD,train
3609,0,0.0474,0.7229,0.8445,0.7538,0.1308,53.56,TIER_3_RESTRICTED_CAUTION,train
3610,0,0.0482,0.8932,0.9226,0.9428,0.2392,67.97,TIER_2_STANDARD_TRUST,test
3611,1,0.7558,0.1893,0.7813,0.6543,0.1794,11.72,TIER_4_QUARANTINE_FRAUD,train
3612,1,0.9661,0.0789,0.8997,0.4929,0.1176,2.89,TIER_4_QUARANTINE_FRAUD,test
3613,0,0.383,0.5396,0.9198,0.6064,0.033,41.7,TIER_4_QUARANTINE_FRAUD,val
3614,1,0.9622,0.043,0.8776,0.6571,0.1339,1.48,TIER_4_QUARANTINE_FRAUD,val
3615,0,0.2269,0.6569,0.903,0.5872,0.1578,48.94,TIER_3_RESTRICTED_CAUTION,test
3616,0,0.224,0.7496,0.9118,0.7694,0.1602,56.45,TIER_3_RESTRICTED_CAUTION,train
3617,1,0.9749,0.091,0.8319,0.586,0.1145,3.72,TIER_4_QUARANTINE_FRAUD,test
3618,0,0.0075,0.8036,0.9118,0.8243,0.1161,57.9,TIER_3_RESTRICTED_CAUTION,train
3619,0,0.3491,0.5718,0.8991,0.9441,0.2319,57.86,TIER_3_RESTRICTED_CAUTION,train
3620,0,0.6226,0.3374,0.9011,0.8,0.1132,29.64,TIER_4_QUARANTINE_FRAUD,train
3621,0,0.0329,0.8153,0.8827,0.7683,0.4734,69.06,TIER_2_STANDARD_TRUST,train
3622,0,0.1629,0.8091,0.9135,0.5569,0.1064,51.05,TIER_3_RESTRICTED_CAUTION,val
3623,1,0.9721,0.086,0.8288,0.6856,0.1214,3.75,TIER_4_QUARANTINE_FRAUD,train
3624,0,0.2163,0.779,0.9045,0.7616,0.4564,67.43,TIER_2_STANDARD_TRUST,train
3625,0,0.5789,0.3711,0.9038,0.9419,0.1742,38.78,TIER_4_QUARANTINE_FRAUD,train
3626,0,0.0633,0.7905,0.8982,0.7662,0.4834,68.77,TIER_2_STANDARD_TRUST,test
3627,0,0.0083,0.7952,0.9203,0.8547,0.1176,58.54,TIER_3_RESTRICTED_CAUTION,train
3628,0,0.8615,0.1942,0.8276,0.7757,0.4509,16.52,TIER_4_QUARANTINE_FRAUD,train
3629,1,0.7026,0.2992,0.8512,0.8107,0.0567,23.38,TIER_4_QUARANTINE_FRAUD,test
3630,0,0.4386,0.606,0.9164,0.8692,0.0275,50.03,TIER_3_RESTRICTED_CAUTION,train
3631,0,0.165,0.7101,0.8988,0.7375,0.518,66.86,TIER_2_STANDARD_TRUST,test
3632,0,0.0054,0.9938,0.9357,1.0,0.4032,78.28,TIER_2_STANDARD_TRUST,train
3633,0,0.0154,0.8951,0.8714,0.6713,0.1032,55.96,TIER_3_RESTRICTED_CAUTION,train
3634,0,0.8687,0.1718,0.8663,0.5667,0.1437,9.44,TIER_4_QUARANTINE_FRAUD,train
3635,0,0.0199,0.7935,0.8766,0.7963,0.1204,56.69,TIER_3_RESTRICTED_CAUTION,train
3636,0,0.5952,0.3871,0.8686,0.6861,0.0968,33.57,TIER_4_QUARANTINE_FRAUD,train
3637,1,0.8853,0.1701,0.8584,1.0,0.4979,15.85,TIER_4_QUARANTINE_FRAUD,train
3638,0,0.1567,0.6888,0.8712,0.7814,0.1088,52.72,TIER_3_RESTRICTED_CAUTION,test
3639,0,0.0041,0.9033,0.9174,0.8992,0.093,62.01,TIER_3_RESTRICTED_CAUTION,train
3640,1,0.9311,0.109,0.8317,0.8141,0.0311,5.23,TIER_4_QUARANTINE_FRAUD,train
3641,0,0.127,0.8333,0.9227,0.76,0.4803,70.04,TIER_2_STANDARD_TRUST,train
3642,1,0.727,0.2714,0.8428,0.5505,0.1247,17.98,TIER_4_QUARANTINE_FRAUD,train
3643,1,0.9078,0.0835,0.8938,0.39,0.0301,2.49,TIER_4_QUARANTINE_FRAUD,train
3644,0,0.6669,0.3318,0.8714,0.5614,0.1417,25.34,TIER_4_QUARANTINE_FRAUD,train
3645,1,0.9196,0.1144,0.8236,0.6201,0.1562,5.5,TIER_4_QUARANTINE_FRAUD,train
3646,0,0.0059,0.9297,0.9156,0.9491,0.0911,63.96,TIER_3_RESTRICTED_CAUTION,train
3647,0,0.0693,0.8567,0.9029,0.7706,0.4869,71.04,TIER_2_STANDARD_TRUST,train
3648,0,0.0983,0.756,0.9161,0.6952,0.4322,64.35,TIER_3_RESTRICTED_CAUTION,train
3649,0,0.1178,0.8186,0.8724,0.737,0.0909,54.89,TIER_3_RESTRICTED_CAUTION,train
3650,1,0.4376,0.4741,0.8531,0.757,0.1321,46.3,TIER_3_RESTRICTED_CAUTION,test
3651,0,0.1271,0.8172,0.9282,0.7523,0.5064,70.33,TIER_2_STANDARD_TRUST,train
3652,1,0.8921,0.1561,0.8918,1.0,0.17,11.25,TIER_4_QUARANTINE_FRAUD,train
3653,0,0.0081,0.8306,0.8635,0.8412,0.4365,69.86,TIER_2_STANDARD_TRUST,train
3654,1,0.7802,0.1785,0.8995,0.572,0.0241,8.87,TIER_4_QUARANTINE_FRAUD,train
3655,1,0.5594,0.3925,0.8484,0.7874,0.1598,38.12,TIER_4_QUARANTINE_FRAUD,test
3656,0,0.0014,0.9411,0.9392,0.8774,0.429,74.58,TIER_2_STANDARD_TRUST,train
3657,0,0.3543,0.5358,0.7471,0.8083,0.1281,48.24,TIER_3_RESTRICTED_CAUTION,train
3658,1,0.411,0.5232,0.8935,0.6321,0.0521,42.26,TIER_4_QUARANTINE_FRAUD,train
3659,0,0.8171,0.3288,0.9143,0.7899,0.5293,38.08,TIER_4_QUARANTINE_FRAUD,test
3660,1,0.9361,0.1361,0.8283,0.6391,0.424,9.13,TIER_4_QUARANTINE_FRAUD,train
3661,0,0.4017,0.5178,0.8514,0.5946,0.0422,40.39,TIER_4_QUARANTINE_FRAUD,train
3662,0,0.0017,0.9225,0.9362,0.9383,0.4131,74.95,TIER_2_STANDARD_TRUST,train
3663,0,0.0037,0.8035,0.9108,0.8337,0.1464,59.18,TIER_3_RESTRICTED_CAUTION,test
3664,0,0.168,0.6944,0.9245,0.9417,0.6692,77.04,TIER_2_STANDARD_TRUST,train
3665,0,0.2338,0.6682,0.8743,0.7746,0.4307,63.23,TIER_3_RESTRICTED_CAUTION,train
3666,0,0.0276,0.9662,0.9282,0.8516,0.1314,64.16,TIER_3_RESTRICTED_CAUTION,train
3667,1,0.9735,0.1055,0.8639,1.0,0.4417,7.93,TIER_4_QUARANTINE_FRAUD,train
3668,0,0.8034,0.2119,0.8386,0.8896,0.1361,15.69,TIER_4_QUARANTINE_FRAUD,train
3669,0,0.4895,0.4389,0.8484,0.791,0.1293,44.49,TIER_4_QUARANTINE_FRAUD,train
3670,0,0.3145,0.7044,0.9139,0.7791,0.4394,65.13,TIER_2_STANDARD_TRUST,train
3671,0,0.0004,0.9124,0.9243,0.7901,0.4836,73.29,TIER_2_STANDARD_TRUST,test
3672,1,0.9748,0.0833,0.8374,0.6213,0.0274,3.05,TIER_4_QUARANTINE_FRAUD,train
3673,0,0.6051,0.3804,0.904,0.8924,0.4914,48.2,TIER_3_RESTRICTED_CAUTION,train
3674,1,0.9542,0.0989,0.9034,1.0,0.0883,5.59,TIER_4_QUARANTINE_FRAUD,test
3675,0,0.2869,0.6037,0.8974,0.6746,0.55,63.2,TIER_3_RESTRICTED_CAUTION,train
3676,1,0.848,0.1799,0.8671,0.6263,0.1036,10.12,TIER_4_QUARANTINE_FRAUD,train
3677,1,0.6764,0.247,0.7792,0.7048,0.1266,17.08,TIER_4_QUARANTINE_FRAUD,train
3678,0,0.0076,0.7988,0.881,0.9057,0.1454,60.51,TIER_3_RESTRICTED_CAUTION,train
3679,0,0.0841,0.7429,0.9179,0.8426,0.1187,56.69,TIER_3_RESTRICTED_CAUTION,train
3680,0,0.4755,0.4493,0.8728,0.6896,0.1042,43.01,TIER_4_QUARANTINE_FRAUD,train
3681,1,0.6491,0.328,0.8989,0.522,0.0354,21.96,TIER_4_QUARANTINE_FRAUD,train
3682,1,0.8757,0.1548,0.8546,0.6149,0.0483,7.55,TIER_4_QUARANTINE_FRAUD,train
3683,0,0.5561,0.5206,0.8806,0.8186,0.4344,60.09,TIER_3_RESTRICTED_CAUTION,train
3684,1,0.9282,0.058,0.8677,0.4371,0.1266,1.8,TIER_4_QUARANTINE_FRAUD,train
3685,1,0.8878,0.1375,0.8292,0.2384,0.026,4.13,TIER_4_QUARANTINE_FRAUD,train
3686,0,0.0507,0.9028,0.9286,0.7339,0.1345,59.43,TIER_3_RESTRICTED_CAUTION,test
3687,0,0.017,0.9255,0.9388,0.73,0.476,72.06,TIER_2_STANDARD_TRUST,test
3688,0,0.0074,0.9008,0.8819,0.7418,0.0989,57.85,TIER_3_RESTRICTED_CAUTION,train
3689,0,0.0985,0.6783,0.8415,0.8252,0.1331,54.05,TIER_3_RESTRICTED_CAUTION,train
3690,0,0.9327,0.0797,0.7713,0.7021,0.1134,3.34,TIER_4_QUARANTINE_FRAUD,train
3691,0,0.3961,0.5223,0.8585,0.8862,0.1781,52.64,TIER_3_RESTRICTED_CAUTION,val
3692,1,0.8011,0.229,0.8151,0.6525,0.115,14.69,TIER_4_QUARANTINE_FRAUD,train
3693,0,0.2289,0.6349,0.8726,0.6804,0.1131,48.74,TIER_3_RESTRICTED_CAUTION,train
3694,0,0.1615,0.8263,0.8591,0.8017,0.4691,69.84,TIER_2_STANDARD_TRUST,test
3695,0,0.0238,0.7888,0.8915,0.7526,0.1141,55.39,TIER_3_RESTRICTED_CAUTION,test
3696,0,0.2646,0.6359,0.8773,0.779,0.1038,50.96,TIER_3_RESTRICTED_CAUTION,train
3697,1,0.8972,0.1497,0.8591,0.4489,0.0326,6.08,TIER_4_QUARANTINE_FRAUD,test
3698,0,0.6292,0.3296,0.8466,0.86,0.1331,29.69,TIER_4_QUARANTINE_FRAUD,train
3699,0,0.676,0.3333,0.8289,0.7558,0.1175,27.96,TIER_4_QUARANTINE_FRAUD,train
3700,0,0.0114,0.924,0.9,0.7309,0.5102,72.85,TIER_2_STANDARD_TRUST,train
3701,0,0.2237,0.6421,0.9143,0.7816,0.0967,51.33,TIER_3_RESTRICTED_CAUTION,train
3702,1,0.8011,0.213,0.8449,0.9341,0.0409,14.98,TIER_4_QUARANTINE_FRAUD,train
3703,0,0.0057,0.802,0.9206,0.8594,0.1113,58.65,TIER_3_RESTRICTED_CAUTION,train
3704,0,0.0011,0.8044,0.932,0.9445,0.1314,61.66,TIER_3_RESTRICTED_CAUTION,train
3705,0,0.8537,0.1998,0.8789,0.7634,0.474,17.57,TIER_4_QUARANTINE_FRAUD,test
3706,0,0.5668,0.3853,0.8716,0.7268,0.1686,36.24,TIER_4_QUARANTINE_FRAUD,train
3707,0,0.1003,0.7437,0.864,0.7912,0.6378,73.05,TIER_2_STANDARD_TRUST,train
3708,0,0.5202,0.4518,0.9216,0.763,0.4599,57.94,TIER_3_RESTRICTED_CAUTION,test
3709,0,0.8739,0.1594,0.8646,0.6971,0.0279,8.26,TIER_4_QUARANTINE_FRAUD,train
3710,0,0.8742,0.115,0.8646,0.8262,0.0905,6.09,TIER_4_QUARANTINE_FRAUD,test
3711,0,0.4548,0.4619,0.8656,0.8274,0.1218,47.46,TIER_3_RESTRICTED_CAUTION,train
3712,0,0.0142,0.8961,0.9156,0.6452,0.0983,55.61,TIER_3_RESTRICTED_CAUTION,train
3713,1,0.8465,0.1867,0.8341,0.6936,0.4603,15.1,TIER_4_QUARANTINE_FRAUD,test
3714,0,0.0106,0.9488,0.9439,0.9232,0.0056,61.18,TIER_3_RESTRICTED_CAUTION,train
3715,0,0.0046,0.8052,0.9208,0.8881,0.1093,59.39,TIER_3_RESTRICTED_CAUTION,train
3716,0,0.8508,0.1994,0.8645,0.6388,0.1047,11.9,TIER_4_QUARANTINE_FRAUD,train
3717,0,0.0099,0.8326,0.9391,0.7636,0.4319,68.58,TIER_2_STANDARD_TRUST,val
3718,1,0.5663,0.4795,0.8462,0.3883,0.0413,34.0,TIER_4_QUARANTINE_FRAUD,train
3719,0,0.085,0.7651,0.9182,0.8576,0.1386,58.43,TIER_3_RESTRICTED_CAUTION,train
3720,0,0.1437,0.8301,0.8832,0.7446,0.4589,68.41,TIER_2_STANDARD_TRUST,val
3721,0,0.6745,0.301,0.8594,0.8373,0.1282,25.52,TIER_4_QUARANTINE_FRAUD,train
3722,1,0.4552,0.4745,0.8267,0.6786,0.1232,43.78,TIER_4_QUARANTINE_FRAUD,test
3723,0,0.9469,0.0494,0.8886,1.0,0.2855,2.57,TIER_4_QUARANTINE_FRAUD,train
3724,0,0.7912,0.2332,0.8581,0.8333,0.1481,17.7,TIER_4_QUARANTINE_FRAUD,train
3725,1,0.9332,0.1163,0.8783,0.6606,0.1786,6.04,TIER_4_QUARANTINE_FRAUD,train
3726,0,0.1636,0.6839,0.8929,0.7301,0.1029,51.3,TIER_3_RESTRICTED_CAUTION,train
3727,0,0.079,0.75,0.9253,0.9136,0.1735,60.66,TIER_3_RESTRICTED_CAUTION,val
3728,1,0.9351,0.1251,0.8871,0.7679,0.4804,9.21,TIER_4_QUARANTINE_FRAUD,train
3729,1,0.9285,0.1122,0.8284,0.6925,0.1021,5.35,TIER_4_QUARANTINE_FRAUD,train
3730,0,0.2757,0.6031,0.8688,0.8116,0.1121,51.0,TIER_3_RESTRICTED_CAUTION,val
3731,0,0.4544,0.4992,0.9245,0.497,0.421,51.38,TIER_3_RESTRICTED_CAUTION,train
3732,0,0.0428,0.7841,0.9249,0.7919,0.4265,67.5,TIER_2_STANDARD_TRUST,test
3733,0,0.4438,0.4713,0.8864,0.6174,0.1218,42.7,TIER_4_QUARANTINE_FRAUD,test
3734,1,0.9454,0.0959,0.8624,0.2592,0.0214,2.51,TIER_4_QUARANTINE_FRAUD,train
3735,0,0.0018,0.904,0.9252,0.7534,0.0821,58.08,TIER_3_RESTRICTED_CAUTION,test
3736,0,0.008,0.9383,0.9428,0.8579,0.4388,74.38,TIER_2_STANDARD_TRUST,train
3737,0,0.9026,0.1279,0.7765,0.2145,0.0182,3.43,TIER_4_QUARANTINE_FRAUD,train
3738,1,0.9215,0.0705,0.8745,0.7513,0.0408,2.79,TIER_4_QUARANTINE_FRAUD,val
3739,1,0.8961,0.1326,0.8388,1.0,0.1821,8.93,TIER_4_QUARANTINE_FRAUD,train
3740,0,0.301,0.5762,0.8672,0.931,0.129,53.75,TIER_3_RESTRICTED_CAUTION,train
3741,0,0.0148,0.9828,0.9227,0.9236,0.4209,76.53,TIER_2_STANDARD_TRUST,test
3742,1,0.7007,0.2852,0.8623,0.7974,0.1499,23.41,TIER_4_QUARANTINE_FRAUD,train
3743,1,0.9341,0.1062,0.8262,0.586,0.1136,4.6,TIER_4_QUARANTINE_FRAUD,test
3744,1,0.8958,0.0826,0.8943,0.61,0.1282,3.44,TIER_4_QUARANTINE_FRAUD,train
3745,1,0.9492,0.0895,0.8955,0.515,0.0217,3.1,TIER_4_QUARANTINE_FRAUD,test
3746,1,0.977,0.0255,0.8922,0.7421,0.0642,0.73,TIER_4_QUARANTINE_FRAUD,train
3747,0,0.5112,0.4479,0.9084,0.6221,0.4401,53.16,TIER_3_RESTRICTED_CAUTION,train
3748,1,0.8847,0.1387,0.816,0.4596,0.0216,5.32,TIER_4_QUARANTINE_FRAUD,train
3749,0,0.0039,0.809,0.9222,0.8554,0.1088,58.68,TIER_3_RESTRICTED_CAUTION,test
3750,0,0.2013,0.7899,0.9276,0.8179,0.4954,70.76,TIER_2_STANDARD_TRUST,test
3751,0,0.8391,0.1243,0.8959,0.6758,0.1321,6.42,TIER_4_QUARANTINE_FRAUD,train
3752,0,0.0246,0.8179,0.9061,0.9,0.4351,71.33,TIER_2_STANDARD_TRUST,train
3753,1,0.9761,0.0762,0.8849,1.0,0.1611,4.15,TIER_4_QUARANTINE_FRAUD,train
3754,0,0.0011,0.8039,0.9137,0.9182,0.1017,59.77,TIER_3_RESTRICTED_CAUTION,train
3755,0,0.0135,0.7989,0.8745,0.8433,0.1019,57.36,TIER_3_RESTRICTED_CAUTION,val
3756,0,0.2164,0.7825,0.9103,0.8212,0.4714,69.61,TIER_2_STANDARD_TRUST,train
3757,0,0.0045,0.8262,0.8619,0.7561,0.4709,68.79,TIER_2_STANDARD_TRUST,train
3758,0,0.8666,0.1098,0.8556,0.978,0.1213,6.48,TIER_4_QUARANTINE_FRAUD,train
3759,0,0.1024,0.8598,0.9108,0.8645,0.4542,72.41,TIER_2_STANDARD_TRUST,train
3760,0,0.0032,0.7996,0.9136,0.8581,0.1679,60.45,TIER_3_RESTRICTED_CAUTION,test
3761,1,0.953,0.1018,0.8917,0.3533,0.436,5.22,TIER_4_QUARANTINE_FRAUD,train
3762,0,0.2846,0.5468,0.8275,0.8387,0.1414,50.6,TIER_3_RESTRICTED_CAUTION,test
3763,0,0.4254,0.5091,0.9218,0.5836,0.1042,42.73,TIER_4_QUARANTINE_FRAUD,test
3764,0,0.6347,0.3295,0.8582,0.9617,0.1734,32.39,TIER_4_QUARANTINE_FRAUD,train
3765,0,0.8347,0.1806,0.8699,0.6765,0.0988,10.53,TIER_4_QUARANTINE_FRAUD,val
3766,0,0.2434,0.6355,0.9246,0.8212,0.6496,71.58,TIER_2_STANDARD_TRUST,val
3767,0,0.0625,0.7771,0.9003,0.8012,0.4432,67.86,TIER_2_STANDARD_TRUST,val
3768,0,0.0791,0.745,0.9145,0.9027,0.0098,54.41,TIER_3_RESTRICTED_CAUTION,test
3769,0,0.0049,0.9725,0.9308,0.9758,0.402,76.95,TIER_2_STANDARD_TRUST,test
3770,0,0.0045,0.9797,0.9361,0.7986,0.43,73.77,TIER_2_STANDARD_TRUST,test
3771,0,0.0954,0.863,0.9254,0.7432,0.4921,70.95,TIER_2_STANDARD_TRUST,test
3772,0,0.8188,0.1979,0.9043,0.525,0.0303,10.03,TIER_4_QUARANTINE_FRAUD,val
3773,0,0.0133,0.8074,0.8649,0.7634,0.4464,67.58,TIER_2_STANDARD_TRUST,train
3774,0,0.1484,0.6998,0.8961,0.7928,0.1117,53.68,TIER_3_RESTRICTED_CAUTION,train
3775,0,0.0796,0.8656,0.9171,0.7667,0.4517,70.12,TIER_2_STANDARD_TRUST,train
3776,0,0.6852,0.2907,0.9146,0.7219,0.0755,21.85,TIER_4_QUARANTINE_FRAUD,test
3777,0,0.1099,0.7537,0.916,0.7718,0.454,66.96,TIER_2_STANDARD_TRUST,val
3778,0,0.0935,0.7001,0.9293,0.7961,0.0128,50.65,TIER_3_RESTRICTED_CAUTION,train
3779,1,0.9573,0.0871,0.7878,0.779,0.1225,4.05,TIER_4_QUARANTINE_FRAUD,train
3780,1,0.9419,0.1139,0.8485,0.4927,0.1407,4.88,TIER_4_QUARANTINE_FRAUD,train
3781,0,0.1447,0.7076,0.8993,0.7799,0.4351,64.95,TIER_3_RESTRICTED_CAUTION,test
3782,0,0.3217,0.5797,0.8688,0.8574,0.4495,63.25,TIER_3_RESTRICTED_CAUTION,train
3783,0,0.1573,0.7852,0.9098,0.7138,0.1152,54.53,TIER_3_RESTRICTED_CAUTION,train
3784,0,0.0711,0.785,0.8988,0.7189,0.5233,68.83,TIER_2_STANDARD_TRUST,train
3785,0,0.101,0.731,0.8758,0.7913,0.0921,53.7,TIER_3_RESTRICTED_CAUTION,train
3786,1,0.6455,0.4536,0.8617,0.695,0.4612,55.74,TIER_3_RESTRICTED_CAUTION,train
3787,1,0.9537,0.2079,0.8786,1.0,0.1184,16.19,TIER_4_QUARANTINE_FRAUD,test
3788,0,0.7641,0.2457,0.84,0.735,0.0647,16.58,TIER_4_QUARANTINE_FRAUD,val
3789,0,0.0034,0.8007,0.9246,0.8862,0.1242,59.77,TIER_3_RESTRICTED_CAUTION,train
3790,0,0.0404,0.7749,0.8804,0.815,0.1265,56.85,TIER_3_RESTRICTED_CAUTION,train
3791,0,0.0009,0.9791,0.9094,0.8605,0.4767,76.66,TIER_2_STANDARD_TRUST,train
3792,0,0.9221,0.126,0.8558,0.462,0.1218,5.38,TIER_4_QUARANTINE_FRAUD,test
3793,0,0.7912,0.1612,0.6169,0.98,0.204,11.23,TIER_4_QUARANTINE_FRAUD,train
3794,0,0.8961,0.1308,0.7836,0.2036,0.0276,3.57,TIER_4_QUARANTINE_FRAUD,train
3795,0,0.1886,0.6917,0.8923,0.9435,0.4764,69.94,TIER_2_STANDARD_TRUST,train
3796,1,0.9169,0.1186,0.8477,0.5279,0.1403,5.32,TIER_4_QUARANTINE_FRAUD,test
3797,0,0.3565,0.5399,0.8691,0.7968,0.1274,49.27,TIER_3_RESTRICTED_CAUTION,train
3798,0,0.877,0.1476,0.8672,0.7941,0.0995,8.56,TIER_4_QUARANTINE_FRAUD,val
3799,1,0.8063,0.2002,0.8965,0.6865,0.0635,11.99,TIER_4_QUARANTINE_FRAUD,train
3800,0,0.0038,0.9409,0.9084,0.8947,0.4195,74.36,TIER_2_STANDARD_TRUST,val
3801,0,0.0087,0.8108,0.8671,0.8186,0.1207,57.68,TIER_3_RESTRICTED_CAUTION,train
3802,0,0.6687,0.3003,0.9246,0.9837,0.2308,30.1,TIER_4_QUARANTINE_FRAUD,train
3803,0,0.001,0.8018,0.8983,0.9189,0.1557,61.46,TIER_3_RESTRICTED_CAUTION,train
3804,1,0.9746,0.0739,0.8928,0.7231,0.0516,2.96,TIER_4_QUARANTINE_FRAUD,train
3805,0,0.0045,0.9309,0.9445,0.8041,0.4262,72.39,TIER_2_STANDARD_TRUST,test
3806,1,0.9294,0.13,0.8768,0.7896,0.1121,7.24,TIER_4_QUARANTINE_FRAUD,train
3807,0,0.6949,0.3182,0.833,0.7497,0.4374,33.09,TIER_4_QUARANTINE_FRAUD,train
3808,0,0.0013,0.9904,0.9329,0.9134,0.4651,78.16,TIER_2_STANDARD_TRUST,test
3809,1,0.6328,0.366,0.8985,0.689,0.1113,31.41,TIER_4_QUARANTINE_FRAUD,test
3810,1,0.839,0.1734,0.7255,0.7983,0.1321,10.72,TIER_4_QUARANTINE_FRAUD,train
3811,1,0.9481,0.123,0.9006,1.0,0.55,10.54,TIER_4_QUARANTINE_FRAUD,test
3812,1,0.7316,0.2576,0.827,0.6336,0.1063,17.22,TIER_4_QUARANTINE_FRAUD,train
3813,0,0.8748,0.2562,0.8637,0.6206,0.0622,16.35,TIER_4_QUARANTINE_FRAUD,val
3814,0,0.849,0.1682,0.8773,0.6909,0.1012,9.64,TIER_4_QUARANTINE_FRAUD,train
3815,1,0.892,0.1369,0.8618,0.5722,0.1142,6.61,TIER_4_QUARANTINE_FRAUD,val
3816,0,0.0065,0.9107,0.927,0.8881,0.4359,74.05,TIER_2_STANDARD_TRUST,train
3817,0,0.0081,0.8032,0.8386,0.8183,0.137,57.73,TIER_3_RESTRICTED_CAUTION,train
3818,0,0.3276,0.5582,0.8875,0.9925,0.2564,59.41,TIER_3_RESTRICTED_CAUTION,test
3819,0,0.9127,0.1184,0.7505,0.1382,0.0159,2.66,TIER_4_QUARANTINE_FRAUD,test
3820,0,0.0031,0.8789,0.9294,0.9198,0.109,62.47,TIER_3_RESTRICTED_CAUTION,train
3821,1,0.4801,0.4476,0.8762,1.0,0.1215,51.08,TIER_3_RESTRICTED_CAUTION,train
3822,0,0.914,0.119,0.8245,0.2591,0.0182,3.36,TIER_4_QUARANTINE_FRAUD,train
3823,0,0.5792,0.4043,0.9231,0.8238,0.4456,50.07,TIER_3_RESTRICTED_CAUTION,test
3824,0,0.0042,0.8031,0.8993,0.8061,0.1152,57.27,TIER_3_RESTRICTED_CAUTION,train
3825,0,0.1403,0.6991,0.9285,0.9203,0.199,60.23,TIER_3_RESTRICTED_CAUTION,test
3826,0,0.9184,0.1507,0.8579,0.5926,0.4612,10.63,TIER_4_QUARANTINE_FRAUD,train
3827,0,0.2069,0.6006,0.8409,0.8127,0.1245,51.1,TIER_3_RESTRICTED_CAUTION,train
3828,0,0.3411,0.5835,0.8999,0.8367,0.4969,64.81,TIER_3_RESTRICTED_CAUTION,val
3829,0,0.1036,0.8541,0.9128,0.7619,0.5475,72.96,TIER_2_STANDARD_TRUST,val
3830,1,0.0087,0.8029,0.883,0.7472,0.1407,56.52,TIER_3_RESTRICTED_CAUTION,train
3831,0,0.8458,0.2741,0.859,0.7684,0.4538,27.25,TIER_4_QUARANTINE_FRAUD,train
3832,1,0.7766,0.2259,0.8556,0.8519,0.1907,17.68,TIER_4_QUARANTINE_FRAUD,test
3833,0,0.5765,0.4066,0.8787,0.8,0.5317,52.24,TIER_3_RESTRICTED_CAUTION,train
3834,0,0.0154,0.7963,0.9051,0.9,0.1744,61.54,TIER_3_RESTRICTED_CAUTION,val
3835,0,0.1796,0.6849,0.8947,0.7831,0.0982,52.51,TIER_3_RESTRICTED_CAUTION,train
3836,0,0.0045,0.926,0.9154,0.8034,0.1894,63.65,TIER_3_RESTRICTED_CAUTION,train
3837,1,0.5547,0.3903,0.8584,0.7657,0.0965,35.59,TIER_4_QUARANTINE_FRAUD,train
3838,1,0.8688,0.1634,0.8472,0.3672,0.0346,6.37,TIER_4_QUARANTINE_FRAUD,train
3839,1,0.9195,0.1148,0.8201,0.4836,0.0469,4.3,TIER_4_QUARANTINE_FRAUD,train
3840,0,0.0068,0.7966,0.9203,0.8553,0.0993,57.96,TIER_3_RESTRICTED_CAUTION,train
3841,0,0.4232,0.489,0.8682,0.8225,0.0948,47.23,TIER_3_RESTRICTED_CAUTION,test
3842,0,0.2523,0.7502,0.9171,0.7386,0.9566,83.62,TIER_1_VERIFIED_SAFE,train
3843,0,0.1722,0.7117,0.9079,1.0,0.0117,55.84,TIER_3_RESTRICTED_CAUTION,train
3844,0,0.0038,0.9056,0.9215,0.8083,0.1269,61.03,TIER_3_RESTRICTED_CAUTION,test
3845,0,0.1192,0.6746,0.8679,0.7982,0.1568,54.36,TIER_3_RESTRICTED_CAUTION,train
3846,0,0.4938,0.5313,0.9231,0.7211,0.152,48.52,TIER_3_RESTRICTED_CAUTION,train
3847,1,0.8826,0.1682,0.8453,0.9198,0.0287,10.43,TIER_4_QUARANTINE_FRAUD,val
3848,0,0.0077,0.8106,0.9241,0.7983,0.0885,56.62,TIER_3_RESTRICTED_CAUTION,train
3849,1,0.6629,0.3321,0.8559,0.7336,0.1265,27.82,TIER_4_QUARANTINE_FRAUD,test
3850,1,0.8514,0.1224,0.8356,0.639,0.1129,5.88,TIER_4_QUARANTINE_FRAUD,train
3851,0,0.0051,0.7988,0.9184,0.8742,0.1046,58.67,TIER_3_RESTRICTED_CAUTION,test
3852,0,0.7536,0.2461,0.8735,0.667,0.1012,16.58,TIER_4_QUARANTINE_FRAUD,train
3853,0,0.1941,0.6662,0.8516,0.8846,0.1111,54.51,TIER_3_RESTRICTED_CAUTION,train
3854,0,0.0054,0.9152,0.9412,0.8943,0.4372,74.53,TIER_2_STANDARD_TRUST,test
3855,0,0.3581,0.5755,0.9009,0.7444,0.4977,62.3,TIER_3_RESTRICTED_CAUTION,train
3856,1,0.9221,0.1156,0.8914,0.674,0.0445,5.26,TIER_4_QUARANTINE_FRAUD,train
3857,0,0.1399,0.724,0.926,0.7662,0.6274,72.09,TIER_2_STANDARD_TRUST,train
3858,0,0.0107,0.7986,0.9248,0.7953,0.1147,57.1,TIER_3_RESTRICTED_CAUTION,train
3859,1,0.966,0.042,0.8416,0.6938,0.1254,1.44,TIER_4_QUARANTINE_FRAUD,test
3860,1,0.9143,0.1339,0.8825,0.785,0.0727,7.24,TIER_4_QUARANTINE_FRAUD,train
3861,1,0.8982,0.1373,0.8166,0.4141,0.1182,5.72,TIER_4_QUARANTINE_FRAUD,val
3862,1,0.9197,0.1432,0.87,0.8838,0.4352,11.35,TIER_4_QUARANTINE_FRAUD,train
3863,0,0.1716,0.6913,0.9272,0.6758,0.1653,52.69,TIER_3_RESTRICTED_CAUTION,train
3864,1,0.9624,0.0901,0.8817,0.6426,0.0393,3.58,TIER_4_QUARANTINE_FRAUD,train
3865,0,0.5125,0.3698,0.843,0.6844,0.056,29.91,TIER_4_QUARANTINE_FRAUD,train
3866,0,0.011,0.9083,0.9003,0.7675,0.6472,78.09,TIER_2_STANDARD_TRUST,test
3867,0,0.4799,0.4752,0.866,0.7555,0.0983,45.25,TIER_3_RESTRICTED_CAUTION,train
3868,0,0.8817,0.1584,0.9243,0.5088,0.4451,10.88,TIER_4_QUARANTINE_FRAUD,test
3869,0,0.0805,0.7452,0.8306,0.6528,0.1091,50.8,TIER_3_RESTRICTED_CAUTION,train
3870,1,0.886,0.1409,0.8429,0.5973,0.113,6.97,TIER_4_QUARANTINE_FRAUD,train
3871,1,0.7067,0.2923,0.8586,0.7581,0.4889,30.48,TIER_4_QUARANTINE_FRAUD,val
3872,1,0.5685,0.3768,0.8466,0.1838,0.0166,19.8,TIER_4_QUARANTINE_FRAUD,val
3873,0,0.0104,0.8202,0.9273,0.9044,0.0872,59.54,TIER_3_RESTRICTED_CAUTION,train
3874,0,0.5437,0.4134,0.8868,0.7652,0.1481,40.82,TIER_4_QUARANTINE_FRAUD,val
3875,0,0.6625,0.4047,0.9254,0.5783,0.1278,35.13,TIER_4_QUARANTINE_FRAUD,train
3876,1,0.9653,0.0821,0.8271,0.6611,0.1273,3.47,TIER_4_QUARANTINE_FRAUD,train
3877,0,0.8275,0.2116,0.8952,0.6898,0.0829,13.29,TIER_4_QUARANTINE_FRAUD,train
3878,1,0.1715,0.6748,0.9039,0.7139,0.0674,49.49,TIER_3_RESTRICTED_CAUTION,train
3879,0,0.2031,0.6569,0.8585,0.8122,0.1366,53.38,TIER_3_RESTRICTED_CAUTION,val
3880,0,0.0024,0.9028,0.9098,0.7275,0.143,59.37,TIER_3_RESTRICTED_CAUTION,train
3881,0,0.0022,0.9032,0.9495,0.847,0.1143,61.77,TIER_3_RESTRICTED_CAUTION,test
3882,0,0.8933,0.1375,0.8793,0.7636,0.1237,7.78,TIER_4_QUARANTINE_FRAUD,train
3883,1,0.9575,0.0943,0.8576,0.7261,0.1309,4.47,TIER_4_QUARANTINE_FRAUD,test
3884,1,0.7746,0.2408,0.8666,0.6404,0.4473,21.1,TIER_4_QUARANTINE_FRAUD,train
3885,0,0.1642,0.6811,0.8806,0.8795,0.1119,55.14,TIER_3_RESTRICTED_CAUTION,train
3886,1,0.9093,0.1037,0.8002,0.7,0.0296,4.4,TIER_4_QUARANTINE_FRAUD,train
3887,1,0.9414,0.1277,0.8314,0.5925,0.4516,8.31,TIER_4_QUARANTINE_FRAUD,train
3888,0,0.3527,0.4896,0.8655,0.8978,0.1097,49.63,TIER_3_RESTRICTED_CAUTION,train
3889,0,0.8536,0.1131,0.8298,0.6894,0.1506,5.68,TIER_4_QUARANTINE_FRAUD,train
3890,0,0.0429,0.89,0.8833,0.7775,0.1546,60.38,TIER_3_RESTRICTED_CAUTION,train
3891,1,0.8978,0.1355,0.8962,0.5265,0.4694,8.95,TIER_4_QUARANTINE_FRAUD,train
3892,0,0.0103,0.9135,0.9438,0.8548,0.4212,72.96,TIER_2_STANDARD_TRUST,train
3893,0,0.4463,0.488,0.8449,0.7883,0.4933,60.06,TIER_3_RESTRICTED_CAUTION,train
3894,0,0.3636,0.5639,0.9026,0.8233,0.4227,61.32,TIER_3_RESTRICTED_CAUTION,val
3895,0,0.5718,0.4088,0.8688,0.7534,0.0931,37.99,TIER_4_QUARANTINE_FRAUD,train
3896,0,0.0073,0.7985,0.9226,0.8723,0.1463,60.11,TIER_3_RESTRICTED_CAUTION,train
3897,0,0.136,0.8128,0.9361,0.9823,0.6579,81.33,TIER_1_VERIFIED_SAFE,train
3898,0,0.0087,0.7983,0.8909,0.8159,0.1274,57.71,TIER_3_RESTRICTED_CAUTION,train
3899,1,0.9456,0.0953,0.7929,1.0,0.0712,5.09,TIER_4_QUARANTINE_FRAUD,test
3900,0,0.0022,0.9093,0.9256,0.8767,0.1509,63.73,TIER_3_RESTRICTED_CAUTION,train
3901,1,0.9218,0.1267,0.8956,0.69,0.1542,6.82,TIER_4_QUARANTINE_FRAUD,train
3902,0,0.9196,0.1231,0.8151,0.6362,0.0654,5.57,TIER_4_QUARANTINE_FRAUD,train
3903,1,0.8315,0.2147,0.8738,1.0,0.5148,22.23,TIER_4_QUARANTINE_FRAUD,train
3904,1,0.9642,0.0805,0.7928,0.5801,0.1119,3.07,TIER_4_QUARANTINE_FRAUD,train
3905,1,0.9353,0.1081,0.893,1.0,0.1083,6.42,TIER_4_QUARANTINE_FRAUD,test
3906,0,0.052,0.7641,0.9198,0.9196,0.1211,59.35,TIER_3_RESTRICTED_CAUTION,test
3907,0,0.1213,0.7496,0.92,0.8567,0.5072,70.86,TIER_2_STANDARD_TRUST,test
3908,1,0.9648,0.0282,0.7055,0.7113,0.109,0.81,TIER_4_QUARANTINE_FRAUD,val
3909,0,0.0016,0.9324,0.8608,0.8718,0.4415,73.83,TIER_2_STANDARD_TRUST,train
3910,1,0.9827,0.0735,0.8957,0.4724,0.124,2.59,TIER_4_QUARANTINE_FRAUD,train
3911,0,0.8685,0.1517,0.8957,0.2811,0.029,5.24,TIER_4_QUARANTINE_FRAUD,train
3912,0,0.002,0.9081,0.9335,0.9282,0.4295,74.82,TIER_2_STANDARD_TRUST,train
3913,0,0.7185,0.2922,0.9115,0.6057,0.0361,19.56,TIER_4_QUARANTINE_FRAUD,train
3914,1,0.7789,0.2221,0.8694,0.4106,0.0289,10.64,TIER_4_QUARANTINE_FRAUD,train
3915,0,0.0237,0.8135,0.8533,0.7676,0.4323,67.26,TIER_2_STANDARD_TRUST,train
3916,1,0.8669,0.1529,0.8596,0.1975,0.0252,4.67,TIER_4_QUARANTINE_FRAUD,train
3917,0,0.1556,0.7975,0.8855,0.8893,0.4771,71.71,TIER_2_STANDARD_TRUST,test
3918,0,0.004,0.8137,0.8537,0.811,0.1275,57.68,TIER_3_RESTRICTED_CAUTION,val
3919,0,0.0018,0.8101,0.8951,0.9299,0.1436,61.53,TIER_3_RESTRICTED_CAUTION,train
3920,0,0.9134,0.1291,0.9085,0.5865,0.0354,5.69,TIER_4_QUARANTINE_FRAUD,train
3921,0,0.0779,0.8795,0.9177,0.8008,0.9554,89.02,TIER_1_VERIFIED_SAFE,train
3922,1,0.8936,0.1709,0.8778,0.7182,0.4756,13.77,TIER_4_QUARANTINE_FRAUD,train
3923,0,0.0017,0.9379,0.9073,0.8999,0.4484,75.4,TIER_2_STANDARD_TRUST,train
3924,1,0.8546,0.1633,0.8341,0.7481,0.0377,8.9,TIER_4_QUARANTINE_FRAUD,val
3925,0,0.0516,0.8027,0.9174,0.8247,0.4565,69.85,TIER_2_STANDARD_TRUST,val
3926,0,0.4501,0.4647,0.8374,0.8064,0.118,46.6,TIER_3_RESTRICTED_CAUTION,train
3927,0,0.4841,0.4404,0.871,0.8239,0.0942,44.56,TIER_4_QUARANTINE_FRAUD,train
3928,0,0.0048,0.9001,0.9293,0.8481,0.1287,62.0,TIER_3_RESTRICTED_CAUTION,train
3929,0,0.3075,0.5784,0.8608,0.7722,0.1294,49.79,TIER_3_RESTRICTED_CAUTION,val
3930,0,0.3573,0.5455,0.8944,0.8846,0.1397,52.31,TIER_3_RESTRICTED_CAUTION,val
3931,1,0.839,0.1852,0.8299,0.6243,0.1428,10.87,TIER_4_QUARANTINE_FRAUD,val
3932,0,0.0284,0.7999,0.927,0.7382,0.1475,56.88,TIER_3_RESTRICTED_CAUTION,train
3933,0,0.1627,0.6824,0.9202,0.93,0.2026,60.02,TIER_3_RESTRICTED_CAUTION,train
3934,0,0.875,0.1774,0.8518,0.7615,0.423,14.22,TIER_4_QUARANTINE_FRAUD,train
3935,0,0.4639,0.4855,0.8356,0.903,0.4461,61.11,TIER_3_RESTRICTED_CAUTION,val
3936,1,0.9797,0.0728,0.8204,0.5127,0.1231,2.58,TIER_4_QUARANTINE_FRAUD,train
3937,0,0.0037,0.8127,0.8574,0.7852,0.1017,56.15,TIER_3_RESTRICTED_CAUTION,test
3938,0,0.4549,0.4774,0.8699,0.8459,0.113,48.12,TIER_3_RESTRICTED_CAUTION,train
3939,0,0.8008,0.2061,0.9174,0.419,0.0192,9.61,TIER_4_QUARANTINE_FRAUD,train
3940,0,0.7362,0.2308,0.8631,0.8713,0.113,17.33,TIER_4_QUARANTINE_FRAUD,train
3941,0,0.2981,0.5818,0.8846,0.8559,0.1978,54.62,TIER_3_RESTRICTED_CAUTION,train
3942,1,0.9425,0.0971,0.8085,0.475,0.0348,3.28,TIER_4_QUARANTINE_FRAUD,train
3943,1,0.8878,0.1391,0.8288,0.2526,0.0195,4.23,TIER_4_QUARANTINE_FRAUD,train
3944,0,0.0517,0.8662,0.912,0.7568,0.1205,58.24,TIER_3_RESTRICTED_CAUTION,train
3945,0,0.0018,0.9398,0.9275,0.9387,0.4162,75.51,TIER_2_STANDARD_TRUST,train
3946,1,0.7995,0.2126,0.8297,0.6567,0.0308,12.14,TIER_4_QUARANTINE_FRAUD,train
3947,0,0.8698,0.1422,0.9093,0.6157,0.1003,7.22,TIER_4_QUARANTINE_FRAUD,val
3948,0,0.0143,0.791,0.8854,0.8025,0.1105,56.52,TIER_3_RESTRICTED_CAUTION,train
3949,0,0.8832,0.1444,0.8827,1.0,0.1738,10.1,TIER_4_QUARANTINE_FRAUD,train
3950,0,0.0007,0.9326,0.9299,0.8833,0.4785,76.11,TIER_2_STANDARD_TRUST,train
3951,1,0.9392,0.1168,0.8658,0.5436,0.1483,5.36,TIER_4_QUARANTINE_FRAUD,train
3952,0,0.6405,0.3233,0.8188,0.8422,0.162,29.03,TIER_4_QUARANTINE_FRAUD,train
3953,0,0.9502,0.0907,0.8397,0.6808,0.1621,4.21,TIER_4_QUARANTINE_FRAUD,val
3954,1,0.9632,0.0814,0.8812,0.5651,0.1317,3.25,TIER_4_QUARANTINE_FRAUD,train
3955,0,0.2562,0.6303,0.9196,0.6893,0.4237,60.17,TIER_3_RESTRICTED_CAUTION,train
3956,0,0.4623,0.46,0.8626,0.8458,0.1459,48.68,TIER_3_RESTRICTED_CAUTION,train
3957,0,0.045,0.8702,0.9097,0.7505,0.0458,55.57,TIER_3_RESTRICTED_CAUTION,test
3958,0,0.7603,0.2426,0.8416,0.7726,0.1114,17.43,TIER_4_QUARANTINE_FRAUD,test
3959,0,0.2273,0.6452,0.8639,0.186,0.1219,36.91,TIER_4_QUARANTINE_FRAUD,test
3960,1,0.9366,0.102,0.8948,0.8438,0.1179,5.41,TIER_4_QUARANTINE_FRAUD,train
3961,0,0.1443,0.7242,0.9136,0.7121,0.424,63.5,TIER_3_RESTRICTED_CAUTION,test
3962,0,0.0095,0.984,0.9337,0.8855,0.4203,75.7,TIER_2_STANDARD_TRUST,train
3963,0,0.0141,0.8029,0.9161,0.7421,0.1647,57.56,TIER_3_RESTRICTED_CAUTION,train
3964,0,0.6927,0.3006,0.8783,0.5545,0.1068,20.96,TIER_4_QUARANTINE_FRAUD,train
3965,0,0.5717,0.376,0.8735,0.8566,0.1471,36.88,TIER_4_QUARANTINE_FRAUD,train
3966,0,0.1841,0.7846,0.8997,0.8004,0.9756,86.69,TIER_1_VERIFIED_SAFE,train
3967,1,0.9864,0.1775,0.8905,0.588,0.4582,13.42,TIER_4_QUARANTINE_FRAUD,val
3968,0,0.0355,0.9173,0.9277,0.8031,0.457,72.87,TIER_2_STANDARD_TRUST,test
3969,0,0.9252,0.0627,0.8316,0.5829,0.0645,2.08,TIER_4_QUARANTINE_FRAUD,train
3970,0,0.6467,0.4506,0.8855,0.7718,0.5119,59.58,TIER_3_RESTRICTED_CAUTION,train
3971,1,0.8937,0.0984,0.7845,0.8208,0.1937,5.28,TIER_4_QUARANTINE_FRAUD,train
3972,0,0.8566,0.1857,0.9001,0.7676,0.1292,12.11,TIER_4_QUARANTINE_FRAUD,train
3973,0,0.2606,0.6234,0.874,0.71,0.0965,48.57,TIER_3_RESTRICTED_CAUTION,train
3974,1,0.9233,0.1132,0.8982,0.6758,0.0496,5.16,TIER_4_QUARANTINE_FRAUD,train
3975,0,0.7752,0.2515,0.9116,0.6974,0.4472,23.35,TIER_4_QUARANTINE_FRAUD,train
3976,0,0.5312,0.4064,0.9039,0.9941,0.1789,45.85,TIER_3_RESTRICTED_CAUTION,train
3977,0,0.0042,0.803,0.8801,0.8438,0.1189,58.15,TIER_3_RESTRICTED_CAUTION,train
3978,0,0.2998,0.6126,0.9187,0.7839,0.4817,64.02,TIER_3_RESTRICTED_CAUTION,train
3979,1,0.8789,0.1666,0.8278,0.6624,0.0317,8.51,TIER_4_QUARANTINE_FRAUD,val
3980,1,0.9783,0.095,0.8885,1.0,0.5507,7.42,TIER_4_QUARANTINE_FRAUD,test
3981,0,0.7108,0.2875,0.8656,0.6705,0.0837,20.66,TIER_4_QUARANTINE_FRAUD,train
3982,1,0.9708,0.0778,0.7876,0.7133,0.1145,3.27,TIER_4_QUARANTINE_FRAUD,train
3983,0,0.166,0.6789,0.8582,0.7671,0.0953,51.46,TIER_3_RESTRICTED_CAUTION,test
3984,0,0.6712,0.3165,0.9233,0.5076,0.0233,20.41,TIER_4_QUARANTINE_FRAUD,train
3985,0,0.5871,0.3645,0.8584,0.7593,0.0963,31.84,TIER_4_QUARANTINE_FRAUD,train
3986,0,0.8707,0.181,0.9068,0.6487,0.0541,9.98,TIER_4_QUARANTINE_FRAUD,test
3987,0,0.0732,0.747,0.8831,0.9347,0.1547,60.02,TIER_3_RESTRICTED_CAUTION,train
3988,0,0.304,0.5981,0.8365,0.8667,0.2141,55.47,TIER_3_RESTRICTED_CAUTION,train
3989,0,0.0033,0.9321,0.9093,0.9008,0.1671,65.43,TIER_2_STANDARD_TRUST,train
3990,1,0.7116,0.2976,0.8099,0.7734,0.4911,31.29,TIER_4_QUARANTINE_FRAUD,test
3991,1,0.9227,0.1278,0.8101,0.45,0.4303,7.45,TIER_4_QUARANTINE_FRAUD,test
3992,0,0.8035,0.2046,0.8463,0.8181,0.0768,13.55,TIER_4_QUARANTINE_FRAUD,train
3993,0,0.0013,0.9276,0.9358,0.8746,0.4611,75.19,TIER_2_STANDARD_TRUST,test
3994,0,0.0554,0.7952,0.9194,0.7734,0.5,69.89,TIER_2_STANDARD_TRUST,train
3995,0,0.29,0.6041,0.8676,0.7288,0.1659,50.82,TIER_3_RESTRICTED_CAUTION,test
3996,0,0.0027,0.9191,0.88,0.8149,0.4718,73.26,TIER_2_STANDARD_TRUST,train
3997,0,0.0037,0.9351,0.9275,0.9014,0.4131,74.32,TIER_2_STANDARD_TRUST,train
3998,1,0.7112,0.2758,0.8993,0.6397,0.0345,18.24,TIER_4_QUARANTINE_FRAUD,train
3999,0,0.1535,0.8162,0.8586,0.8053,0.5185,71.35,TIER_2_STANDARD_TRUST,test
4000,0,0.0034,0.9397,0.9359,0.785,0.4352,72.41,TIER_2_STANDARD_TRUST,train
4001,1,0.9421,0.1036,0.8512,0.6487,0.1102,4.7,TIER_4_QUARANTINE_FRAUD,val
4002,0,0.0657,0.7575,0.9041,0.6606,0.0459,49.89,TIER_3_RESTRICTED_CAUTION,train
4003,0,0.0958,0.7405,0.9248,0.8194,0.1053,55.63,TIER_3_RESTRICTED_CAUTION,test
4004,0,0.5996,0.3875,0.9252,0.7837,0.1543,37.76,TIER_4_QUARANTINE_FRAUD,train
4005,0,0.0092,0.9757,0.9226,0.8811,0.4119,74.94,TIER_2_STANDARD_TRUST,train
4006,1,0.7868,0.2133,0.8992,0.2028,0.0268,8.11,TIER_4_QUARANTINE_FRAUD,val
4007,0,0.5112,0.4455,0.8807,0.8328,0.1524,47.69,TIER_3_RESTRICTED_CAUTION,train
4008,0,0.0621,0.7597,0.9215,0.7404,0.0291,51.53,TIER_3_RESTRICTED_CAUTION,train
4009,1,0.9173,0.1384,0.8027,0.7689,0.1393,7.84,TIER_4_QUARANTINE_FRAUD,train
4010,0,0.015,0.8216,0.912,0.8874,0.1427,60.95,TIER_3_RESTRICTED_CAUTION,train
4011,1,0.9334,0.0697,0.8102,0.6043,0.1031,2.56,TIER_4_QUARANTINE_FRAUD,val
4012,0,0.003,0.8019,0.9222,0.9046,0.1085,59.69,TIER_3_RESTRICTED_CAUTION,train
4013,1,0.8337,0.181,0.8748,0.5444,0.1343,9.94,TIER_4_QUARANTINE_FRAUD,train
4014,1,0.9706,0.0928,0.7967,0.6006,0.1257,3.87,TIER_4_QUARANTINE_FRAUD,train
4015,1,0.4241,0.4861,0.8954,0.8417,0.2136,52.06,TIER_3_RESTRICTED_CAUTION,test
4016,0,0.0077,0.8012,0.8776,0.8363,0.1041,57.36,TIER_3_RESTRICTED_CAUTION,test
4017,0,0.0608,0.76,0.868,0.7969,0.1293,55.93,TIER_3_RESTRICTED_CAUTION,val
4018,0,0.0095,0.7986,0.9309,0.848,0.1479,59.64,TIER_3_RESTRICTED_CAUTION,train
4019,1,0.9471,0.0645,0.8952,1.0,0.637,4.66,TIER_4_QUARANTINE_FRAUD,val
4020,0,0.0002,0.9402,0.9337,0.8564,0.4793,75.73,TIER_2_STANDARD_TRUST,test
4021,1,0.9188,0.1167,0.9028,0.44,0.025,4.22,TIER_4_QUARANTINE_FRAUD,train
4022,0,0.3507,0.5469,0.881,0.6623,0.0519,43.59,TIER_4_QUARANTINE_FRAUD,train
4023,0,0.4575,0.4688,0.8554,0.5851,0.0441,38.79,TIER_4_QUARANTINE_FRAUD,train
4024,0,0.0193,0.9299,0.9252,0.7503,0.1014,59.46,TIER_3_RESTRICTED_CAUTION,train
4025,1,0.8236,0.1975,0.8194,0.8192,0.0483,12.44,TIER_4_QUARANTINE_FRAUD,train
4026,0,0.0068,0.8111,0.9421,0.7995,0.122,58.01,TIER_3_RESTRICTED_CAUTION,train
4027,0,0.0144,0.8024,0.8962,0.8663,0.0929,57.94,TIER_3_RESTRICTED_CAUTION,val
4028,0,0.9191,0.1136,0.8018,0.2276,0.0224,2.99,TIER_4_QUARANTINE_FRAUD,test
4029,0,0.083,0.747,0.8833,0.8214,0.1289,56.29,TIER_3_RESTRICTED_CAUTION,train
4030,0,0.3245,0.5607,0.8841,0.9392,0.1218,53.41,TIER_3_RESTRICTED_CAUTION,train
4031,0,0.1812,0.8042,0.8996,0.9441,0.1043,60.38,TIER_3_RESTRICTED_CAUTION,test
4032,0,0.0034,0.8081,0.8881,0.8074,0.1346,58.02,TIER_3_RESTRICTED_CAUTION,train
4033,0,0.0083,0.9843,0.9406,0.8248,0.429,74.57,TIER_2_STANDARD_TRUST,train
4034,0,0.6188,0.3407,0.8653,0.8109,0.1247,30.31,TIER_4_QUARANTINE_FRAUD,train
4035,0,0.0132,0.909,0.9095,0.8051,0.126,60.9,TIER_3_RESTRICTED_CAUTION,train
4036,0,0.8934,0.1337,0.8177,0.1931,0.0254,3.7,TIER_4_QUARANTINE_FRAUD,val
4037,0,0.7216,0.2782,0.8594,0.6968,0.5077,27.9,TIER_4_QUARANTINE_FRAUD,train
4038,0,0.6953,0.2851,0.8759,0.6821,0.0973,20.87,TIER_4_QUARANTINE_FRAUD,test
4039,1,0.8251,0.1971,0.8836,0.6,0.4702,15.79,TIER_4_QUARANTINE_FRAUD,train
4040,0,0.392,0.5317,0.8723,0.8109,0.4744,61.55,TIER_3_RESTRICTED_CAUTION,test
4041,1,0.9792,0.0712,0.8864,1.0,0.0673,3.49,TIER_4_QUARANTINE_FRAUD,train
4042,0,0.0442,0.7227,0.8083,0.7607,0.1217,53.04,TIER_3_RESTRICTED_CAUTION,train
4043,0,0.0147,0.7929,0.9172,0.8767,0.0951,58.2,TIER_3_RESTRICTED_CAUTION,val
4044,1,0.1782,0.6822,0.8066,0.8533,0.1647,55.63,TIER_3_RESTRICTED_CAUTION,train
4045,0,0.6841,0.2962,0.88,0.9518,0.1435,27.0,TIER_4_QUARANTINE_FRAUD,train
4046,0,0.9075,0.0844,0.8811,0.4974,0.1386,3.25,TIER_4_QUARANTINE_FRAUD,test
4047,1,0.9599,0.042,0.8388,0.6312,0.144,1.4,TIER_4_QUARANTINE_FRAUD,train
4048,0,0.0013,0.8049,0.881,0.9089,0.1304,60.25,TIER_3_RESTRICTED_CAUTION,test
4049,0,0.0047,0.8154,0.8754,0.826,0.1172,57.97,TIER_3_RESTRICTED_CAUTION,train
4050,0,0.0004,0.9407,0.941,0.8966,0.4285,75.04,TIER_2_STANDARD_TRUST,test
4051,0,0.1083,0.7481,0.9203,0.8671,0.4887,70.43,TIER_2_STANDARD_TRUST,train
4052,0,0.0124,0.8103,0.913,0.7852,0.0266,54.0,TIER_3_RESTRICTED_CAUTION,train
4053,1,0.9305,0.1153,0.7979,0.733,0.1116,5.73,TIER_4_QUARANTINE_FRAUD,train
4054,1,0.8984,0.0812,0.8917,0.5231,0.0349,2.77,TIER_4_QUARANTINE_FRAUD,train
4055,0,0.4005,0.5301,0.8815,0.7915,0.0951,47.83,TIER_3_RESTRICTED_CAUTION,train
4056,1,0.7547,0.2454,0.8303,0.6362,0.1088,16.08,TIER_4_QUARANTINE_FRAUD,test
4057,0,0.1665,0.7811,0.8387,0.7729,0.1036,54.77,TIER_3_RESTRICTED_CAUTION,train
4058,0,0.7357,0.2593,0.8353,0.8209,0.0605,18.94,TIER_4_QUARANTINE_FRAUD,train
4059,0,0.3015,0.6065,0.932,0.7906,0.1235,51.6,TIER_3_RESTRICTED_CAUTION,train
4060,0,0.522,0.4117,0.9211,1.0,0.2197,48.33,TIER_3_RESTRICTED_CAUTION,train
4061,0,0.7297,0.3851,0.914,0.7699,0.5234,47.58,TIER_3_RESTRICTED_CAUTION,val
4062,0,0.3191,0.5671,0.8515,0.6605,0.147,47.18,TIER_3_RESTRICTED_CAUTION,val
4063,0,0.4719,0.5847,0.9226,0.7806,0.4688,62.69,TIER_3_RESTRICTED_CAUTION,train
4064,0,0.5151,0.4174,0.8686,0.8533,0.1381,42.97,TIER_4_QUARANTINE_FRAUD,train
4065,1,0.8464,0.1956,0.8571,0.5664,0.1149,11.05,TIER_4_QUARANTINE_FRAUD,test
4066,1,0.9501,0.096,0.8205,0.5587,0.1021,3.84,TIER_4_QUARANTINE_FRAUD,train
4067,0,0.0195,0.9041,0.8926,0.7362,0.0454,56.04,TIER_3_RESTRICTED_CAUTION,val
4068,1,0.6663,0.3276,0.8953,0.8043,0.4761,36.77,TIER_4_QUARANTINE_FRAUD,train
4069,0,0.083,0.7455,0.8489,0.804,0.0991,54.42,TIER_3_RESTRICTED_CAUTION,train
4070,1,0.3924,0.5102,0.903,0.865,0.115,49.99,TIER_3_RESTRICTED_CAUTION,train
4071,1,0.8985,0.111,0.8872,0.4188,0.039,3.89,TIER_4_QUARANTINE_FRAUD,test
4072,0,0.0816,0.7562,0.8671,0.8323,0.1232,56.48,TIER_3_RESTRICTED_CAUTION,train
4073,0,0.0214,0.8215,0.8926,0.8928,0.4314,70.99,TIER_2_STANDARD_TRUST,test
4074,0,0.1668,0.8151,0.9275,0.8792,0.4579,71.73,TIER_2_STANDARD_TRUST,train
4075,0,0.0065,0.8164,0.8987,0.8689,0.4466,70.83,TIER_2_STANDARD_TRUST,train
4076,0,0.4692,0.4564,0.8955,0.9803,0.2491,55.88,TIER_3_RESTRICTED_CAUTION,val
4077,1,0.9088,0.127,0.8982,0.5541,0.0474,5.46,TIER_4_QUARANTINE_FRAUD,train
4078,1,0.8654,0.1822,0.8974,0.584,0.0375,9.37,TIER_4_QUARANTINE_FRAUD,train
4079,0,0.2479,0.6455,0.9185,0.8454,0.5088,67.49,TIER_2_STANDARD_TRUST,train
4080,0,0.1127,0.7223,0.89,0.8375,0.1347,56.22,TIER_3_RESTRICTED_CAUTION,val
4081,0,0.0211,0.7947,0.8736,0.8657,0.136,58.98,TIER_3_RESTRICTED_CAUTION,test
4082,0,0.2795,0.5988,0.8655,0.834,0.1284,51.96,TIER_3_RESTRICTED_CAUTION,train
4083,1,0.9777,0.021,0.8103,0.6482,0.1069,0.53,TIER_4_QUARANTINE_FRAUD,test
4084,1,0.9798,0.1741,0.8863,1.0,0.0847,12.24,TIER_4_QUARANTINE_FRAUD,train
4085,0,0.0832,0.7423,0.8964,0.6173,0.1234,50.98,TIER_3_RESTRICTED_CAUTION,test
4086,1,0.1515,0.7044,0.8932,0.8389,0.115,55.07,TIER_3_RESTRICTED_CAUTION,train
4087,0,0.8378,0.1734,0.8465,0.8856,0.1444,11.82,TIER_4_QUARANTINE_FRAUD,train
4088,0,0.2952,0.6684,0.9218,0.8883,0.4487,67.18,TIER_2_STANDARD_TRUST,train
4089,0,0.3545,0.6652,0.9214,0.7481,0.501,65.41,TIER_2_STANDARD_TRUST,train
4090,0,0.2194,0.7568,0.8616,0.8356,0.6532,75.07,TIER_2_STANDARD_TRUST,test
4091,0,0.0127,0.9314,0.9446,0.8134,0.533,76.37,TIER_2_STANDARD_TRUST,train
4092,0,0.0454,0.7739,0.9104,0.9317,0.1439,60.65,TIER_3_RESTRICTED_CAUTION,test
4093,0,0.2464,0.6298,0.9165,0.6565,0.1072,48.22,TIER_3_RESTRICTED_CAUTION,train
4094,0,0.0057,0.8029,0.899,0.838,0.2176,61.64,TIER_3_RESTRICTED_CAUTION,test
4095,1,0.8845,0.1534,0.7929,0.7002,0.1254,8.5,TIER_4_QUARANTINE_FRAUD,test
4096,1,0.8393,0.1843,0.8771,0.6656,0.1586,11.43,TIER_4_QUARANTINE_FRAUD,val
4097,0,0.0022,0.9369,0.9237,0.8506,0.4478,74.28,TIER_2_STANDARD_TRUST,train
4098,0,0.005,0.7984,0.8779,0.9033,0.1218,59.58,TIER_3_RESTRICTED_CAUTION,test
4099,1,0.8805,0.1436,0.8453,0.6594,0.1047,7.45,TIER_4_QUARANTINE_FRAUD,test
4100,0,0.0021,0.8016,0.9304,0.8956,0.1129,59.7,TIER_3_RESTRICTED_CAUTION,train
4101,1,0.9531,0.1015,0.8934,1.0,0.9647,10.21,TIER_4_QUARANTINE_FRAUD,train
4102,0,0.332,0.554,0.8631,0.7836,0.1091,48.66,TIER_3_RESTRICTED_CAUTION,train
4103,1,0.8949,0.1535,0.862,0.416,0.0341,6.13,TIER_4_QUARANTINE_FRAUD,val
4104,0,0.2225,0.6593,0.8999,0.7641,0.0948,51.2,TIER_3_RESTRICTED_CAUTION,train
4105,0,0.0044,0.9329,0.9193,0.8286,0.4809,74.73,TIER_2_STANDARD_TRUST,test
4106,0,0.8433,0.1806,0.8644,0.7106,0.0996,10.77,TIER_4_QUARANTINE_FRAUD,test
4107,0,0.0375,0.7793,0.908,0.887,0.0702,57.09,TIER_3_RESTRICTED_CAUTION,train
4108,1,0.7858,0.2417,0.8762,0.65,0.0783,15.6,TIER_4_QUARANTINE_FRAUD,val
4109,0,0.0641,0.7554,0.9151,0.8803,0.1155,57.86,TIER_3_RESTRICTED_CAUTION,train
4110,0,0.0045,0.8001,0.8716,0.7382,0.1147,55.19,TIER_3_RESTRICTED_CAUTION,test
4111,0,0.0064,0.881,0.9299,0.8089,0.1193,60.12,TIER_3_RESTRICTED_CAUTION,train
4112,0,0.1348,0.8164,0.9266,0.7359,0.4688,68.56,TIER_2_STANDARD_TRUST,train
4113,0,0.1072,0.8227,0.9186,0.8303,0.1212,58.87,TIER_3_RESTRICTED_CAUTION,val
4114,1,0.9564,0.1218,0.8793,1.0,0.1001,7.49,TIER_4_QUARANTINE_FRAUD,test
4115,0,0.8243,0.2084,0.812,0.8278,0.1306,14.57,TIER_4_QUARANTINE_FRAUD,test
4116,1,0.5277,0.4135,0.8941,0.6037,0.165,37.82,TIER_4_QUARANTINE_FRAUD,val
4117,0,0.0108,0.796,0.9458,0.8226,0.1586,59.46,TIER_3_RESTRICTED_CAUTION,train
4118,0,0.0034,0.8212,0.9281,0.8264,0.1316,59.18,TIER_3_RESTRICTED_CAUTION,train
4119,0,0.0087,0.8244,0.9245,0.8149,0.5458,73.45,TIER_2_STANDARD_TRUST,train
4120,0,0.3264,0.5615,0.8686,0.8416,0.097,49.96,TIER_3_RESTRICTED_CAUTION,train
4121,1,0.9263,0.1142,0.764,0.6,0.0338,4.58,TIER_4_QUARANTINE_FRAUD,train
4122,0,0.0023,0.8109,0.8543,0.7098,0.2632,59.83,TIER_3_RESTRICTED_CAUTION,train
4123,0,0.5938,0.387,0.8655,0.6221,0.4485,42.34,TIER_4_QUARANTINE_FRAUD,train
4124,0,0.8981,0.1331,0.7849,0.6967,0.1407,7.02,TIER_4_QUARANTINE_FRAUD,train
4125,0,0.0017,0.9028,0.9156,0.9096,0.0265,59.91,TIER_3_RESTRICTED_CAUTION,train
4126,0,0.7647,0.2605,0.9156,0.8661,0.1063,20.8,TIER_4_QUARANTINE_FRAUD,train
4127,1,0.9364,0.1137,0.8581,0.7757,0.1277,5.99,TIER_4_QUARANTINE_FRAUD,test
4128,1,0.9532,0.0998,0.8929,0.5386,0.0874,4.01,TIER_4_QUARANTINE_FRAUD,val
4129,0,0.0047,0.9892,0.9351,0.8527,0.4294,75.37,TIER_2_STANDARD_TRUST,test
4130,0,0.0076,0.8025,0.9176,0.8177,0.1132,57.65,TIER_3_RESTRICTED_CAUTION,val
4131,1,0.4777,0.4483,0.8513,1.0,0.1523,52.04,TIER_3_RESTRICTED_CAUTION,train
4132,0,0.3516,0.5412,0.8634,0.8517,0.1431,51.17,TIER_3_RESTRICTED_CAUTION,train
4133,0,0.7846,0.1801,0.8245,0.7694,0.1314,11.4,TIER_4_QUARANTINE_FRAUD,train
4134,0,0.3988,0.5062,0.8448,0.6267,0.0554,41.24,TIER_4_QUARANTINE_FRAUD,train
4135,0,0.7892,0.2422,0.87,0.6974,0.0948,16.41,TIER_4_QUARANTINE_FRAUD,train
4136,0,0.8355,0.2022,0.8353,0.7647,0.1155,13.29,TIER_4_QUARANTINE_FRAUD,test
4137,0,0.029,0.8029,0.8799,0.8762,0.1448,59.86,TIER_3_RESTRICTED_CAUTION,train
4138,1,0.94,0.1208,0.8988,0.3957,0.0322,4.27,TIER_4_QUARANTINE_FRAUD,train
4139,0,0.8965,0.1322,0.8029,0.78,0.0396,6.69,TIER_4_QUARANTINE_FRAUD,train
4140,0,0.2085,0.7687,0.9193,0.7621,0.0949,54.63,TIER_3_RESTRICTED_CAUTION,train
4141,0,0.5202,0.4146,0.861,0.7219,0.1283,39.18,TIER_4_QUARANTINE_FRAUD,train
4142,1,0.9835,0.0787,0.8846,0.5722,0.1191,3.08,TIER_4_QUARANTINE_FRAUD,train
4143,0,0.0055,0.8978,0.93,0.8333,0.1074,60.83,TIER_3_RESTRICTED_CAUTION,test
4144,1,0.9204,0.1139,0.8422,0.665,0.1506,5.65,TIER_4_QUARANTINE_FRAUD,val
4145,0,0.0049,0.8025,0.8684,0.8089,0.148,58.16,TIER_3_RESTRICTED_CAUTION,test
4146,0,0.2139,0.6734,0.915,0.5968,0.0378,45.6,TIER_3_RESTRICTED_CAUTION,train
4147,0,0.0766,0.7501,0.9148,0.8792,0.1306,58.2,TIER_3_RESTRICTED_CAUTION,train
4148,1,0.9591,0.058,0.8341,0.5642,0.1326,2.01,TIER_4_QUARANTINE_FRAUD,train
4149,0,0.4533,0.4918,0.8232,1.0,0.0094,48.32,TIER_3_RESTRICTED_CAUTION,train
4150,0,0.0042,0.916,0.9164,0.9673,0.0049,61.0,TIER_3_RESTRICTED_CAUTION,val
4151,0,0.2863,0.5872,0.9048,1.0,0.2313,59.76,TIER_3_RESTRICTED_CAUTION,train
4152,0,0.2087,0.6679,0.8396,0.7634,0.6524,70.35,TIER_2_STANDARD_TRUST,train
4153,0,0.0521,0.9024,0.9271,0.6992,0.4824,70.71,TIER_2_STANDARD_TRUST,train
4154,0,0.0029,0.8019,0.8518,0.8164,0.1261,57.4,TIER_3_RESTRICTED_CAUTION,train
4155,1,0.9491,0.0792,0.8112,0.6305,0.4336,4.33,TIER_4_QUARANTINE_FRAUD,train
4156,1,0.6799,0.3224,0.8427,0.7312,0.1001,25.86,TIER_4_QUARANTINE_FRAUD,train
4157,0,0.0046,0.931,0.9155,0.802,0.4288,72.14,TIER_2_STANDARD_TRUST,train
4158,0,0.5816,0.3693,0.851,0.9093,0.1677,37.27,TIER_4_QUARANTINE_FRAUD,train
4159,0,0.1398,0.7185,0.9206,1.0,0.666,79.07,TIER_2_STANDARD_TRUST,train
4160,1,0.8331,0.1786,0.8309,0.18,0.0425,5.91,TIER_4_QUARANTINE_FRAUD,test
4161,0,0.697,0.2856,0.9168,0.5522,0.0142,17.74,TIER_4_QUARANTINE_FRAUD,train
4162,0,0.5722,0.5092,0.9194,0.804,0.1534,49.94,TIER_3_RESTRICTED_CAUTION,train
4163,1,0.1511,0.7903,0.8791,0.9234,0.1249,59.96,TIER_3_RESTRICTED_CAUTION,train
4164,0,0.2504,0.7355,0.8654,0.784,0.4402,65.73,TIER_2_STANDARD_TRUST,test
4165,0,0.0087,0.9362,0.9044,0.9653,0.4203,75.97,TIER_2_STANDARD_TRUST,test
4166,1,0.8942,0.1046,0.8582,0.7071,0.036,4.6,TIER_4_QUARANTINE_FRAUD,train
4167,1,0.8547,0.1805,0.8464,0.7118,0.1008,10.73,TIER_4_QUARANTINE_FRAUD,val
4168,1,0.8683,0.1552,0.8508,0.6757,0.1025,8.43,TIER_4_QUARANTINE_FRAUD,train
4169,0,0.0033,0.8061,0.9228,0.9058,0.0161,56.62,TIER_3_RESTRICTED_CAUTION,train
4170,0,0.0683,0.7826,0.9152,0.8456,0.4733,70.33,TIER_2_STANDARD_TRUST,train
4171,0,0.0734,0.7859,0.9269,0.7783,0.5818,72.67,TIER_2_STANDARD_TRUST,train
4172,0,0.0002,0.9409,0.9213,0.8238,0.4297,73.08,TIER_2_STANDARD_TRUST,train
4173,0,0.7763,0.2248,0.8534,0.7309,0.0459,14.27,TIER_4_QUARANTINE_FRAUD,train
4174,1,0.839,0.1758,0.8512,0.5502,0.1074,9.22,TIER_4_QUARANTINE_FRAUD,test
4175,0,0.0066,0.9358,0.9238,0.9063,0.4116,74.38,TIER_2_STANDARD_TRUST,train
4176,0,0.0985,0.7576,0.9176,0.6333,0.6485,70.44,TIER_2_STANDARD_TRUST,train
4177,0,0.5946,0.31,0.8718,0.684,0.031,22.3,TIER_4_QUARANTINE_FRAUD,test
4178,1,0.9681,0.0831,0.8977,1.0,0.5231,6.1,TIER_4_QUARANTINE_FRAUD,train
4179,1,0.9289,0.0826,0.8552,0.7729,0.0352,3.49,TIER_4_QUARANTINE_FRAUD,train
4180,0,0.384,0.5287,0.8365,0.7761,0.1687,49.53,TIER_3_RESTRICTED_CAUTION,train
4181,0,0.1127,0.7475,0.8462,0.7257,0.1395,53.91,TIER_3_RESTRICTED_CAUTION,test
4182,0,0.4324,0.4801,0.8866,0.9196,0.1604,51.87,TIER_3_RESTRICTED_CAUTION,test
4183,1,0.977,0.024,0.8982,1.0,0.1131,0.85,TIER_4_QUARANTINE_FRAUD,train
4184,0,0.9041,0.1509,0.8477,0.7752,0.1257,8.89,TIER_4_QUARANTINE_FRAUD,train
4185,1,0.9689,0.0789,0.8991,0.7384,0.1168,3.53,TIER_4_QUARANTINE_FRAUD,val
4186,0,0.0026,0.8134,0.9152,0.9036,0.1017,59.7,TIER_3_RESTRICTED_CAUTION,train
4187,0,0.153,0.6935,0.8992,0.6252,0.0297,46.46,TIER_3_RESTRICTED_CAUTION,train
4188,0,0.2132,0.6805,0.855,0.8228,0.1261,53.95,TIER_3_RESTRICTED_CAUTION,train
4189,0,0.8184,0.2211,0.7652,0.6512,0.4554,18.46,TIER_4_QUARANTINE_FRAUD,train
4190,0,0.8698,0.1767,0.8677,0.7341,0.4557,14.32,TIER_4_QUARANTINE_FRAUD,test
4191,1,0.8846,0.1635,0.8918,0.5795,0.1266,8.78,TIER_4_QUARANTINE_FRAUD,val
4192,0,0.0036,0.9104,0.921,0.8928,0.0949,62.16,TIER_3_RESTRICTED_CAUTION,train
4193,0,0.2713,0.6021,0.9418,0.4947,0.0243,40.7,TIER_4_QUARANTINE_FRAUD,train
4194,0,0.9256,0.1085,0.7008,0.2979,0.0306,2.95,TIER_4_QUARANTINE_FRAUD,train
4195,0,0.0227,0.8895,0.9174,0.8445,0.1046,60.63,TIER_3_RESTRICTED_CAUTION,test
4196,0,0.0235,0.8844,0.961,0.8678,0.135,62.56,TIER_3_RESTRICTED_CAUTION,test
4197,1,0.9737,0.0942,0.8559,1.0,0.1275,5.35,TIER_4_QUARANTINE_FRAUD,train
4198,0,0.0076,0.9207,0.9201,0.8474,0.4938,75.29,TIER_2_STANDARD_TRUST,train
4199,1,0.9122,0.1485,0.8381,0.5785,0.1047,7.32,TIER_4_QUARANTINE_FRAUD,train
4200,0,0.0269,0.8091,0.9004,0.5592,0.0452,48.84,TIER_3_RESTRICTED_CAUTION,train
4201,0,0.9201,0.1272,0.8994,0.4746,0.0224,4.93,TIER_4_QUARANTINE_FRAUD,train
4202,0,0.2476,0.618,0.8362,0.7375,0.1426,50.33,TIER_3_RESTRICTED_CAUTION,train
4203,0,0.006,0.9292,0.8811,0.8846,0.503,76.41,TIER_2_STANDARD_TRUST,train
4204,0,0.4101,0.5326,0.8442,0.8186,0.4687,61.29,TIER_3_RESTRICTED_CAUTION,train
4205,1,0.7197,0.2872,0.8757,0.7998,0.1219,23.22,TIER_4_QUARANTINE_FRAUD,train
4206,0,0.0109,0.8046,0.8649,0.8476,0.128,58.46,TIER_3_RESTRICTED_CAUTION,train
4207,0,0.0068,0.7973,0.9089,0.8837,0.1111,58.99,TIER_3_RESTRICTED_CAUTION,train
4208,0,0.2979,0.5825,0.8723,0.8084,0.0942,49.71,TIER_3_RESTRICTED_CAUTION,val
4209,0,0.5938,0.3608,0.9278,0.995,0.0052,33.89,TIER_4_QUARANTINE_FRAUD,test
4210,0,0.9063,0.147,0.8553,0.8881,0.465,12.02,TIER_4_QUARANTINE_FRAUD,train
4211,0,0.055,0.8997,0.9354,0.8567,0.9592,91.34,TIER_1_VERIFIED_SAFE,val
4212,0,0.0191,0.8943,0.9021,0.7679,0.4761,71.71,TIER_2_STANDARD_TRUST,train
4213,0,0.2949,0.62,0.9178,0.7461,0.4449,62.0,TIER_3_RESTRICTED_CAUTION,test
4214,0,0.1768,0.8015,0.9277,0.693,0.571,70.63,TIER_2_STANDARD_TRUST,test
4215,0,0.4159,0.5173,0.8914,0.8214,0.1524,50.3,TIER_3_RESTRICTED_CAUTION,train
4216,1,0.9678,0.091,0.8931,0.2373,0.102,2.65,TIER_4_QUARANTINE_FRAUD,train
4217,0,0.0344,0.7808,0.8694,0.69,0.0998,52.86,TIER_3_RESTRICTED_CAUTION,test
4218,0,0.0264,0.9124,0.9013,0.7352,0.5456,73.86,TIER_2_STANDARD_TRUST,test
4219,0,0.3715,0.549,0.909,0.8542,0.5476,66.08,TIER_2_STANDARD_TRUST,train
4220,1,0.5785,0.4079,0.9086,0.458,0.4438,42.51,TIER_4_QUARANTINE_FRAUD,test
4221,1,0.9671,0.1053,0.9031,1.0,0.0646,5.97,TIER_4_QUARANTINE_FRAUD,train
4222,0,0.1741,0.8108,0.9149,0.995,0.4047,72.51,TIER_2_STANDARD_TRUST,train
4223,0,0.2682,0.6305,0.8597,0.8995,0.4595,66.08,TIER_2_STANDARD_TRUST,train
4224,0,0.0184,0.9211,0.8769,0.9321,0.9685,93.6,TIER_1_VERIFIED_SAFE,train
4225,1,0.8829,0.1435,0.85,0.653,0.0324,6.85,TIER_4_QUARANTINE_FRAUD,train
4226,1,0.8876,0.1396,0.7776,0.7351,0.1123,7.48,TIER_4_QUARANTINE_FRAUD,train
4227,0,0.3883,0.5348,0.8966,0.4365,0.0195,36.61,TIER_4_QUARANTINE_FRAUD,train
4228,0,0.0148,0.802,0.9203,0.6979,0.0096,51.05,TIER_3_RESTRICTED_CAUTION,train
4229,0,0.4957,0.4359,0.8546,0.7783,0.4847,55.69,TIER_3_RESTRICTED_CAUTION,test
4230,0,0.3955,0.51,0.871,0.7447,0.0908,45.81,TIER_3_RESTRICTED_CAUTION,val
4231,1,0.9264,0.0796,0.8205,0.6336,0.4413,4.4,TIER_4_QUARANTINE_FRAUD,train
4232,1,0.5311,0.42,0.6441,0.7691,0.0381,36.21,TIER_4_QUARANTINE_FRAUD,train
4233,0,0.0047,0.9887,0.9454,0.9336,0.454,78.35,TIER_2_STANDARD_TRUST,test
4234,1,0.8669,0.1623,0.8658,0.7455,0.0454,8.97,TIER_4_QUARANTINE_FRAUD,val
4235,0,0.3308,0.5974,0.9052,0.6767,0.5528,63.24,TIER_3_RESTRICTED_CAUTION,train
4236,0,0.1326,0.7062,0.8908,0.8301,0.1295,55.38,TIER_3_RESTRICTED_CAUTION,train
4237,0,0.0011,0.9097,0.9091,0.8509,0.0512,59.45,TIER_3_RESTRICTED_CAUTION,test
4238,0,0.0786,0.7753,0.9284,0.8715,0.4505,70.1,TIER_2_STANDARD_TRUST,val
4239,1,0.8984,0.1492,0.827,0.4041,0.033,5.72,TIER_4_QUARANTINE_FRAUD,train
4240,1,0.6986,0.2889,0.8565,0.6789,0.1048,21.29,TIER_4_QUARANTINE_FRAUD,train
4241,0,0.0093,0.9345,0.9174,0.8221,0.5245,76.12,TIER_2_STANDARD_TRUST,train
4242,0,0.0049,0.7995,0.9188,1.0,0.2068,65.41,TIER_2_STANDARD_TRUST,train
4243,0,0.6116,0.3543,0.8862,0.6066,0.0526,26.74,TIER_4_QUARANTINE_FRAUD,train
4244,1,0.8528,0.164,0.8386,0.6671,0.1099,9.11,TIER_4_QUARANTINE_FRAUD,train
4245,0,0.6159,0.3421,0.7958,0.693,0.1243,27.93,TIER_4_QUARANTINE_FRAUD,train
4246,0,0.4676,0.4655,0.9256,0.4475,0.55,53.66,TIER_3_RESTRICTED_CAUTION,train
4247,0,0.0182,0.7899,0.9527,0.8119,0.1272,57.97,TIER_3_RESTRICTED_CAUTION,test
4248,0,0.2638,0.7371,0.9237,0.7375,0.0983,53.23,TIER_3_RESTRICTED_CAUTION,train
4249,1,0.9271,0.1093,0.8812,0.7732,0.1339,5.74,TIER_4_QUARANTINE_FRAUD,train
4250,0,0.7943,0.2325,0.9005,0.7552,0.0669,15.77,TIER_4_QUARANTINE_FRAUD,val
4251,0,0.8627,0.1602,0.8901,0.6921,0.1188,9.18,TIER_4_QUARANTINE_FRAUD,train
4252,0,0.0514,0.8938,0.9257,0.6628,0.046,54.25,TIER_3_RESTRICTED_CAUTION,train
4253,1,0.9251,0.143,0.7981,0.7032,0.0967,7.49,TIER_4_QUARANTINE_FRAUD,test
4254,1,0.5807,0.3701,0.7216,0.7405,0.1226,31.9,TIER_4_QUARANTINE_FRAUD,train
4255,0,0.5067,0.4213,0.9049,0.8741,0.1332,44.25,TIER_4_QUARANTINE_FRAUD,train
4256,0,0.0041,0.9247,0.9272,0.8601,0.4058,72.72,TIER_2_STANDARD_TRUST,train
4257,0,0.005,0.9168,0.9205,0.8711,0.1304,63.05,TIER_3_RESTRICTED_CAUTION,val
4258,0,0.9537,0.0866,0.8829,0.7432,0.0168,3.59,TIER_4_QUARANTINE_FRAUD,test
4259,0,0.0159,0.8095,0.8687,0.787,0.1488,57.85,TIER_3_RESTRICTED_CAUTION,train
4260,0,0.0272,0.7907,0.8965,0.859,0.1497,59.4,TIER_3_RESTRICTED_CAUTION,train
4261,0,0.6295,0.341,0.9026,0.8893,0.1811,33.35,TIER_4_QUARANTINE_FRAUD,train
4262,1,0.3599,0.5395,0.8584,0.606,0.1461,45.03,TIER_3_RESTRICTED_CAUTION,train
4263,1,0.9352,0.1137,0.8306,0.7583,0.0459,5.4,TIER_4_QUARANTINE_FRAUD,train
4264,0,0.7859,0.2271,0.8914,0.7,0.1576,15.93,TIER_4_QUARANTINE_FRAUD,train
4265,0,0.2622,0.7448,0.9297,0.7677,0.491,68.02,TIER_2_STANDARD_TRUST,test
4266,0,0.846,0.2688,0.8422,0.3049,0.0348,12.96,TIER_4_QUARANTINE_FRAUD,test
4267,0,0.0104,0.8158,0.9272,0.8965,0.1144,60.16,TIER_3_RESTRICTED_CAUTION,train
4268,1,0.8209,0.1924,0.7031,0.8034,0.1252,12.34,TIER_4_QUARANTINE_FRAUD,test
4269,1,0.8253,0.2211,0.859,0.77,0.4472,19.9,TIER_4_QUARANTINE_FRAUD,train
4270,1,0.8533,0.1175,0.8626,0.4946,0.0381,4.51,TIER_4_QUARANTINE_FRAUD,train
4271,1,0.7938,0.2143,0.8506,0.6467,0.1226,13.49,TIER_4_QUARANTINE_FRAUD,val
4272,0,0.0202,0.8092,0.8934,0.8889,0.1296,59.97,TIER_3_RESTRICTED_CAUTION,train
4273,1,0.7229,0.2833,0.8215,0.6283,0.0386,18.51,TIER_4_QUARANTINE_FRAUD,train
4274,0,0.0113,0.8184,0.882,0.7363,0.1036,55.41,TIER_3_RESTRICTED_CAUTION,train
4275,0,0.8557,0.1631,0.9084,0.3017,0.0272,6.0,TIER_4_QUARANTINE_FRAUD,train
4276,0,0.9671,0.077,0.8464,0.515,0.1161,2.79,TIER_4_QUARANTINE_FRAUD,train
4277,0,0.0198,0.9199,0.9332,0.8034,0.4552,72.95,TIER_2_STANDARD_TRUST,val
4278,0,0.0387,0.7758,0.8874,0.9785,0.1444,61.67,TIER_3_RESTRICTED_CAUTION,train
4279,0,0.1855,0.6693,0.8732,0.925,0.1435,56.96,TIER_3_RESTRICTED_CAUTION,train
4280,0,0.0532,0.8909,0.9112,0.7263,0.1362,58.76,TIER_3_RESTRICTED_CAUTION,train
4281,0,0.0138,0.795,0.8934,0.6031,0.1309,52.44,TIER_3_RESTRICTED_CAUTION,train
4282,0,0.2168,0.7649,0.9124,0.6052,0.0462,48.82,TIER_3_RESTRICTED_CAUTION,test
4283,0,0.948,0.0963,0.8983,0.2601,0.0285,2.61,TIER_4_QUARANTINE_FRAUD,train
4284,0,0.0337,0.7865,0.9029,0.8341,0.0812,56.32,TIER_3_RESTRICTED_CAUTION,train
4285,0,0.3498,0.5432,0.8651,0.8074,0.1275,49.59,TIER_3_RESTRICTED_CAUTION,train
4286,0,0.0047,0.8117,0.9295,0.712,0.1219,55.71,TIER_3_RESTRICTED_CAUTION,test
4287,0,0.2274,0.636,0.8692,0.7546,0.1009,50.17,TIER_3_RESTRICTED_CAUTION,train
4288,1,0.9505,0.1146,0.8271,0.5441,0.0704,4.69,TIER_4_QUARANTINE_FRAUD,train
4289,0,0.0311,0.7964,0.8631,0.8846,0.0346,55.85,TIER_3_RESTRICTED_CAUTION,test
4290,0,0.3564,0.5456,0.9464,0.5877,0.0692,42.95,TIER_4_QUARANTINE_FRAUD,test
4291,0,0.8571,0.1606,0.9053,0.5407,0.0236,7.39,TIER_4_QUARANTINE_FRAUD,train
4292,0,0.036,0.8122,0.9191,0.7853,0.5039,70.82,TIER_2_STANDARD_TRUST,train
4293,1,0.2908,0.6164,0.863,0.8433,0.4361,63.47,TIER_3_RESTRICTED_CAUTION,train
4294,0,0.0954,0.7366,0.8756,0.7969,0.148,55.96,TIER_3_RESTRICTED_CAUTION,train
4295,1,0.9195,0.1357,0.9097,0.7306,0.0637,7.08,TIER_4_QUARANTINE_FRAUD,train
4296,1,0.8731,0.1525,0.7882,0.7294,0.1222,8.57,TIER_4_QUARANTINE_FRAUD,train
4297,0,0.0084,0.8144,0.9353,0.7275,0.4671,68.32,TIER_2_STANDARD_TRUST,val
4298,1,0.8986,0.1305,0.8752,0.6262,0.1212,6.52,TIER_4_QUARANTINE_FRAUD,train
4299,0,0.2464,0.7488,0.9261,0.7277,0.4932,67.18,TIER_2_STANDARD_TRUST,train
4300,1,0.621,0.3639,0.8361,0.6627,0.1315,30.69,TIER_4_QUARANTINE_FRAUD,train
4301,1,0.8665,0.128,0.8753,0.635,0.2076,6.97,TIER_4_QUARANTINE_FRAUD,train
4302,0,0.0568,0.7657,0.9055,0.6434,0.0447,49.68,TIER_3_RESTRICTED_CAUTION,val
4303,0,0.0054,0.8,0.8902,0.8154,0.1263,57.71,TIER_3_RESTRICTED_CAUTION,val
4304,0,0.6476,0.3189,0.8662,0.8083,0.1539,28.01,TIER_4_QUARANTINE_FRAUD,train
4305,0,0.5372,0.4062,0.8965,0.8164,0.4405,49.88,TIER_3_RESTRICTED_CAUTION,test
4306,0,0.7351,0.3507,0.9178,0.8627,0.1143,32.73,TIER_4_QUARANTINE_FRAUD,train
4307,0,0.2332,0.6159,0.9251,0.6862,0.0505,46.65,TIER_3_RESTRICTED_CAUTION,test
4308,1,0.9111,0.1199,0.7696,0.2378,0.0271,3.26,TIER_4_QUARANTINE_FRAUD,test
4309,0,0.0068,0.9295,0.9352,0.9068,0.4291,74.93,TIER_2_STANDARD_TRUST,train
4310,0,0.1993,0.6601,0.8516,0.7427,0.1366,51.67,TIER_3_RESTRICTED_CAUTION,test
4311,0,0.0539,0.8891,0.9152,0.7561,0.1451,59.8,TIER_3_RESTRICTED_CAUTION,train
4312,0,0.4917,0.4382,0.8955,0.3356,0.0483,31.08,TIER_4_QUARANTINE_FRAUD,train
4313,0,0.1649,0.7161,0.8375,0.8882,0.4302,67.12,TIER_2_STANDARD_TRUST,train
4314,0,0.0201,0.9287,0.9267,0.81,0.45,73.13,TIER_2_STANDARD_TRUST,train
4315,0,0.0479,0.7898,0.9092,0.8169,0.464,69.45,TIER_2_STANDARD_TRUST,train
4316,0,0.1101,0.9035,0.929,0.8818,0.4473,74.1,TIER_2_STANDARD_TRUST,train
4317,0,0.6464,0.4243,0.9155,0.6356,0.1572,40.09,TIER_4_QUARANTINE_FRAUD,train
4318,0,0.4188,0.4926,0.8683,0.7501,0.0926,45.45,TIER_3_RESTRICTED_CAUTION,train
4319,0,0.4173,0.4934,0.8736,0.7749,0.0981,46.34,TIER_3_RESTRICTED_CAUTION,train
4320,0,0.0221,0.9217,0.9054,0.995,0.6487,84.28,TIER_1_VERIFIED_SAFE,train
4321,1,0.9736,0.0815,0.7992,0.6283,0.1191,3.29,TIER_4_QUARANTINE_FRAUD,train
4322,0,0.3316,0.555,0.8434,0.8015,0.119,49.29,TIER_3_RESTRICTED_CAUTION,train
4323,1,0.9456,0.1208,0.9036,1.0,0.5021,9.99,TIER_4_QUARANTINE_FRAUD,train
4324,0,0.0032,0.9952,0.9165,0.8897,0.4211,76.0,TIER_2_STANDARD_TRUST,val
4325,0,0.8833,0.1556,0.8417,0.6071,0.1116,8.09,TIER_4_QUARANTINE_FRAUD,train
4326,0,0.23,0.6499,0.8081,0.8016,0.9752,81.75,TIER_1_VERIFIED_SAFE,train
4327,0,0.5031,0.4422,0.8633,0.727,0.0688,41.54,TIER_4_QUARANTINE_FRAUD,train
4328,0,0.0154,0.929,0.8767,0.9022,0.4573,75.2,TIER_2_STANDARD_TRUST,test
4329,1,0.931,0.1117,0.7948,0.6281,0.1213,5.11,TIER_4_QUARANTINE_FRAUD,train
4330,0,0.8906,0.2688,0.8535,0.853,0.4353,27.2,TIER_4_QUARANTINE_FRAUD,test
4331,1,0.7496,0.2151,0.8447,0.7768,0.0272,13.51,TIER_4_QUARANTINE_FRAUD,val
4332,1,0.765,0.26,0.8735,0.794,0.0439,18.59,TIER_4_QUARANTINE_FRAUD,train
4333,1,0.8767,0.1535,0.8536,0.5935,0.0499,7.34,TIER_4_QUARANTINE_FRAUD,test
4334,0,0.1015,0.7514,0.907,1.0,0.6683,80.0,TIER_1_VERIFIED_SAFE,train
4335,0,0.0035,0.99,0.9783,0.8515,0.4475,76.43,TIER_2_STANDARD_TRUST,train
4336,1,0.8199,0.2062,0.8814,0.7017,0.2327,14.75,TIER_4_QUARANTINE_FRAUD,train
4337,0,0.0143,0.8013,0.9058,0.9396,0.1351,61.32,TIER_3_RESTRICTED_CAUTION,test
4338,1,0.9534,0.107,0.8928,1.0,0.1269,6.42,TIER_4_QUARANTINE_FRAUD,train
4339,0,0.2069,0.6677,0.8553,0.6973,0.1427,51.01,TIER_3_RESTRICTED_CAUTION,train
4340,0,0.0669,0.8694,0.9007,0.78,0.1393,59.47,TIER_3_RESTRICTED_CAUTION,test
4341,0,0.0534,0.8897,0.917,0.7835,0.9544,88.85,TIER_1_VERIFIED_SAFE,test
4342,0,0.02,0.894,0.967,0.768,0.1064,59.42,TIER_3_RESTRICTED_CAUTION,train
4343,0,0.1772,0.7927,0.9241,0.7599,0.5757,72.17,TIER_2_STANDARD_TRUST,train
4344,0,0.0046,0.8007,0.9229,0.7733,0.1382,57.42,TIER_3_RESTRICTED_CAUTION,train
4345,0,0.8936,0.1329,0.8757,0.263,0.0286,4.16,TIER_4_QUARANTINE_FRAUD,train
4346,0,0.0103,0.9329,0.9152,0.8987,0.4318,74.72,TIER_2_STANDARD_TRUST,test
4347,0,0.0045,0.8025,0.9322,0.9395,0.1091,60.71,TIER_3_RESTRICTED_CAUTION,train
4348,1,0.9187,0.0793,0.7212,0.7375,0.1329,3.42,TIER_4_QUARANTINE_FRAUD,train
4349,0,0.8379,0.1889,0.8829,0.9133,0.0826,13.01,TIER_4_QUARANTINE_FRAUD,train
4350,1,0.7634,0.2334,0.8673,0.7206,0.1145,16.05,TIER_4_QUARANTINE_FRAUD,train
4351,0,0.0112,0.7937,0.9241,0.8298,0.0971,57.19,TIER_3_RESTRICTED_CAUTION,val
4352,0,0.06,0.7692,0.9139,0.7971,0.1138,56.13,TIER_3_RESTRICTED_CAUTION,val
4353,0,0.128,0.718,0.848,0.8154,0.1389,55.27,TIER_3_RESTRICTED_CAUTION,val
4354,1,0.8845,0.1394,0.7095,0.3099,0.0616,4.62,TIER_4_QUARANTINE_FRAUD,test
4355,1,0.6824,0.3052,0.888,0.5014,0.1151,20.88,TIER_4_QUARANTINE_FRAUD,test
4356,0,0.6096,0.3485,0.8643,0.9123,0.147,33.75,TIER_4_QUARANTINE_FRAUD,train
4357,0,0.8694,0.1701,0.8677,0.7403,0.0993,10.1,TIER_4_QUARANTINE_FRAUD,train
4358,0,0.0924,0.7703,0.882,0.6567,0.467,64.69,TIER_3_RESTRICTED_CAUTION,test
4359,1,0.9282,0.1215,0.9023,1.0,0.5072,10.1,TIER_4_QUARANTINE_FRAUD,train
4360,0,0.0039,0.9941,0.9277,0.7342,0.4105,71.82,TIER_2_STANDARD_TRUST,train
4361,0,0.1862,0.7828,0.9234,0.7547,0.1482,56.77,TIER_3_RESTRICTED_CAUTION,train
4362,1,0.8973,0.1585,0.8911,0.5132,0.038,7.16,TIER_4_QUARANTINE_FRAUD,train
4363,0,0.815,0.3008,0.9044,0.4087,0.011,16.98,TIER_4_QUARANTINE_FRAUD,train
4364,1,0.8316,0.2087,0.8799,0.6572,0.472,17.69,TIER_4_QUARANTINE_FRAUD,train
4365,0,0.2311,0.6486,0.885,0.9337,0.1344,56.35,TIER_3_RESTRICTED_CAUTION,train
4366,1,0.8808,0.1671,0.8916,0.5904,0.0578,8.48,TIER_4_QUARANTINE_FRAUD,train
4367,0,0.5502,0.395,0.8613,0.8234,0.1265,38.39,TIER_4_QUARANTINE_FRAUD,train
4368,0,0.0087,0.8191,0.9313,0.898,0.4346,71.55,TIER_2_STANDARD_TRUST,train
4369,1,0.9334,0.1154,0.8613,0.5919,0.1662,5.57,TIER_4_QUARANTINE_FRAUD,test
4370,1,0.7865,0.214,0.8114,0.6844,0.0881,13.21,TIER_4_QUARANTINE_FRAUD,train
4371,0,0.312,0.5713,0.8844,0.7929,0.1223,50.08,TIER_3_RESTRICTED_CAUTION,train
4372,0,0.0011,0.9733,0.9329,0.8986,0.4491,76.71,TIER_2_STANDARD_TRUST,train
4373,0,0.003,0.8305,0.9164,0.8069,0.4433,69.77,TIER_2_STANDARD_TRUST,train
4374,0,0.0057,0.9336,0.9006,0.8865,0.4269,74.12,TIER_2_STANDARD_TRUST,test
4375,1,0.3808,0.5396,0.8674,0.6316,0.1194,44.83,TIER_4_QUARANTINE_FRAUD,train
4376,0,0.705,0.2857,0.7739,0.6644,0.1263,20.69,TIER_4_QUARANTINE_FRAUD,test
4377,0,0.0822,0.7446,0.9131,0.8648,0.1049,56.76,TIER_3_RESTRICTED_CAUTION,train
4378,1,0.8265,0.2142,0.8655,0.6667,0.4448,18.03,TIER_4_QUARANTINE_FRAUD,train
4379,1,0.2124,0.6818,0.8312,0.6598,0.4489,60.97,TIER_3_RESTRICTED_CAUTION,train
4380,1,0.6945,0.2869,0.8802,0.6603,0.1309,21.44,TIER_4_QUARANTINE_FRAUD,val
4381,0,0.0777,0.7663,0.9172,0.782,0.4246,66.57,TIER_2_STANDARD_TRUST,train
4382,0,0.7487,0.2664,0.9199,0.6735,0.4876,25.84,TIER_4_QUARANTINE_FRAUD,val
4383,0,0.3597,0.5335,0.8198,0.6652,0.1615,46.49,TIER_3_RESTRICTED_CAUTION,test
4384,1,0.9349,0.1026,0.802,0.6016,0.1127,4.4,TIER_4_QUARANTINE_FRAUD,train
4385,1,0.8992,0.1418,0.8105,0.5667,0.1397,7.0,TIER_4_QUARANTINE_FRAUD,test
4386,0,0.5542,0.3907,0.8677,0.7389,0.0948,35.11,TIER_4_QUARANTINE_FRAUD,train
4387,0,0.0081,0.9056,0.93,0.8553,0.0359,59.11,TIER_3_RESTRICTED_CAUTION,test
4388,1,0.9642,0.096,0.8003,0.6446,0.0503,3.86,TIER_4_QUARANTINE_FRAUD,train
4389,0,0.1012,0.8533,0.8943,0.8319,0.4894,72.47,TIER_2_STANDARD_TRUST,test
4390,0,0.2288,0.6348,0.8851,0.5343,0.018,41.88,TIER_4_QUARANTINE_FRAUD,train
4391,1,0.8047,0.2331,0.8183,0.6286,0.1275,15.03,TIER_4_QUARANTINE_FRAUD,val
4392,0,0.1074,0.7258,0.9207,0.8436,0.1108,55.95,TIER_3_RESTRICTED_CAUTION,test
4393,0,0.135,0.7054,0.8761,0.7279,0.0996,51.61,TIER_3_RESTRICTED_CAUTION,train
4394,1,0.8763,0.1476,0.7911,0.8382,0.0412,8.15,TIER_4_QUARANTINE_FRAUD,train
4395,0,0.1789,0.6907,0.8964,0.8292,0.1014,53.96,TIER_3_RESTRICTED_CAUTION,train
4396,1,0.9848,0.0673,0.8326,0.4399,0.0281,1.89,TIER_4_QUARANTINE_FRAUD,train
4397,0,0.081,0.7466,0.9079,0.7819,0.097,54.42,TIER_3_RESTRICTED_CAUTION,test
4398,1,0.9802,0.0839,0.8641,1.0,0.12,4.55,TIER_4_QUARANTINE_FRAUD,train
4399,0,0.0098,0.8993,0.931,0.7675,0.0885,58.57,TIER_3_RESTRICTED_CAUTION,train
4400,0,0.0057,0.8189,0.9234,0.9262,0.1281,61.44,TIER_3_RESTRICTED_CAUTION,train
4401,1,0.9468,0.0935,0.7256,0.6586,0.0351,3.6,TIER_4_QUARANTINE_FRAUD,val
4402,1,0.7609,0.2361,0.8845,0.7926,0.1651,17.95,TIER_4_QUARANTINE_FRAUD,test
4403,0,0.0196,0.9031,0.9112,0.8926,0.1261,62.93,TIER_3_RESTRICTED_CAUTION,val
4404,1,0.8545,0.1991,0.8634,0.7015,0.0374,11.59,TIER_4_QUARANTINE_FRAUD,train
4405,0,0.0156,0.795,0.9132,0.7975,0.0989,56.38,TIER_3_RESTRICTED_CAUTION,train
4406,0,0.1317,0.7111,0.8663,0.85,0.12,55.45,TIER_3_RESTRICTED_CAUTION,train
4407,1,0.8832,0.1682,0.834,0.7575,0.4845,13.71,TIER_4_QUARANTINE_FRAUD,val
4408,0,0.0035,0.9333,0.9248,0.8598,0.0952,62.07,TIER_3_RESTRICTED_CAUTION,train
4409,0,0.0535,0.7655,0.8246,0.9141,0.1673,59.92,TIER_3_RESTRICTED_CAUTION,val
4410,0,0.0182,0.8235,0.8651,0.7881,0.1115,56.96,TIER_3_RESTRICTED_CAUTION,test
4411,0,0.004,0.9024,0.9251,0.747,0.053,56.86,TIER_3_RESTRICTED_CAUTION,test
4412,1,0.8188,0.1915,0.8255,0.6498,0.1166,11.3,TIER_4_QUARANTINE_FRAUD,test
4413,0,0.0076,0.9107,0.8838,0.7853,0.4444,71.34,TIER_2_STANDARD_TRUST,train
4414,0,0.0022,0.9287,0.9306,0.7739,0.435,71.74,TIER_2_STANDARD_TRUST,train
4415,0,0.2598,0.6455,0.9284,0.7333,0.4278,61.95,TIER_3_RESTRICTED_CAUTION,train
4416,0,0.7104,0.2723,0.8391,0.7827,0.1447,21.44,TIER_4_QUARANTINE_FRAUD,train
4417,0,0.0012,0.9356,0.9226,0.7436,0.0965,59.26,TIER_3_RESTRICTED_CAUTION,train
4418,0,0.0021,0.8068,0.885,0.8166,0.1298,58.01,TIER_3_RESTRICTED_CAUTION,train
4419,0,0.0108,0.9781,0.9428,0.9252,0.4097,76.24,TIER_2_STANDARD_TRUST,train
4420,0,0.9088,0.1262,0.8955,0.7233,0.0501,6.24,TIER_4_QUARANTINE_FRAUD,train
4421,0,0.0215,0.9132,0.9283,0.8768,0.4924,75.83,TIER_2_STANDARD_TRUST,val
4422,1,0.9046,0.1384,0.8407,0.6435,0.1054,6.98,TIER_4_QUARANTINE_FRAUD,train
4423,0,0.9662,0.0788,0.8189,0.2124,0.0256,1.74,TIER_4_QUARANTINE_FRAUD,test
4424,0,0.0002,0.9223,0.9386,0.9346,0.1085,64.22,TIER_3_RESTRICTED_CAUTION,train
4425,0,0.3318,0.5843,0.8148,0.75,0.9783,78.66,TIER_2_STANDARD_TRUST,train
4426,0,0.6411,0.3565,0.8962,0.683,0.4386,38.47,TIER_4_QUARANTINE_FRAUD,test
4427,0,0.685,0.3109,0.8471,0.7048,0.1928,26.07,TIER_4_QUARANTINE_FRAUD,train
4428,0,0.2587,0.7438,0.9077,0.6994,0.4912,66.07,TIER_2_STANDARD_TRUST,train
4429,0,0.0646,0.8803,0.8189,0.8236,0.9791,89.46,TIER_1_VERIFIED_SAFE,train
4430,1,0.8145,0.2175,0.7999,0.7505,0.1063,14.38,TIER_4_QUARANTINE_FRAUD,val
4431,1,0.9213,0.0644,0.8333,0.5576,0.1216,2.27,TIER_4_QUARANTINE_FRAUD,train
4432,0,0.5118,0.4259,0.8915,0.7881,0.1706,44.09,TIER_4_QUARANTINE_FRAUD,train
4433,1,0.9698,0.0775,0.8504,0.5873,0.1129,2.99,TIER_4_QUARANTINE_FRAUD,train
4434,0,0.8969,0.1303,0.6752,0.1894,0.0273,3.27,TIER_4_QUARANTINE_FRAUD,train
4435,0,0.0381,0.9013,0.8246,0.7595,0.5166,72.35,TIER_2_STANDARD_TRUST,train
4436,0,0.0093,0.9021,0.9097,0.6459,0.0371,53.61,TIER_3_RESTRICTED_CAUTION,test
4437,0,0.0177,0.9272,0.9271,0.461,0.4362,63.88,TIER_3_RESTRICTED_CAUTION,train
4438,0,0.0027,0.8219,0.8791,0.7858,0.1053,56.78,TIER_3_RESTRICTED_CAUTION,train
4439,0,0.0359,0.8063,0.9101,0.8111,0.0938,56.85,TIER_3_RESTRICTED_CAUTION,train
4440,1,0.8291,0.3114,0.8992,0.8022,0.1032,26.03,TIER_4_QUARANTINE_FRAUD,train
4441,0,0.1666,0.7112,0.8263,0.8618,0.1359,55.9,TIER_3_RESTRICTED_CAUTION,val
4442,0,0.2185,0.6373,0.8804,0.7981,0.1151,51.9,TIER_3_RESTRICTED_CAUTION,train
4443,1,0.4066,0.5311,0.898,0.759,0.5714,63.89,TIER_3_RESTRICTED_CAUTION,train
4444,0,0.7656,0.2556,0.8739,0.7893,0.1261,19.44,TIER_4_QUARANTINE_FRAUD,train
4445,0,0.6089,0.3549,0.9184,0.5926,0.0271,26.14,TIER_4_QUARANTINE_FRAUD,test
4446,0,0.0366,0.7795,0.9299,0.7637,0.1105,55.64,TIER_3_RESTRICTED_CAUTION,train
4447,0,0.8959,0.1321,0.8054,0.1845,0.0191,3.51,TIER_4_QUARANTINE_FRAUD,train
4448,0,0.0047,0.8211,0.9405,0.8092,0.4263,69.19,TIER_2_STANDARD_TRUST,val
4449,0,0.1005,0.7655,0.8669,0.7594,0.4839,67.55,TIER_2_STANDARD_TRUST,test
4450,0,0.7515,0.2426,0.8708,0.7565,0.0956,17.13,TIER_4_QUARANTINE_FRAUD,val
4451,0,0.1742,0.6725,0.9122,0.7679,0.1105,52.36,TIER_3_RESTRICTED_CAUTION,train
4452,0,0.5536,0.3976,0.8888,0.8192,0.1504,39.64,TIER_4_QUARANTINE_FRAUD,train
4453,1,0.9633,0.0849,0.8656,0.5029,0.021,2.8,TIER_4_QUARANTINE_FRAUD,test
4454,0,0.0518,0.7213,0.874,0.8988,0.0325,53.99,TIER_3_RESTRICTED_CAUTION,train
4455,0,0.0119,0.7976,0.9205,0.7757,0.0856,55.52,TIER_3_RESTRICTED_CAUTION,test
4456,1,0.697,0.4161,0.8551,0.652,0.4598,48.25,TIER_3_RESTRICTED_CAUTION,train
4457,0,0.0119,0.7998,0.9251,0.8647,0.0859,57.87,TIER_3_RESTRICTED_CAUTION,train
4458,0,0.1228,0.7497,0.9177,0.7917,0.5127,69.41,TIER_2_STANDARD_TRUST,train
4459,0,0.0174,0.8055,0.9016,0.8581,0.1287,59.14,TIER_3_RESTRICTED_CAUTION,train
4460,0,0.2179,0.6574,0.9008,0.7942,0.9845,83.04,TIER_1_VERIFIED_SAFE,train
4461,1,0.9489,0.045,0.814,0.5914,0.102,1.4,TIER_4_QUARANTINE_FRAUD,train
4462,0,0.0282,0.7873,0.8983,0.8183,0.1294,57.59,TIER_3_RESTRICTED_CAUTION,val
4463,0,0.5904,0.362,0.909,0.95,0.1368,36.54,TIER_4_QUARANTINE_FRAUD,test
4464,0,0.0675,0.7881,0.8959,0.7206,0.4636,66.84,TIER_2_STANDARD_TRUST,train
4465,0,0.0559,0.8904,0.8744,0.9122,0.1046,61.92,TIER_3_RESTRICTED_CAUTION,test
4466,0,0.8328,0.2787,0.8715,0.7546,0.1029,21.21,TIER_4_QUARANTINE_FRAUD,train
4467,1,0.8683,0.1657,0.8558,0.7639,0.2125,10.93,TIER_4_QUARANTINE_FRAUD,train
4468,0,0.5309,0.4086,0.8871,0.7527,0.153,39.95,TIER_4_QUARANTINE_FRAUD,train
4469,0,0.1432,0.7208,0.8689,0.7283,0.4269,63.46,TIER_3_RESTRICTED_CAUTION,test
4470,0,0.0069,0.7983,0.8701,0.8258,0.1152,57.33,TIER_3_RESTRICTED_CAUTION,train
4471,0,0.8789,0.1736,0.8523,0.8376,0.0559,10.62,TIER_4_QUARANTINE_FRAUD,val
4472,0,0.2624,0.6049,0.7994,0.8621,0.1246,52.05,TIER_3_RESTRICTED_CAUTION,test
4473,0,0.2531,0.6399,0.8967,0.7164,0.5638,65.81,TIER_2_STANDARD_TRUST,train
4474,1,0.943,0.1283,0.8856,0.7092,0.494,9.34,TIER_4_QUARANTINE_FRAUD,train
4475,0,0.0054,0.8301,0.9079,0.8059,0.5509,73.41,TIER_2_STANDARD_TRUST,train
4476,0,0.0041,0.9905,0.923,0.8758,0.4248,75.71,TIER_2_STANDARD_TRUST,train
4477,0,0.0115,0.8299,0.9118,0.8269,0.4436,70.21,TIER_2_STANDARD_TRUST,train
4478,0,0.7208,0.2607,0.9167,0.8861,0.1231,21.36,TIER_4_QUARANTINE_FRAUD,train
4479,0,0.9585,0.0895,0.8613,0.8007,0.0312,3.97,TIER_4_QUARANTINE_FRAUD,train
4480,0,0.1229,0.8214,0.9184,0.7955,0.1132,57.67,TIER_3_RESTRICTED_CAUTION,test
4481,0,0.0543,0.7726,0.9162,0.8505,0.1065,57.33,TIER_3_RESTRICTED_CAUTION,train
4482,0,0.8899,0.1368,0.9103,0.6908,0.079,7.07,TIER_4_QUARANTINE_FRAUD,test
4483,1,0.7195,0.2158,0.8442,0.8309,0.104,15.13,TIER_4_QUARANTINE_FRAUD,train
4484,1,0.9089,0.0806,0.8541,0.895,0.1356,4.07,TIER_4_QUARANTINE_FRAUD,train
4485,1,0.8397,0.1994,0.8169,0.6174,0.1209,11.74,TIER_4_QUARANTINE_FRAUD,test
4486,0,0.0136,0.7928,0.87,0.8719,0.1169,58.37,TIER_3_RESTRICTED_CAUTION,train
4487,0,0.0271,0.8078,0.9108,0.7182,0.4823,68.18,TIER_2_STANDARD_TRUST,train
4488,0,0.58,0.4716,0.8703,0.6628,0.0948,42.74,TIER_4_QUARANTINE_FRAUD,train
4489,0,0.2021,0.6531,0.9264,0.8937,0.1927,57.94,TIER_3_RESTRICTED_CAUTION,test
4490,0,0.9467,0.0928,0.7952,0.1998,0.0252,2.13,TIER_4_QUARANTINE_FRAUD,train
4491,1,0.8799,0.1608,0.8966,1.0,0.1056,11.15,TIER_4_QUARANTINE_FRAUD,train
4492,0,0.0101,0.8997,0.93,0.7671,0.092,58.69,TIER_3_RESTRICTED_CAUTION,train
4493,0,0.2925,0.6033,0.9169,0.8754,0.1305,53.72,TIER_3_RESTRICTED_CAUTION,train
4494,0,0.0095,0.8754,0.9277,0.8686,0.4198,71.95,TIER_2_STANDARD_TRUST,train
4495,0,0.0064,0.8057,0.8826,0.8997,0.1458,60.59,TIER_3_RESTRICTED_CAUTION,train
4496,0,0.538,0.4303,0.924,0.8473,0.0671,43.1,TIER_4_QUARANTINE_FRAUD,test
4497,1,0.8982,0.1281,0.7808,0.8893,0.135,7.54,TIER_4_QUARANTINE_FRAUD,val
4498,0,0.0065,0.9227,0.9133,0.7716,0.1842,62.55,TIER_3_RESTRICTED_CAUTION,train
4499,0,0.1167,0.7181,0.8801,0.8503,0.1437,56.63,TIER_3_RESTRICTED_CAUTION,train
4500,0,0.0371,0.7911,0.8312,0.8178,0.6423,74.97,TIER_2_STANDARD_TRUST,train
4501,0,0.2012,0.6559,0.8687,0.7333,0.0951,50.02,TIER_3_RESTRICTED_CAUTION,train
4502,0,0.0735,0.7801,0.8173,0.7905,0.1283,55.83,TIER_3_RESTRICTED_CAUTION,test
4503,0,0.8813,0.1498,0.8866,0.7183,0.1876,9.07,TIER_4_QUARANTINE_FRAUD,val
4504,0,0.0461,0.8009,0.8765,0.795,0.4401,68.07,TIER_2_STANDARD_TRUST,train
4505,0,0.1601,0.8191,0.8733,0.6949,0.0959,54.04,TIER_3_RESTRICTED_CAUTION,train
4506,0,0.025,0.9714,0.9227,0.8608,0.4752,76.52,TIER_2_STANDARD_TRUST,train
4507,0,0.0054,0.9303,0.9362,0.8932,0.395,73.43,TIER_2_STANDARD_TRUST,train
4508,0,0.1185,0.7365,0.8917,0.833,0.1062,55.55,TIER_3_RESTRICTED_CAUTION,val
4509,0,0.1287,0.7431,0.8892,0.7245,0.4642,65.54,TIER_2_STANDARD_TRUST,train
4510,1,0.8619,0.2718,0.8843,0.6592,0.13,19.75,TIER_4_QUARANTINE_FRAUD,train
4511,0,0.0068,0.9866,0.9347,0.8237,0.4352,74.77,TIER_2_STANDARD_TRUST,train
4512,1,0.9636,0.0799,0.874,1.0,0.1419,4.35,TIER_4_QUARANTINE_FRAUD,train
4513,0,0.1382,0.7069,0.7799,1.0,0.1334,58.67,TIER_3_RESTRICTED_CAUTION,train
4514,0,0.4387,0.4794,0.9277,0.831,0.1516,49.74,TIER_3_RESTRICTED_CAUTION,train
4515,0,0.088,0.8767,0.9247,0.7721,0.1949,61.67,TIER_3_RESTRICTED_CAUTION,train
4516,0,0.0053,0.7986,0.9208,0.9007,0.1571,61.18,TIER_3_RESTRICTED_CAUTION,test
4517,0,0.7363,0.2801,0.8867,0.516,0.0252,16.76,TIER_4_QUARANTINE_FRAUD,train
4518,0,0.5494,0.4127,0.8707,0.7549,0.4516,49.83,TIER_3_RESTRICTED_CAUTION,test
4519,0,0.4831,0.4461,0.8956,0.8303,0.1403,47.46,TIER_3_RESTRICTED_CAUTION,test
4520,0,0.0044,0.9277,0.9228,0.8616,0.4163,73.17,TIER_2_STANDARD_TRUST,train
4521,0,0.3047,0.5739,0.8979,0.9819,0.2869,60.78,TIER_3_RESTRICTED_CAUTION,val
4522,0,0.8408,0.1761,0.8709,0.7116,0.1086,10.51,TIER_4_QUARANTINE_FRAUD,test
4523,1,0.9403,0.1201,0.8879,0.6551,0.1026,5.83,TIER_4_QUARANTINE_FRAUD,test
4524,0,0.0086,0.9286,0.9235,0.8229,0.4733,74.23,TIER_2_STANDARD_TRUST,train
4525,1,0.9562,0.1093,0.8636,0.6148,0.0473,4.6,TIER_4_QUARANTINE_FRAUD,val
4526,0,0.7478,0.2712,0.8383,0.8207,0.2326,23.39,TIER_4_QUARANTINE_FRAUD,train
4527,0,0.7783,0.253,0.8842,0.7879,0.1777,20.04,TIER_4_QUARANTINE_FRAUD,val
4528,1,0.9882,0.0942,0.813,0.5747,0.1369,3.94,TIER_4_QUARANTINE_FRAUD,val
4529,1,0.9507,0.1152,0.8989,1.0,0.55,9.65,TIER_4_QUARANTINE_FRAUD,train
4530,0,0.8599,0.1879,0.8882,0.6064,0.0484,10.08,TIER_4_QUARANTINE_FRAUD,train
4531,1,0.9506,0.1115,0.8385,0.7686,0.1266,5.77,TIER_4_QUARANTINE_FRAUD,train
4532,1,0.8851,0.139,0.8318,0.2009,0.0243,3.99,TIER_4_QUARANTINE_FRAUD,train
4533,0,0.0049,0.8028,0.9047,0.7443,0.1096,55.57,TIER_3_RESTRICTED_CAUTION,train
4534,1,0.941,0.0759,0.787,0.6403,0.1107,2.97,TIER_4_QUARANTINE_FRAUD,test
4535,0,0.8532,0.1656,0.8808,0.7411,0.1194,9.95,TIER_4_QUARANTINE_FRAUD,train
4536,0,0.8907,0.1706,0.9186,0.6193,0.4121,12.53,TIER_4_QUARANTINE_FRAUD,train
4537,0,0.0152,0.7978,0.8888,0.7826,0.1353,57.12,TIER_3_RESTRICTED_CAUTION,train
4538,0,0.032,0.7894,0.8678,0.8155,0.1489,57.96,TIER_3_RESTRICTED_CAUTION,test
4539,0,0.4676,0.455,0.8535,0.8368,0.1399,48.0,TIER_3_RESTRICTED_CAUTION,test
4540,0,0.1473,0.8134,0.9244,0.965,0.9741,91.86,TIER_1_VERIFIED_SAFE,train
4541,0,0.0011,0.9492,0.9398,0.9823,0.3954,76.27,TIER_2_STANDARD_TRUST,train
4542,0,0.0918,0.764,0.8641,0.8621,0.5276,71.58,TIER_2_STANDARD_TRUST,train
4543,0,0.0006,0.9333,0.9235,0.703,0.4587,70.87,TIER_2_STANDARD_TRUST,train
4544,1,0.9809,0.1023,0.8931,1.0,0.0868,5.84,TIER_4_QUARANTINE_FRAUD,train
4545,0,0.0052,0.9028,0.9282,0.9022,0.1218,63.18,TIER_3_RESTRICTED_CAUTION,train
4546,0,0.0019,0.9775,0.9444,0.8105,0.458,75.06,TIER_2_STANDARD_TRUST,test
4547,0,0.9138,0.1176,0.7149,0.2406,0.028,3.09,TIER_4_QUARANTINE_FRAUD,test
4548,1,0.9243,0.2174,0.8982,1.0,0.4608,22.0,TIER_4_QUARANTINE_FRAUD,train
4549,0,0.681,0.2943,0.9232,0.8442,0.1188,24.94,TIER_4_QUARANTINE_FRAUD,test
4550,0,0.0085,0.9262,0.9238,0.8474,0.1425,63.2,TIER_3_RESTRICTED_CAUTION,train
4551,0,0.0043,0.8276,0.9277,0.9388,0.0161,58.14,TIER_3_RESTRICTED_CAUTION,test
4552,0,0.1236,0.8479,0.904,0.7585,0.5542,72.84,TIER_2_STANDARD_TRUST,train
4553,1,0.9101,0.1412,0.8585,0.5892,0.4206,9.37,TIER_4_QUARANTINE_FRAUD,train
4554,1,0.9832,0.0668,0.8883,0.5374,0.0287,2.12,TIER_4_QUARANTINE_FRAUD,train
4555,0,0.1427,0.701,0.8724,0.8314,0.1398,55.43,TIER_3_RESTRICTED_CAUTION,train
4556,0,0.1326,0.8391,0.9015,0.8235,0.4259,69.68,TIER_2_STANDARD_TRUST,train
4557,0,0.5093,0.5409,0.8672,0.5754,0.4813,56.13,TIER_3_RESTRICTED_CAUTION,train
4558,0,0.7561,0.2601,0.8983,1.0,0.2127,24.13,TIER_4_QUARANTINE_FRAUD,train
4559,0,0.0077,0.9885,0.9305,0.7679,0.4369,73.45,TIER_2_STANDARD_TRUST,val
4560,0,0.0066,0.9073,0.9304,0.8349,0.4704,73.86,TIER_2_STANDARD_TRUST,train
4561,0,0.0615,0.7699,0.8797,0.8152,0.1412,57.22,TIER_3_RESTRICTED_CAUTION,train
4562,1,0.9878,0.032,0.8548,0.4871,0.1361,0.85,TIER_4_QUARANTINE_FRAUD,train
4563,0,0.026,0.7934,0.9155,0.9304,0.2559,65.18,TIER_2_STANDARD_TRUST,train
4564,0,0.0013,0.8414,0.8755,0.8519,0.4707,71.77,TIER_2_STANDARD_TRUST,val
4565,0,0.1983,0.6603,0.8659,0.7495,0.1447,52.27,TIER_3_RESTRICTED_CAUTION,train
4566,1,0.1227,0.7139,0.827,0.8337,0.1059,54.24,TIER_3_RESTRICTED_CAUTION,train
4567,0,0.0676,0.754,0.9207,0.8513,0.1647,58.87,TIER_3_RESTRICTED_CAUTION,train
4568,0,0.275,0.6035,0.916,0.7557,0.186,52.67,TIER_3_RESTRICTED_CAUTION,train
4569,0,0.7738,0.2371,0.8702,0.7975,0.0953,16.99,TIER_4_QUARANTINE_FRAUD,train
4570,0,0.003,0.935,0.9388,0.8972,0.4229,74.67,TIER_2_STANDARD_TRUST,train
4571,0,0.0085,0.8066,0.9332,0.8822,0.1114,59.48,TIER_3_RESTRICTED_CAUTION,train
4572,0,0.2303,0.6651,0.9136,0.8105,0.6043,70.5,TIER_2_STANDARD_TRUST,train
4573,0,0.133,0.8057,0.9168,0.9384,0.2391,65.17,TIER_2_STANDARD_TRUST,train
4574,0,0.8871,0.1389,0.7853,0.2138,0.032,4.01,TIER_4_QUARANTINE_FRAUD,train
4575,0,0.0099,0.9174,0.9098,0.9199,0.4656,75.91,TIER_2_STANDARD_TRUST,val
4576,0,0.0433,0.7832,0.8574,0.7296,0.9752,84.44,TIER_1_VERIFIED_SAFE,val
4577,0,0.0099,0.9257,0.9177,0.8291,0.481,74.51,TIER_2_STANDARD_TRUST,train
4578,1,0.9483,0.1127,0.9046,1.0,0.0923,6.72,TIER_4_QUARANTINE_FRAUD,train
4579,0,0.0496,0.8043,0.8698,0.8255,0.1165,57.54,TIER_3_RESTRICTED_CAUTION,val
4580,0,0.2125,0.6452,0.8894,0.8115,0.1502,53.79,TIER_3_RESTRICTED_CAUTION,train
4581,1,0.8969,0.1354,0.8532,0.5037,0.0267,5.48,TIER_4_QUARANTINE_FRAUD,train
4582,0,0.5324,0.4194,0.9208,0.766,0.1752,42.95,TIER_4_QUARANTINE_FRAUD,val
4583,0,0.2824,0.6324,0.9162,0.633,0.4379,59.28,TIER_3_RESTRICTED_CAUTION,test
4584,0,0.0055,0.7999,0.8674,0.8584,0.1256,58.53,TIER_3_RESTRICTED_CAUTION,train
4585,0,0.0056,0.8015,0.8788,0.8229,0.1162,57.47,TIER_3_RESTRICTED_CAUTION,train
4586,0,0.1218,0.8497,0.9365,0.938,0.4261,73.22,TIER_2_STANDARD_TRUST,train
4587,1,0.6319,0.3324,0.8453,0.6874,0.1054,26.51,TIER_4_QUARANTINE_FRAUD,train
4588,0,0.7861,0.2115,0.8176,0.8893,0.1393,15.6,TIER_4_QUARANTINE_FRAUD,train
4589,0,0.3116,0.588,0.9194,0.8147,0.2076,54.47,TIER_3_RESTRICTED_CAUTION,val
4590,0,0.3002,0.5889,0.9232,0.8279,0.5028,65.2,TIER_2_STANDARD_TRUST,train
4591,1,0.9333,0.1382,0.8812,0.6848,0.0646,6.97,TIER_4_QUARANTINE_FRAUD,train
4592,0,0.2036,0.7818,0.8403,0.8468,0.2399,61.43,TIER_3_RESTRICTED_CAUTION,train
4593,0,0.0023,0.9884,0.9326,0.9199,0.4212,76.72,TIER_2_STANDARD_TRUST,train
4594,0,0.2004,0.6678,0.9006,0.8585,0.1258,54.91,TIER_3_RESTRICTED_CAUTION,train
4595,0,0.8785,0.1475,0.8729,0.7297,0.0999,8.19,TIER_4_QUARANTINE_FRAUD,train
4596,0,0.0293,0.7964,0.8792,0.8884,0.1744,61.0,TIER_3_RESTRICTED_CAUTION,train
4597,1,0.8972,0.1509,0.8765,0.6693,0.1158,8.23,TIER_4_QUARANTINE_FRAUD,val
4598,1,0.5081,0.3749,0.8178,0.8041,0.0458,32.43,TIER_4_QUARANTINE_FRAUD,train
4599,0,0.0045,0.9347,0.9285,0.6298,0.4326,68.21,TIER_2_STANDARD_TRUST,test
4600,0,0.3747,0.6563,0.9074,0.9109,0.0889,54.64,TIER_3_RESTRICTED_CAUTION,test
4601,0,0.0179,0.8654,0.9342,0.8527,0.4278,71.6,TIER_2_STANDARD_TRUST,test
4602,0,0.0044,0.9904,0.9283,0.865,0.4369,75.91,TIER_2_STANDARD_TRUST,test
4603,0,0.0252,0.79,0.9187,0.848,0.0325,55.22,TIER_3_RESTRICTED_CAUTION,train
4604,1,0.9803,0.0671,0.8973,0.505,0.1233,2.35,TIER_4_QUARANTINE_FRAUD,train
4605,0,0.0698,0.7551,0.9218,0.865,0.4504,69.26,TIER_2_STANDARD_TRUST,train
4606,1,0.9752,0.0837,0.7818,0.7529,0.1156,3.73,TIER_4_QUARANTINE_FRAUD,train
4607,1,0.8478,0.1702,0.8987,0.7167,0.0249,9.29,TIER_4_QUARANTINE_FRAUD,train
4608,0,0.8727,0.1674,0.835,0.9345,0.1532,11.64,TIER_4_QUARANTINE_FRAUD,test
4609,0,0.0143,0.9194,0.8595,0.7876,0.0966,59.25,TIER_3_RESTRICTED_CAUTION,train
4610,0,0.0056,0.8206,0.9514,0.7227,0.4285,67.2,TIER_2_STANDARD_TRUST,train
4611,0,0.3085,0.7059,0.9262,0.775,0.4545,65.72,TIER_2_STANDARD_TRUST,train
4612,1,0.947,0.1271,0.7849,1.0,0.0638,7.52,TIER_4_QUARANTINE_FRAUD,train
4613,0,0.0195,0.969,0.9052,0.8228,0.4461,74.3,TIER_2_STANDARD_TRUST,train
4614,1,0.8369,0.1822,0.7924,0.6729,0.1036,10.44,TIER_4_QUARANTINE_FRAUD,train
4615,0,0.0047,0.903,0.9286,0.7817,0.096,59.28,TIER_3_RESTRICTED_CAUTION,train
4616,0,0.9637,0.0789,0.8284,0.7832,0.1555,3.71,TIER_4_QUARANTINE_FRAUD,val
4617,1,0.8466,0.2054,0.8001,0.7788,0.0831,13.18,TIER_4_QUARANTINE_FRAUD,train
4618,0,0.0096,0.9054,0.9138,0.9359,0.409,74.01,TIER_2_STANDARD_TRUST,train
4619,1,0.909,0.1273,0.8333,0.59,0.0199,5.34,TIER_4_QUARANTINE_FRAUD,train
4620,0,0.2341,0.7702,0.9229,0.7857,0.4738,68.56,TIER_2_STANDARD_TRUST,test
4621,0,0.0837,0.7403,0.8669,0.8246,0.1013,55.04,TIER_3_RESTRICTED_CAUTION,train
4622,0,0.5672,0.3974,0.8981,0.7541,0.0678,35.84,TIER_4_QUARANTINE_FRAUD,train
4623,1,0.0107,0.8302,0.835,0.7043,0.11,54.71,TIER_3_RESTRICTED_CAUTION,test
4624,0,0.8733,0.1501,0.8396,0.2085,0.0263,4.57,TIER_4_QUARANTINE_FRAUD,val
4625,0,0.4558,0.5646,0.8765,0.7692,0.0947,48.25,TIER_3_RESTRICTED_CAUTION,train
4626,1,0.9161,0.1182,0.809,0.518,0.063,4.71,TIER_4_QUARANTINE_FRAUD,train
4627,0,0.4489,0.4784,0.9244,0.7871,0.0793,46.05,TIER_3_RESTRICTED_CAUTION,train
4628,0,0.8803,0.1729,0.8921,0.729,0.0872,10.2,TIER_4_QUARANTINE_FRAUD,train
4629,0,0.0717,0.8835,0.926,0.7109,0.9597,87.13,TIER_1_VERIFIED_SAFE,test
4630,0,0.0542,0.7677,0.8663,0.8255,0.125,56.71,TIER_3_RESTRICTED_CAUTION,train
4631,0,0.0425,0.885,0.8966,0.8817,0.5035,75.18,TIER_2_STANDARD_TRUST,train
4632,0,0.0086,0.8994,0.8936,0.9592,0.172,65.92,TIER_2_STANDARD_TRUST,train
4633,0,0.0218,0.8895,0.8768,0.7293,0.0992,57.16,TIER_3_RESTRICTED_CAUTION,val
4634,1,0.8745,0.1769,0.8505,0.6222,0.4357,13.26,TIER_4_QUARANTINE_FRAUD,test
4635,1,0.9164,0.0729,0.8189,1.0,0.0864,3.6,TIER_4_QUARANTINE_FRAUD,train
4636,0,0.0042,0.8146,0.9065,0.8775,0.1101,59.29,TIER_3_RESTRICTED_CAUTION,val
4637,0,0.0112,0.7961,0.868,0.8334,0.133,58.05,TIER_3_RESTRICTED_CAUTION,test
4638,0,0.4504,0.4667,0.8647,0.8571,0.1464,49.2,TIER_3_RESTRICTED_CAUTION,train
4639,0,0.0588,0.8939,0.9239,0.78,0.4715,72.06,TIER_2_STANDARD_TRUST,train
4640,0,0.0546,0.7974,0.9219,0.8501,0.1015,57.95,TIER_3_RESTRICTED_CAUTION,train
4641,0,0.8961,0.1313,0.7166,0.158,0.1168,3.86,TIER_4_QUARANTINE_FRAUD,test
4642,0,0.9051,0.126,0.8135,0.2407,0.0245,3.59,TIER_4_QUARANTINE_FRAUD,test
4643,1,0.916,0.1206,0.8874,0.781,0.1111,6.48,TIER_4_QUARANTINE_FRAUD,train
4644,0,0.1279,0.8388,0.9411,0.8891,0.4217,71.56,TIER_2_STANDARD_TRUST,train
4645,0,0.7614,0.2039,0.8552,0.7638,0.0892,13.18,TIER_4_QUARANTINE_FRAUD,test
4646,0,0.2406,0.6587,0.9119,0.8136,0.947,82.36,TIER_1_VERIFIED_SAFE,train
4647,1,0.8928,0.144,0.7958,0.7246,0.1192,7.86,TIER_4_QUARANTINE_FRAUD,val
4648,0,0.2606,0.6327,0.9155,0.7555,0.4626,63.21,TIER_3_RESTRICTED_CAUTION,train
4649,1,0.6403,0.3381,0.8991,0.5661,0.109,25.58,TIER_4_QUARANTINE_FRAUD,train
4650,1,0.963,0.0915,0.8367,0.7882,0.1448,4.53,TIER_4_QUARANTINE_FRAUD,train
4651,0,0.0149,0.8227,0.9137,0.8948,0.1151,60.22,TIER_3_RESTRICTED_CAUTION,train
4652,0,0.1384,0.7048,0.9229,0.5016,0.0236,43.74,TIER_4_QUARANTINE_FRAUD,test
4653,0,0.0658,0.7791,0.8666,0.7853,0.4699,68.12,TIER_2_STANDARD_TRUST,train
4654,0,0.1758,0.7068,0.8439,0.7892,0.4428,64.87,TIER_3_RESTRICTED_CAUTION,train
4655,0,0.5402,0.5187,0.9395,0.7529,0.4968,61.17,TIER_3_RESTRICTED_CAUTION,train
4656,0,0.7906,0.3353,0.8475,0.728,0.1177,27.87,TIER_4_QUARANTINE_FRAUD,train
4657,0,0.8936,0.1367,0.878,0.2562,0.0243,4.28,TIER_4_QUARANTINE_FRAUD,test
4658,0,0.0024,0.8043,0.9266,0.9098,0.1691,62.06,TIER_3_RESTRICTED_CAUTION,train
4659,0,0.0621,0.7865,0.9043,0.8264,0.4465,68.93,TIER_2_STANDARD_TRUST,test
4660,0,0.0806,0.7417,0.8313,0.8335,0.151,56.69,TIER_3_RESTRICTED_CAUTION,train
4661,1,0.8549,0.3023,0.8437,0.6496,0.4405,29.32,TIER_4_QUARANTINE_FRAUD,val
4662,0,0.1489,0.7293,0.8762,0.8,0.0286,51.64,TIER_3_RESTRICTED_CAUTION,test
4663,1,0.795,0.2101,0.8675,0.7276,0.059,13.09,TIER_4_QUARANTINE_FRAUD,train
4664,0,0.5479,0.3924,0.9266,1.0,0.1975,44.31,TIER_4_QUARANTINE_FRAUD,train
4665,0,0.0025,0.8004,0.8647,0.8635,0.1387,59.1,TIER_3_RESTRICTED_CAUTION,test
4666,0,0.035,0.7806,0.9265,0.9512,0.1003,59.98,TIER_3_RESTRICTED_CAUTION,train
4667,0,0.1513,0.7267,0.8555,0.8866,0.5034,70.14,TIER_2_STANDARD_TRUST,train
4668,0,0.0077,0.8068,0.9258,0.8011,0.1397,58.38,TIER_3_RESTRICTED_CAUTION,test
4669,0,0.8907,0.0951,0.8648,0.8022,0.1259,4.77,TIER_4_QUARANTINE_FRAUD,train
4670,0,0.0094,0.9554,0.946,0.8428,0.4341,74.39,TIER_2_STANDARD_TRUST,train
4671,1,0.8769,0.153,0.8924,1.0,0.1519,10.78,TIER_4_QUARANTINE_FRAUD,train
4672,1,0.9513,0.0931,0.8106,0.6467,0.1585,4.21,TIER_4_QUARANTINE_FRAUD,train
4673,0,0.0042,0.8042,0.9085,0.9122,0.1049,59.69,TIER_3_RESTRICTED_CAUTION,val
4674,0,0.0321,0.9197,0.9236,0.7039,0.5329,73.08,TIER_2_STANDARD_TRUST,train
4675,1,0.8427,0.3062,0.8669,0.6409,0.0789,22.21,TIER_4_QUARANTINE_FRAUD,train
4676,0,0.0294,0.9061,0.8933,0.7453,0.6455,77.34,TIER_2_STANDARD_TRUST,train
4677,1,0.9088,0.0712,0.8852,0.6675,0.1193,2.9,TIER_4_QUARANTINE_FRAUD,train
4678,0,0.7854,0.2172,0.8544,0.8255,0.1289,15.6,TIER_4_QUARANTINE_FRAUD,train
4679,0,0.0915,0.746,0.8957,0.7247,0.55,68.71,TIER_2_STANDARD_TRUST,test
4680,1,0.9699,0.0454,0.8188,0.6873,0.1297,1.58,TIER_4_QUARANTINE_FRAUD,test
4681,0,0.9282,0.1449,0.8957,0.6628,0.4546,10.5,TIER_4_QUARANTINE_FRAUD,train
4682,0,0.7957,0.333,0.8096,0.7594,0.0458,26.15,TIER_4_QUARANTINE_FRAUD,train
4683,0,0.0032,0.8066,0.8767,0.8634,0.1019,58.12,TIER_3_RESTRICTED_CAUTION,train
4684,1,0.9648,0.0862,0.8279,0.6084,0.1092,3.49,TIER_4_QUARANTINE_FRAUD,train
4685,0,0.0101,0.8286,0.9103,0.8079,0.0946,57.47,TIER_3_RESTRICTED_CAUTION,train
4686,0,0.6085,0.3765,0.9138,0.8522,0.4253,44.9,TIER_4_QUARANTINE_FRAUD,train
4687,0,0.0673,0.8897,0.9288,0.8381,0.4371,72.23,TIER_2_STANDARD_TRUST,train
4688,0,0.8812,0.1792,0.8313,0.7053,0.1118,10.64,TIER_4_QUARANTINE_FRAUD,train
4689,0,0.006,0.9307,0.9185,0.888,0.4318,74.42,TIER_2_STANDARD_TRUST,train
4690,1,0.8172,0.2066,0.8386,0.8191,0.4603,18.6,TIER_4_QUARANTINE_FRAUD,test
4691,0,0.4008,0.5079,0.8971,0.8286,0.0965,48.3,TIER_3_RESTRICTED_CAUTION,train
4692,0,0.0151,0.8993,0.9002,0.8323,0.5166,74.87,TIER_2_STANDARD_TRUST,train
4693,1,0.8706,0.1845,0.8719,0.6298,0.4382,14.22,TIER_4_QUARANTINE_FRAUD,train
4694,0,0.0032,0.8268,0.9183,0.875,0.1134,59.83,TIER_3_RESTRICTED_CAUTION,train
4695,1,0.9377,0.1331,0.9,1.0,0.4546,11.06,TIER_4_QUARANTINE_FRAUD,train
4696,1,0.6968,0.301,0.8575,0.8341,0.1592,26.11,TIER_4_QUARANTINE_FRAUD,train
4697,0,0.0017,0.804,0.9428,0.8167,0.0404,55.38,TIER_3_RESTRICTED_CAUTION,train
4698,0,0.1457,0.7311,0.857,0.818,0.1081,54.74,TIER_3_RESTRICTED_CAUTION,train
4699,0,0.5331,0.4089,0.8643,0.8121,0.1398,40.71,TIER_4_QUARANTINE_FRAUD,val
4700,1,0.9577,0.1158,0.8981,0.5295,0.1366,5.22,TIER_4_QUARANTINE_FRAUD,train
4701,0,0.4559,0.4874,0.8798,0.5813,0.4781,54.69,TIER_3_RESTRICTED_CAUTION,train
4702,0,0.0143,0.8015,0.88,0.8688,0.1455,59.66,TIER_3_RESTRICTED_CAUTION,test
4703,0,0.8283,0.1622,0.8475,0.6619,0.4905,12.49,TIER_4_QUARANTINE_FRAUD,train
4704,0,0.0032,0.8999,0.9262,0.9728,0.0929,63.83,TIER_3_RESTRICTED_CAUTION,val
4705,0,0.0096,0.9262,0.8855,0.8514,0.5348,76.64,TIER_2_STANDARD_TRUST,test
4706,0,0.1474,0.8145,0.9368,0.78,0.119,57.47,TIER_3_RESTRICTED_CAUTION,test
4707,0,0.0044,0.9857,0.9282,0.9143,0.4558,77.66,TIER_2_STANDARD_TRUST,train
4708,1,0.8066,0.2281,0.8904,0.695,0.0654,14.64,TIER_4_QUARANTINE_FRAUD,train
4709,0,0.0038,0.9056,0.9247,0.8727,0.14,63.13,TIER_3_RESTRICTED_CAUTION,train
4710,0,0.9474,0.1001,0.9234,0.4813,0.4197,5.52,TIER_4_QUARANTINE_FRAUD,train
4711,0,0.001,0.8095,0.9114,0.8335,0.0339,55.42,TIER_3_RESTRICTED_CAUTION,train
4712,0,0.744,0.2538,0.8743,0.8585,0.1675,20.75,TIER_4_QUARANTINE_FRAUD,train
4713,0,0.0122,0.92,0.9439,0.8543,0.0995,61.88,TIER_3_RESTRICTED_CAUTION,test
4714,0,0.8762,0.1606,0.9148,0.5857,0.1355,8.73,TIER_4_QUARANTINE_FRAUD,train
4715,1,0.9732,0.0875,0.8886,0.5787,0.1105,3.55,TIER_4_QUARANTINE_FRAUD,train
4716,1,0.67,0.4043,0.8922,0.8006,0.1205,39.39,TIER_4_QUARANTINE_FRAUD,test
4717,0,0.7533,0.1937,0.9155,0.5698,0.015,9.94,TIER_4_QUARANTINE_FRAUD,train
4718,0,0.9061,0.1446,0.8868,0.8046,0.1094,8.49,TIER_4_QUARANTINE_FRAUD,val
4719,0,0.0454,0.9006,0.8506,0.7718,0.9604,88.43,TIER_1_VERIFIED_SAFE,train
4720,0,0.7611,0.2342,0.8736,0.51,0.1154,13.93,TIER_4_QUARANTINE_FRAUD,val
4721,1,0.714,0.2225,0.831,1.0,0.0569,16.81,TIER_4_QUARANTINE_FRAUD,train
4722,0,0.5761,0.3886,0.9286,0.7641,0.1833,38.4,TIER_4_QUARANTINE_FRAUD,train
4723,1,0.8233,0.2029,0.8596,0.6945,0.1628,13.4,TIER_4_QUARANTINE_FRAUD,train
4724,0,0.079,0.759,0.9143,0.7738,0.55,70.51,TIER_2_STANDARD_TRUST,train
4725,0,0.1616,0.7124,0.9317,0.8438,0.5624,71.47,TIER_2_STANDARD_TRUST,train
4726,0,0.1588,0.799,0.9098,0.8286,0.1462,58.9,TIER_3_RESTRICTED_CAUTION,val
4727,0,0.0063,0.9143,0.9135,0.8855,0.0598,60.79,TIER_3_RESTRICTED_CAUTION,train
4728,0,0.0122,0.9668,0.9446,0.7113,0.456,72.19,TIER_2_STANDARD_TRUST,train
4729,0,0.2882,0.5903,0.8412,0.7747,0.0932,48.75,TIER_3_RESTRICTED_CAUTION,train
4730,0,0.1496,0.6967,0.9152,1.0,0.6749,78.67,TIER_2_STANDARD_TRUST,test
4731,0,0.0041,0.9318,0.8856,0.8027,0.431,71.96,TIER_2_STANDARD_TRUST,train
4732,0,0.2024,0.6495,0.9416,0.8343,0.139,54.62,TIER_3_RESTRICTED_CAUTION,train
4733,0,0.0635,0.8915,0.9158,0.6744,0.4836,69.69,TIER_2_STANDARD_TRUST,train
4734,0,0.001,0.8077,0.8799,0.8493,0.1484,59.46,TIER_3_RESTRICTED_CAUTION,test
4735,0,0.206,0.6627,0.9283,0.7996,0.2,56.16,TIER_3_RESTRICTED_CAUTION,val
4736,0,0.8164,0.2035,0.8275,0.8456,0.1395,14.4,TIER_4_QUARANTINE_FRAUD,test
4737,0,0.3279,0.5606,0.8717,0.7897,0.0964,48.65,TIER_3_RESTRICTED_CAUTION,train
4738,1,0.9043,0.1259,0.8372,0.5913,0.0544,5.5,TIER_4_QUARANTINE_FRAUD,train
4739,1,0.4327,0.482,0.84,0.7137,0.0996,44.19,TIER_4_QUARANTINE_FRAUD,train
4740,0,0.1048,0.8615,0.8195,0.8988,0.4551,72.44,TIER_2_STANDARD_TRUST,test
4741,0,0.1519,0.6919,0.9108,0.9958,0.6749,78.38,TIER_2_STANDARD_TRUST,test
4742,1,0.8774,0.1587,0.9004,0.6671,0.4657,12.06,TIER_4_QUARANTINE_FRAUD,test
4743,0,0.1601,0.8171,0.9225,0.8792,0.1356,60.46,TIER_3_RESTRICTED_CAUTION,train
4744,0,0.2339,0.6388,0.8867,0.7817,0.1193,51.75,TIER_3_RESTRICTED_CAUTION,test
4745,0,0.852,0.1931,0.9074,0.6004,0.0397,10.41,TIER_4_QUARANTINE_FRAUD,test
4746,0,0.3472,0.6536,0.9236,0.6824,0.4546,61.82,TIER_3_RESTRICTED_CAUTION,test
4747,0,0.8106,0.2283,0.8929,0.5278,0.4389,18.35,TIER_4_QUARANTINE_FRAUD,train
4748,1,0.8196,0.1924,0.8191,0.7017,0.0302,10.79,TIER_4_QUARANTINE_FRAUD,test
4749,0,0.5433,0.4332,0.8979,0.6633,0.5354,54.53,TIER_3_RESTRICTED_CAUTION,train
4750,1,0.9644,0.0823,0.8732,0.6054,0.1086,3.31,TIER_4_QUARANTINE_FRAUD,val
4751,1,0.7381,0.2552,0.88,0.5335,0.0264,14.7,TIER_4_QUARANTINE_FRAUD,train
4752,0,0.183,0.685,0.8998,0.925,0.4605,68.79,TIER_2_STANDARD_TRUST,train
4753,0,0.1887,0.6741,0.8765,0.8263,0.1257,54.04,TIER_3_RESTRICTED_CAUTION,test
4754,0,0.016,0.9793,0.9284,0.8062,0.0706,61.29,TIER_3_RESTRICTED_CAUTION,train
4755,0,0.0039,0.9029,0.9587,0.7787,0.1468,61.28,TIER_3_RESTRICTED_CAUTION,train
4756,0,0.7801,0.2361,0.8613,0.7057,0.1202,16.23,TIER_4_QUARANTINE_FRAUD,train
4757,0,0.6485,0.3541,0.8685,0.8215,0.4231,40.03,TIER_4_QUARANTINE_FRAUD,test
4758,0,0.1128,0.7212,0.9396,0.8246,0.0487,53.35,TIER_3_RESTRICTED_CAUTION,val
4759,0,0.0129,0.9312,0.9055,0.7941,0.4528,72.69,TIER_2_STANDARD_TRUST,train
4760,1,0.9826,0.0194,0.7498,1.0,0.1599,0.65,TIER_4_QUARANTINE_FRAUD,train
4761,0,0.1476,0.7184,0.9028,0.7921,0.0948,53.7,TIER_3_RESTRICTED_CAUTION,train
4762,0,0.4901,0.4734,0.8612,0.786,0.0713,44.96,TIER_4_QUARANTINE_FRAUD,test
4763,0,0.628,0.3514,0.8695,0.8709,0.2,34.81,TIER_4_QUARANTINE_FRAUD,test
4764,0,0.0918,0.7584,0.8926,0.9481,0.4436,70.91,TIER_2_STANDARD_TRUST,train
4765,1,0.9646,0.1024,0.8942,1.0,0.5115,8.01,TIER_4_QUARANTINE_FRAUD,train
4766,0,0.5592,0.3967,0.8944,0.7907,0.1057,37.61,TIER_4_QUARANTINE_FRAUD,train
4767,1,0.8866,0.1654,0.8767,0.59,0.4667,12.19,TIER_4_QUARANTINE_FRAUD,test
4768,0,0.8448,0.2045,0.8612,0.785,0.4379,17.83,TIER_4_QUARANTINE_FRAUD,train
4769,0,0.1136,0.7303,0.8837,0.8528,0.1337,56.74,TIER_3_RESTRICTED_CAUTION,train
4770,1,0.9043,0.123,0.8787,0.66,0.0621,5.77,TIER_4_QUARANTINE_FRAUD,train
4771,0,0.0251,0.7875,0.9405,0.8162,0.0971,56.83,TIER_3_RESTRICTED_CAUTION,train
4772,0,0.2585,0.6438,0.9246,0.7875,0.0325,49.39,TIER_3_RESTRICTED_CAUTION,test
4773,0,0.9634,0.0816,0.8401,0.1581,0.0187,1.68,TIER_4_QUARANTINE_FRAUD,train
4774,0,0.5237,0.4288,0.8841,0.6216,0.4366,49.32,TIER_3_RESTRICTED_CAUTION,test
4775,0,0.1891,0.7946,0.9127,0.6464,0.4864,66.15,TIER_2_STANDARD_TRUST,train
4776,1,0.9062,0.0767,0.8348,0.6386,0.1063,3.04,TIER_4_QUARANTINE_FRAUD,train
4777,0,0.4823,0.449,0.8792,0.663,0.1404,43.62,TIER_4_QUARANTINE_FRAUD,test
4778,0,0.168,0.6963,0.874,0.5935,0.0442,46.01,TIER_3_RESTRICTED_CAUTION,train
4779,0,0.0064,0.8042,0.8891,0.8438,0.1361,58.88,TIER_3_RESTRICTED_CAUTION,train
4780,1,0.928,0.2434,0.8841,1.0,0.1233,20.45,TIER_4_QUARANTINE_FRAUD,test
4781,0,0.0843,0.8553,0.9086,0.6743,0.9735,85.68,TIER_1_VERIFIED_SAFE,train
4782,0,0.7089,0.2959,0.8312,0.7291,0.1627,23.84,TIER_4_QUARANTINE_FRAUD,train
4783,0,0.8458,0.1705,0.8896,0.248,0.029,6.01,TIER_4_QUARANTINE_FRAUD,train
4784,0,0.7892,0.2093,0.923,0.9717,0.1647,16.84,TIER_4_QUARANTINE_FRAUD,train
4785,0,0.0068,0.9223,0.9154,0.8993,0.4295,74.34,TIER_2_STANDARD_TRUST,train
4786,0,0.7046,0.2734,0.8403,0.7083,0.1355,20.44,TIER_4_QUARANTINE_FRAUD,train
4787,0,0.2348,0.6261,0.8636,0.7554,0.1071,50.05,TIER_3_RESTRICTED_CAUTION,train
4788,0,0.3132,0.5725,0.8601,0.8205,0.1102,50.14,TIER_3_RESTRICTED_CAUTION,test
4789,0,0.286,0.6214,0.9105,0.8286,0.1091,52.28,TIER_3_RESTRICTED_CAUTION,train
4790,0,0.1071,0.7615,0.8797,0.8611,0.4416,68.63,TIER_2_STANDARD_TRUST,train
4791,0,0.102,0.7393,0.8615,0.7951,0.1348,55.39,TIER_3_RESTRICTED_CAUTION,train
4792,0,0.1574,0.8212,0.9243,0.6409,0.0857,52.9,TIER_3_RESTRICTED_CAUTION,test
4793,0,0.0044,0.9063,0.9338,0.7627,0.0602,57.7,TIER_3_RESTRICTED_CAUTION,train
4794,0,0.9563,0.0899,0.8038,0.5381,0.0371,3.14,TIER_4_QUARANTINE_FRAUD,train
4795,0,0.9314,0.1138,0.9072,0.7879,0.1267,6.13,TIER_4_QUARANTINE_FRAUD,train
4796,0,0.3056,0.7012,0.862,0.8273,0.4885,67.43,TIER_2_STANDARD_TRUST,train
4797,1,0.7937,0.2376,0.8818,0.7234,0.1189,16.65,TIER_4_QUARANTINE_FRAUD,test
4798,0,0.0657,0.7765,0.9186,0.8005,0.6589,75.56,TIER_2_STANDARD_TRUST,val
4799,1,0.9238,0.1153,0.8338,0.768,0.1055,5.91,TIER_4_QUARANTINE_FRAUD,train
4800,0,0.2359,0.6323,0.9088,0.961,0.1593,57.66,TIER_3_RESTRICTED_CAUTION,test
4801,1,0.8126,0.1956,0.8542,0.2946,0.0302,7.73,TIER_4_QUARANTINE_FRAUD,train
4802,1,0.8786,0.1511,0.8708,0.4757,0.1232,7.13,TIER_4_QUARANTINE_FRAUD,test
4803,1,0.9448,0.1279,0.8962,0.8391,0.0356,6.82,TIER_4_QUARANTINE_FRAUD,train
4804,0,0.0038,0.8204,0.9244,0.8994,0.1045,60.0,TIER_3_RESTRICTED_CAUTION,train
4805,1,0.9065,0.1274,0.8138,0.8035,0.1349,7.13,TIER_4_QUARANTINE_FRAUD,train
4806,0,0.0483,0.856,0.937,0.671,0.4231,66.63,TIER_2_STANDARD_TRUST,val
4807,0,0.0241,0.8212,0.8526,0.7492,0.0941,55.18,TIER_3_RESTRICTED_CAUTION,train
4808,0,0.0377,0.9133,0.911,0.7701,0.9564,89.24,TIER_1_VERIFIED_SAFE,test
4809,0,0.091,0.6881,0.8971,0.8857,0.116,55.81,TIER_3_RESTRICTED_CAUTION,train
4810,0,0.4546,0.4713,0.9067,0.7552,0.4835,59.01,TIER_3_RESTRICTED_CAUTION,test
4811,1,0.9771,0.0844,0.8436,0.7139,0.185,4.0,TIER_4_QUARANTINE_FRAUD,test
4812,1,0.8911,0.1383,0.8036,0.5904,0.0839,6.44,TIER_4_QUARANTINE_FRAUD,train
4813,0,0.7335,0.2907,0.9191,0.7828,0.447,30.1,TIER_4_QUARANTINE_FRAUD,train
4814,0,0.4984,0.4322,0.8739,0.7541,0.0993,41.78,TIER_4_QUARANTINE_FRAUD,train
4815,0,0.0029,0.911,0.8842,0.6791,0.4642,69.4,TIER_2_STANDARD_TRUST,train
4816,0,0.8266,0.194,0.8837,0.5959,0.0406,10.38,TIER_4_QUARANTINE_FRAUD,val
4817,0,0.8865,0.1401,0.8121,0.2589,0.0409,4.44,TIER_4_QUARANTINE_FRAUD,test
4818,1,0.8251,0.1848,0.8235,0.7906,0.1437,12.13,TIER_4_QUARANTINE_FRAUD,train
4819,0,0.2449,0.6247,0.8633,0.8303,0.1178,52.25,TIER_3_RESTRICTED_CAUTION,val
4820,0,0.5586,0.3859,0.8685,0.7876,0.147,36.93,TIER_4_QUARANTINE_FRAUD,train
4821,0,0.7643,0.2323,0.8517,0.7336,0.0669,15.31,TIER_4_QUARANTINE_FRAUD,test
4822,1,0.8941,0.1336,0.8706,0.9352,0.034,7.69,TIER_4_QUARANTINE_FRAUD,val
4823,1,0.7913,0.2115,0.8096,0.2963,0.0148,8.38,TIER_4_QUARANTINE_FRAUD,test
4824,0,0.0051,0.9283,0.9292,0.7075,0.4474,70.49,TIER_2_STANDARD_TRUST,val
4825,0,0.0814,0.7429,0.9246,0.892,0.0923,57.06,TIER_3_RESTRICTED_CAUTION,test
4826,0,0.0094,0.7995,0.9243,0.8453,0.0862,57.38,TIER_3_RESTRICTED_CAUTION,train
4827,0,0.0065,0.9183,0.9256,0.823,0.4937,74.66,TIER_2_STANDARD_TRUST,test
4828,0,0.4197,0.5043,0.8436,0.8606,0.1672,50.93,TIER_3_RESTRICTED_CAUTION,train
4829,1,0.9812,0.0839,0.8961,0.4828,0.1186,3.12,TIER_4_QUARANTINE_FRAUD,train
4830,0,0.0109,0.985,0.9401,0.8996,0.4135,75.91,TIER_2_STANDARD_TRUST,train
4831,0,0.0043,0.925,0.9192,0.7974,0.1369,61.67,TIER_3_RESTRICTED_CAUTION,test
4832,0,0.0178,0.804,0.9232,0.5267,0.0166,47.1,TIER_3_RESTRICTED_CAUTION,train
4833,0,0.0116,0.8268,0.9234,0.8542,0.4407,70.82,TIER_2_STANDARD_TRUST,train
4834,0,0.1141,0.7293,0.8968,0.7203,0.6588,71.91,TIER_2_STANDARD_TRUST,train
4835,1,0.9452,0.1006,0.7465,0.5266,0.1056,3.9,TIER_4_QUARANTINE_FRAUD,train
4836,0,0.1543,0.8055,0.8517,0.7638,0.1063,55.5,TIER_3_RESTRICTED_CAUTION,test
4837,0,0.1694,0.6756,0.9349,0.7023,0.1163,51.24,TIER_3_RESTRICTED_CAUTION,val
4838,1,0.9613,0.0805,0.8982,0.6174,0.1276,3.34,TIER_4_QUARANTINE_FRAUD,train
4839,1,0.9752,0.0831,0.8823,0.5172,0.4482,4.44,TIER_4_QUARANTINE_FRAUD,test
4840,0,0.1745,0.7013,0.9168,0.7595,0.4785,65.94,TIER_2_STANDARD_TRUST,train
4841,1,0.9461,0.2117,0.8667,0.6696,0.4586,17.94,TIER_4_QUARANTINE_FRAUD,train
4842,0,0.4551,0.463,0.8693,0.9343,0.1525,51.28,TIER_3_RESTRICTED_CAUTION,train
4843,0,0.2822,0.6135,0.8715,0.7768,0.4748,63.16,TIER_3_RESTRICTED_CAUTION,train
4844,1,0.9127,0.1298,0.8215,0.573,0.1483,6.28,TIER_4_QUARANTINE_FRAUD,train
4845,0,0.8965,0.1321,0.8467,0.2648,0.0521,4.24,TIER_4_QUARANTINE_FRAUD,test
4846,0,0.1986,0.7844,0.9372,0.6578,0.9747,83.47,TIER_1_VERIFIED_SAFE,train
4847,0,0.1828,0.6647,0.8679,0.8322,0.1333,54.09,TIER_3_RESTRICTED_CAUTION,train
4848,0,0.9052,0.2599,0.9129,0.462,0.4196,21.15,TIER_4_QUARANTINE_FRAUD,train
4849,0,0.0046,0.8231,0.9178,0.9064,0.4214,71.28,TIER_2_STANDARD_TRUST,test
4850,0,0.0031,0.9387,0.9243,0.7672,0.5075,74.34,TIER_2_STANDARD_TRUST,val
4851,1,0.9272,0.1194,0.8458,0.7126,0.103,5.97,TIER_4_QUARANTINE_FRAUD,train
4852,0,0.0351,0.7845,0.8707,0.9299,0.1658,61.29,TIER_3_RESTRICTED_CAUTION,train
4853,0,0.9479,0.1039,0.8652,0.7886,0.169,5.56,TIER_4_QUARANTINE_FRAUD,test
4854,0,0.3647,0.5417,0.8936,0.8108,0.0119,45.87,TIER_3_RESTRICTED_CAUTION,train
4855,1,0.9785,0.1747,0.9071,1.0,0.0948,12.46,TIER_4_QUARANTINE_FRAUD,test
4856,0,0.4994,0.4325,0.8985,0.8309,0.1423,45.31,TIER_3_RESTRICTED_CAUTION,train
4857,0,0.243,0.6274,0.8981,0.6312,0.169,49.5,TIER_3_RESTRICTED_CAUTION,train
4858,0,0.0475,0.769,0.9218,0.8589,0.1094,57.59,TIER_3_RESTRICTED_CAUTION,train
4859,1,0.9415,0.1323,0.8341,0.6593,0.049,6.21,TIER_4_QUARANTINE_FRAUD,train
4860,0,0.842,0.1754,0.6915,0.87,0.1605,11.62,TIER_4_QUARANTINE_FRAUD,train
4861,0,0.8213,0.2069,0.9067,0.5407,0.0169,10.7,TIER_4_QUARANTINE_FRAUD,train
4862,1,0.9798,0.0734,0.8821,0.4643,0.1253,2.56,TIER_4_QUARANTINE_FRAUD,val
4863,1,0.9663,0.0849,0.891,0.4,0.1318,2.98,TIER_4_QUARANTINE_FRAUD,test
4864,0,0.1014,0.7617,0.9131,0.8207,0.437,67.79,TIER_2_STANDARD_TRUST,train
4865,0,0.4305,0.4296,0.8707,1.0,0.2638,52.57,TIER_3_RESTRICTED_CAUTION,train
4866,0,0.0108,0.8989,0.9239,0.8395,0.1153,61.23,TIER_3_RESTRICTED_CAUTION,train
4867,0,0.2217,0.6378,0.9234,0.9304,0.2241,59.47,TIER_3_RESTRICTED_CAUTION,train
4868,0,0.2162,0.6404,0.9181,0.7467,0.1047,50.72,TIER_3_RESTRICTED_CAUTION,train
4869,0,0.0267,0.8873,0.8846,0.7671,0.0959,58.0,TIER_3_RESTRICTED_CAUTION,train
4870,1,0.9661,0.0301,0.8009,0.7039,0.1062,0.9,TIER_4_QUARANTINE_FRAUD,train
4871,0,0.8803,0.1458,0.8655,0.7289,0.0991,8.02,TIER_4_QUARANTINE_FRAUD,test
4872,0,0.8922,0.1488,0.8675,0.6982,0.122,8.27,TIER_4_QUARANTINE_FRAUD,train
4873,0,0.0337,0.8879,0.9196,0.8144,0.5355,74.93,TIER_2_STANDARD_TRUST,train
4874,1,0.9075,0.1225,0.8089,0.8339,0.0948,6.62,TIER_4_QUARANTINE_FRAUD,train
4875,0,0.4337,0.4809,0.8728,0.7118,0.0918,44.16,TIER_4_QUARANTINE_FRAUD,test
4876,1,0.9804,0.0721,0.7158,0.5167,0.1126,2.42,TIER_4_QUARANTINE_FRAUD,train
4877,0,0.8486,0.1719,0.8727,0.5817,0.1302,9.44,TIER_4_QUARANTINE_FRAUD,train
4878,0,0.7799,0.2192,0.7468,0.7241,0.1582,14.79,TIER_4_QUARANTINE_FRAUD,train
4879,0,0.0022,0.8078,0.9061,0.8229,0.1208,58.09,TIER_3_RESTRICTED_CAUTION,train
4880,0,0.0224,0.8233,0.9053,0.7806,0.1131,57.23,TIER_3_RESTRICTED_CAUTION,val
4881,0,0.7036,0.277,0.8601,0.5722,0.0447,17.44,TIER_4_QUARANTINE_FRAUD,train
4882,0,0.2057,0.6557,0.9458,0.8016,0.1153,53.2,TIER_3_RESTRICTED_CAUTION,train
4883,0,0.0364,0.8843,0.9386,0.8605,0.4439,72.96,TIER_2_STANDARD_TRUST,test
4884,1,0.9917,0.0154,0.8731,0.4243,0.1133,0.3,TIER_4_QUARANTINE_FRAUD,val
4885,1,0.765,0.3401,0.8928,0.7345,0.1167,28.89,TIER_4_QUARANTINE_FRAUD,train
4886,1,0.1961,0.606,0.7974,0.5855,0.1243,45.14,TIER_3_RESTRICTED_CAUTION,train
4887,0,0.5315,0.4081,0.863,0.7593,0.0997,38.17,TIER_4_QUARANTINE_FRAUD,train
4888,1,0.9918,0.0616,0.8781,0.5352,0.1183,2.12,TIER_4_QUARANTINE_FRAUD,train
4889,1,0.9222,0.1452,0.8888,1.0,0.527,13.03,TIER_4_QUARANTINE_FRAUD,train
4890,0,0.1308,0.7136,0.925,0.8323,0.1765,57.64,TIER_3_RESTRICTED_CAUTION,train
4891,0,0.1837,0.6808,0.8948,0.841,0.0751,53.03,TIER_3_RESTRICTED_CAUTION,train
4892,1,0.885,0.1451,0.8996,0.5921,0.1283,7.49,TIER_4_QUARANTINE_FRAUD,train
4893,1,0.9386,0.1245,0.8032,0.7555,0.1253,6.6,TIER_4_QUARANTINE_FRAUD,train
4894,0,0.8257,0.1923,0.8959,0.7067,0.1453,12.41,TIER_4_QUARANTINE_FRAUD,train
4895,0,0.0891,0.7409,0.8692,0.7267,0.0932,52.35,TIER_3_RESTRICTED_CAUTION,test
4896,0,0.0101,0.7991,0.9182,0.8966,0.0912,58.76,TIER_3_RESTRICTED_CAUTION,train
4897,0,0.8299,0.2026,0.8599,0.7815,0.1016,13.39,TIER_4_QUARANTINE_FRAUD,train
4898,0,0.1279,0.725,0.8536,0.7,0.1932,54.55,TIER_3_RESTRICTED_CAUTION,test
4899,1,0.9059,0.1351,0.8765,0.5791,0.1405,6.74,TIER_4_QUARANTINE_FRAUD,train
4900,0,0.6128,0.3797,0.8168,0.8553,0.4271,44.81,TIER_4_QUARANTINE_FRAUD,train
4901,0,0.0103,0.9259,0.9162,0.6913,0.9753,88.36,TIER_1_VERIFIED_SAFE,test
4902,0,0.0299,0.9048,0.9092,0.7402,0.0993,58.22,TIER_3_RESTRICTED_CAUTION,train
4903,0,0.1621,0.7129,0.8264,0.8842,0.1199,55.95,TIER_3_RESTRICTED_CAUTION,val
4904,1,0.5886,0.3707,0.8512,0.7455,0.1589,34.07,TIER_4_QUARANTINE_FRAUD,train
4905,0,0.0403,0.8035,0.9339,0.8063,0.4701,70.05,TIER_2_STANDARD_TRUST,val
4906,0,0.1123,0.7207,0.8569,0.8299,0.0231,51.75,TIER_3_RESTRICTED_CAUTION,train
4907,1,0.993,0.0695,0.7969,0.5166,0.0481,2.18,TIER_4_QUARANTINE_FRAUD,train
4908,0,0.9262,0.1201,0.8204,0.7981,0.1318,6.53,TIER_4_QUARANTINE_FRAUD,train
4909,0,0.0248,0.9199,0.8893,0.8454,0.4434,73.14,TIER_2_STANDARD_TRUST,test
4910,0,0.0002,0.9375,0.9331,0.7835,0.452,72.87,TIER_2_STANDARD_TRUST,train
4911,0,0.0824,0.8747,0.9155,0.6844,0.968,86.39,TIER_1_VERIFIED_SAFE,train
4912,0,0.0649,0.8719,0.8914,0.8811,0.9702,91.05,TIER_1_VERIFIED_SAFE,train
4913,0,0.0126,0.9252,0.9172,0.7982,0.461,73.02,TIER_2_STANDARD_TRUST,train
4914,0,0.6211,0.3588,0.8828,0.8116,0.1238,32.94,TIER_4_QUARANTINE_FRAUD,test
4915,1,0.8884,0.0927,0.8844,0.7005,0.0422,3.93,TIER_4_QUARANTINE_FRAUD,train
4916,0,0.2592,0.6437,0.8893,0.7777,0.9783,81.89,TIER_1_VERIFIED_SAFE,train
4917,1,0.8705,0.1796,0.8727,1.0,0.1421,13.36,TIER_4_QUARANTINE_FRAUD,train
4918,0,0.0182,0.9052,0.8975,0.7465,0.4768,71.48,TIER_2_STANDARD_TRUST,test
4919,1,0.9542,0.1074,0.884,0.6708,0.0363,4.68,TIER_4_QUARANTINE_FRAUD,train
4920,0,0.3885,0.5129,0.8993,0.9925,0.2749,58.81,TIER_3_RESTRICTED_CAUTION,train
4921,0,0.0291,0.7883,0.9517,0.8391,0.0977,57.56,TIER_3_RESTRICTED_CAUTION,test
4922,1,0.6997,0.2954,0.8694,0.579,0.0491,19.53,TIER_4_QUARANTINE_FRAUD,train
4923,0,0.0696,0.7736,0.9265,0.7951,0.0892,55.47,TIER_3_RESTRICTED_CAUTION,test
4924,0,0.0012,0.9111,0.9326,0.8453,0.4475,73.46,TIER_2_STANDARD_TRUST,train
4925,1,0.6913,0.3878,0.8965,0.4771,0.0541,28.37,TIER_4_QUARANTINE_FRAUD,train
4926,0,0.3599,0.6403,0.9243,0.7539,0.0992,50.77,TIER_3_RESTRICTED_CAUTION,test
4927,1,0.3917,0.5435,0.832,0.6199,0.4351,55.35,TIER_3_RESTRICTED_CAUTION,train
4928,0,0.0145,0.9132,0.9522,0.8588,0.1512,63.68,TIER_3_RESTRICTED_CAUTION,train
4929,0,0.0836,0.8786,0.9331,0.7149,0.9548,86.98,TIER_1_VERIFIED_SAFE,train
4930,0,0.0996,0.7664,0.905,0.7327,0.0901,53.51,TIER_3_RESTRICTED_CAUTION,test
4931,0,0.8105,0.2173,0.8659,0.6245,0.1053,13.38,TIER_4_QUARANTINE_FRAUD,train
4932,0,0.1686,0.6844,0.9191,0.8322,0.1442,55.57,TIER_3_RESTRICTED_CAUTION,train
4933,1,0.8914,0.1385,0.8461,0.5601,0.0394,6.05,TIER_4_QUARANTINE_FRAUD,train
4934,1,0.9017,0.1618,0.8164,0.6343,0.4401,11.71,TIER_4_QUARANTINE_FRAUD,train
4935,0,0.01,0.9364,0.9339,0.7414,0.4827,72.86,TIER_2_STANDARD_TRUST,train
4936,1,0.0821,0.7532,0.876,0.7588,0.0276,51.29,TIER_3_RESTRICTED_CAUTION,val
4937,0,0.8241,0.1938,0.9222,0.408,0.0117,8.58,TIER_4_QUARANTINE_FRAUD,test
4938,0,0.0008,0.9273,0.8895,0.8063,0.5083,74.66,TIER_2_STANDARD_TRUST,train
4939,1,0.3528,0.5396,0.8796,0.7425,0.0303,44.61,TIER_4_QUARANTINE_FRAUD,train
4940,1,0.9292,0.1266,0.8863,0.5883,0.4671,8.41,TIER_4_QUARANTINE_FRAUD,train
4941,0,0.9267,0.1079,0.5341,0.5114,0.1706,4.27,TIER_4_QUARANTINE_FRAUD,train
4942,0,0.3188,0.5157,0.9061,0.8761,0.119,50.6,TIER_3_RESTRICTED_CAUTION,test
4943,1,0.9465,0.0942,0.8992,0.4211,0.0246,3.04,TIER_4_QUARANTINE_FRAUD,train
4944,0,0.6474,0.3164,0.8222,0.9707,0.1423,29.71,TIER_4_QUARANTINE_FRAUD,test
4945,0,0.091,0.7378,0.9331,0.8744,0.194,60.12,TIER_3_RESTRICTED_CAUTION,val
4946,0,0.6024,0.3544,0.8559,0.9132,0.1582,34.86,TIER_4_QUARANTINE_FRAUD,test
4947,0,0.6828,0.3212,0.8502,0.784,0.0461,25.39,TIER_4_QUARANTINE_FRAUD,val
4948,0,0.9342,0.1147,0.8652,0.6228,0.0455,4.95,TIER_4_QUARANTINE_FRAUD,train
4949,0,0.0064,0.8041,0.9551,0.8365,0.1464,59.71,TIER_3_RESTRICTED_CAUTION,test
4950,0,1e-04,0.9302,0.9233,0.7393,0.0746,58.23,TIER_3_RESTRICTED_CAUTION,train
4951,0,0.0013,0.9398,0.9261,0.7288,0.4628,71.87,TIER_2_STANDARD_TRUST,val
4952,0,0.0037,0.9387,0.9172,0.8136,0.0829,60.57,TIER_3_RESTRICTED_CAUTION,train
4953,0,0.0097,0.8994,0.926,0.7968,0.0908,59.34,TIER_3_RESTRICTED_CAUTION,train
4954,0,0.0047,0.8369,0.9176,0.916,0.415,71.71,TIER_2_STANDARD_TRUST,train
4955,0,0.8771,0.1477,0.8911,0.717,0.1033,8.19,TIER_4_QUARANTINE_FRAUD,train
4956,0,0.098,0.8329,0.9142,0.8783,0.1165,60.16,TIER_3_RESTRICTED_CAUTION,train
4957,0,0.0182,0.9705,0.9398,0.8458,0.4259,74.56,TIER_2_STANDARD_TRUST,train
4958,1,0.5646,0.4075,0.841,0.6926,0.0992,36.4,TIER_4_QUARANTINE_FRAUD,train
4959,1,0.9567,0.0904,0.8549,0.5926,0.1143,3.74,TIER_4_QUARANTINE_FRAUD,train
4960,0,0.0016,0.9119,0.9291,0.7935,0.1535,61.86,TIER_3_RESTRICTED_CAUTION,val
4961,1,0.9267,0.1121,0.8615,0.7244,0.4605,7.58,TIER_4_QUARANTINE_FRAUD,train
4962,0,0.0866,0.7398,0.9132,0.894,0.1116,57.58,TIER_3_RESTRICTED_CAUTION,test
4963,1,0.918,0.0627,0.8822,1.0,0.1672,3.21,TIER_4_QUARANTINE_FRAUD,val
4964,0,0.1595,0.6888,0.8893,0.833,0.1416,55.34,TIER_3_RESTRICTED_CAUTION,train
4965,0,0.0035,0.7987,0.9255,0.9053,0.1022,59.42,TIER_3_RESTRICTED_CAUTION,train
4966,0,0.1013,0.8605,0.883,0.7212,0.4935,69.95,TIER_2_STANDARD_TRUST,train
4967,0,0.1956,0.6787,0.9238,0.5897,0.0169,44.93,TIER_4_QUARANTINE_FRAUD,train
4968,0,0.0052,0.8238,0.9059,0.8539,0.1001,58.62,TIER_3_RESTRICTED_CAUTION,train
4969,0,0.4568,0.4649,0.9098,0.7163,0.0731,43.51,TIER_4_QUARANTINE_FRAUD,train
4970,0,0.009,0.8962,0.8958,0.8969,0.1125,62.2,TIER_3_RESTRICTED_CAUTION,train
4971,1,0.8997,0.1346,0.8976,0.4258,0.0286,5.14,TIER_4_QUARANTINE_FRAUD,val
4972,1,0.8399,0.1891,0.8813,0.4792,0.4203,13.34,TIER_4_QUARANTINE_FRAUD,val
4973,0,0.3504,0.5436,0.8652,0.7903,0.1043,48.37,TIER_3_RESTRICTED_CAUTION,train
4974,0,0.1911,0.6754,0.9264,0.7923,0.0812,52.18,TIER_3_RESTRICTED_CAUTION,train
4975,0,0.0102,0.796,0.895,0.8963,0.0998,58.73,TIER_3_RESTRICTED_CAUTION,train
4976,0,0.0049,0.9902,0.9272,0.7537,0.4385,73.17,TIER_2_STANDARD_TRUST,train
4977,0,0.0241,0.8886,0.9419,0.786,0.1102,59.58,TIER_3_RESTRICTED_CAUTION,train
4978,0,0.0762,0.8604,0.9032,0.7769,0.9661,88.08,TIER_1_VERIFIED_SAFE,test
4979,0,0.0236,0.9167,0.92,0.6598,0.9704,87.16,TIER_1_VERIFIED_SAFE,train
4980,0,0.3926,0.5343,0.8282,0.874,0.1396,51.05,TIER_3_RESTRICTED_CAUTION,train
4981,1,0.2756,0.6256,0.8951,0.7139,0.1517,50.88,TIER_3_RESTRICTED_CAUTION,train
4982,0,0.3512,0.5471,0.8633,0.7721,0.0764,47.02,TIER_3_RESTRICTED_CAUTION,train
4983,0,0.4725,0.4693,0.8699,0.8406,0.0899,46.94,TIER_3_RESTRICTED_CAUTION,val
4984,0,0.1948,0.6879,0.909,0.7062,0.4462,63.0,TIER_3_RESTRICTED_CAUTION,train
4985,0,0.0059,0.9294,0.9239,0.8734,0.4532,74.82,TIER_2_STANDARD_TRUST,test
4986,0,0.6997,0.3162,0.9105,0.6168,0.4541,31.54,TIER_4_QUARANTINE_FRAUD,train
4987,0,0.0117,0.825,0.8977,0.8757,0.1304,60.18,TIER_3_RESTRICTED_CAUTION,train
4988,1,0.9326,0.1032,0.7971,0.6217,0.1353,4.62,TIER_4_QUARANTINE_FRAUD,test
4989,1,0.946,0.1085,0.7328,0.6631,0.1359,5.02,TIER_4_QUARANTINE_FRAUD,test
4990,0,0.3187,0.5679,0.9201,0.6492,0.0252,43.35,TIER_4_QUARANTINE_FRAUD,train
4991,0,0.1048,0.7399,0.8541,0.7742,0.4275,65.05,TIER_2_STANDARD_TRUST,val
4992,0,0.3101,0.5217,0.8875,0.7156,0.1788,48.68,TIER_3_RESTRICTED_CAUTION,train
4993,0,0.8547,0.1141,0.7725,0.7522,0.1279,5.78,TIER_4_QUARANTINE_FRAUD,train
4994,1,0.9697,0.1114,0.8648,0.5863,0.4383,6.84,TIER_4_QUARANTINE_FRAUD,train
4995,1,0.9762,0.0756,0.8073,0.6627,0.1241,3.07,TIER_4_QUARANTINE_FRAUD,train
4996,0,0.0177,0.7939,0.9195,0.8484,0.1221,58.5,TIER_3_RESTRICTED_CAUTION,val
4997,0,0.0102,0.9324,0.9279,0.8577,0.1243,63.04,TIER_3_RESTRICTED_CAUTION,test
4998,0,0.2361,0.7555,0.8989,0.6644,0.4703,64.72,TIER_3_RESTRICTED_CAUTION,val
4999,0,0.0986,0.757,0.9069,0.6816,0.0308,49.9,TIER_3_RESTRICTED_CAUTION,train
5000,0,0.0598,0.8885,0.9269,0.6903,0.2105,60.55,TIER_3_RESTRICTED_CAUTION,val
5001,0,0.1383,0.8051,0.9112,0.7622,0.0706,54.79,TIER_3_RESTRICTED_CAUTION,train
5002,0,0.0027,0.8037,0.866,0.8491,0.1476,59.17,TIER_3_RESTRICTED_CAUTION,val
5003,0,0.0283,0.9085,0.9278,0.8907,0.55,78.05,TIER_2_STANDARD_TRUST,test
5004,1,0.9534,0.1161,0.8396,0.7032,0.4478,7.75,TIER_4_QUARANTINE_FRAUD,train
5005,0,0.0615,0.7603,0.8744,0.7151,0.0903,52.59,TIER_3_RESTRICTED_CAUTION,test
5006,0,0.0269,0.9198,0.9253,0.7572,0.518,73.91,TIER_2_STANDARD_TRUST,test
5007,1,0.6668,0.3207,0.8573,0.585,0.1311,24.09,TIER_4_QUARANTINE_FRAUD,train
5008,1,0.9313,0.1288,0.8119,0.4995,0.111,5.57,TIER_4_QUARANTINE_FRAUD,train
5009,0,0.5604,0.5232,0.8998,0.7144,0.0342,43.75,TIER_4_QUARANTINE_FRAUD,train
5010,1,0.9623,0.1078,0.8959,0.6431,0.0326,4.59,TIER_4_QUARANTINE_FRAUD,train
5011,0,0.0032,0.9888,0.8902,0.9214,0.4521,77.42,TIER_2_STANDARD_TRUST,train
5012,1,0.8921,0.1464,0.8585,0.621,0.0634,7.14,TIER_4_QUARANTINE_FRAUD,train
5013,1,0.7827,0.2223,0.8585,0.5336,0.0322,11.88,TIER_4_QUARANTINE_FRAUD,val
5014,1,0.8528,0.182,0.8998,0.5125,0.4468,13.23,TIER_4_QUARANTINE_FRAUD,train
5015,0,0.707,0.2799,0.8343,0.7872,0.0644,20.86,TIER_4_QUARANTINE_FRAUD,train
5016,0,0.8496,0.1972,0.9043,0.6656,0.1463,12.56,TIER_4_QUARANTINE_FRAUD,train
5017,0,0.0002,0.9156,0.9185,0.8262,0.1759,63.47,TIER_3_RESTRICTED_CAUTION,train
5018,1,0.9485,0.1225,0.8406,0.7392,0.4649,8.63,TIER_4_QUARANTINE_FRAUD,train
5019,0,0.1723,0.6528,0.8913,0.9896,0.6749,76.86,TIER_2_STANDARD_TRUST,train
5020,0,0.2052,0.7629,0.8544,0.7171,0.9856,83.86,TIER_1_VERIFIED_SAFE,train
5021,0,0.0064,0.8107,0.9157,0.8508,0.4476,70.42,TIER_2_STANDARD_TRUST,train
5022,0,0.0765,0.8685,0.8928,0.678,0.5383,70.77,TIER_2_STANDARD_TRUST,train
5023,0,0.8018,0.3002,0.8504,0.8392,0.1269,25.36,TIER_4_QUARANTINE_FRAUD,train
5024,1,0.921,0.2242,0.9048,1.0,0.4817,23.31,TIER_4_QUARANTINE_FRAUD,train
5025,0,0.9276,0.1349,0.9019,0.6002,0.1041,6.62,TIER_4_QUARANTINE_FRAUD,train
5026,0,0.1178,0.7399,0.8982,0.634,0.0542,48.92,TIER_3_RESTRICTED_CAUTION,train
5027,0,0.0165,0.7974,0.8613,0.9215,0.1431,60.58,TIER_3_RESTRICTED_CAUTION,train
5028,0,0.8988,0.1674,0.8696,0.6134,0.4538,12.43,TIER_4_QUARANTINE_FRAUD,train
5029,0,0.1547,0.7242,0.9227,0.7837,0.5195,68.73,TIER_2_STANDARD_TRUST,train
5030,0,0.0177,0.8261,0.9015,0.8572,0.1031,58.84,TIER_3_RESTRICTED_CAUTION,train
5031,0,0.2096,0.7829,0.8905,0.6067,0.5014,65.11,TIER_2_STANDARD_TRUST,train
5032,0,0.4409,0.4937,0.9259,0.8456,0.4435,60.73,TIER_3_RESTRICTED_CAUTION,test
5033,0,0.0629,0.7542,0.9307,0.9415,0.105,59.15,TIER_3_RESTRICTED_CAUTION,train
5034,0,0.4506,0.4299,0.8596,0.9728,0.1502,48.12,TIER_3_RESTRICTED_CAUTION,test
5035,0,0.0115,0.833,0.9012,0.9049,0.1033,60.24,TIER_3_RESTRICTED_CAUTION,train
5036,0,0.0965,0.7364,0.8756,0.7992,0.1422,55.8,TIER_3_RESTRICTED_CAUTION,train
5037,0,0.0361,0.7991,0.8944,0.858,0.1182,58.51,TIER_3_RESTRICTED_CAUTION,train
5038,0,0.5706,0.3763,0.8494,0.8451,0.1292,36.0,TIER_4_QUARANTINE_FRAUD,train
5039,0,0.6412,0.3234,0.9296,0.915,0.1724,31.18,TIER_4_QUARANTINE_FRAUD,train
5040,0,0.0014,0.8325,0.8942,0.8503,0.4394,70.56,TIER_2_STANDARD_TRUST,train
5041,0,0.1781,0.7028,0.8648,0.7935,0.4237,64.4,TIER_3_RESTRICTED_CAUTION,val
5042,0,0.0025,0.9211,0.9277,0.7972,0.1228,61.14,TIER_3_RESTRICTED_CAUTION,train
5043,0,0.0519,0.776,0.8408,0.7075,0.1206,53.6,TIER_3_RESTRICTED_CAUTION,train
5044,1,0.9686,0.0347,0.8322,0.4526,0.0184,0.76,TIER_4_QUARANTINE_FRAUD,train
5045,0,0.7935,0.2423,0.8675,0.6286,0.1018,15.75,TIER_4_QUARANTINE_FRAUD,val
5046,0,0.4312,0.4922,0.9041,1.0,0.6592,71.88,TIER_2_STANDARD_TRUST,test
5047,0,0.7609,0.2522,0.8761,0.7541,0.102,18.25,TIER_4_QUARANTINE_FRAUD,test
5048,0,0.7173,0.2667,0.9019,0.6022,0.0221,16.64,TIER_4_QUARANTINE_FRAUD,train
5049,0,0.0018,0.9333,0.9257,0.8286,0.1827,64.37,TIER_3_RESTRICTED_CAUTION,train
5050,0,0.1704,0.7048,0.839,0.8977,0.1422,56.95,TIER_3_RESTRICTED_CAUTION,train
5051,0,0.0984,0.7354,0.9165,0.8746,0.195,59.92,TIER_3_RESTRICTED_CAUTION,val
5052,0,0.0052,0.9058,0.8866,0.8026,0.1288,60.61,TIER_3_RESTRICTED_CAUTION,train
5053,0,0.0082,0.8174,0.8974,0.7841,0.4656,69.39,TIER_2_STANDARD_TRUST,train
5054,0,0.0419,0.8904,0.8574,0.8234,0.9784,90.12,TIER_1_VERIFIED_SAFE,train
5055,0,0.5081,0.4578,0.9226,0.7092,0.4633,56.9,TIER_3_RESTRICTED_CAUTION,train
5056,0,0.2227,0.6462,0.903,0.735,0.4758,63.44,TIER_3_RESTRICTED_CAUTION,train
5057,0,0.0093,0.8015,0.8885,0.7847,0.1237,56.88,TIER_3_RESTRICTED_CAUTION,test
5058,1,0.9746,0.0844,0.7566,0.6775,0.1206,3.55,TIER_4_QUARANTINE_FRAUD,train
5059,0,0.1952,0.6715,0.8999,0.6422,0.6525,68.04,TIER_2_STANDARD_TRUST,train
5060,0,0.1354,0.7063,0.9278,0.9517,0.2264,62.18,TIER_3_RESTRICTED_CAUTION,train
5061,1,0.9727,0.0944,0.8808,0.4448,0.1061,3.47,TIER_4_QUARANTINE_FRAUD,test
5062,0,0.9095,0.1245,0.9243,0.3067,0.02,4.01,TIER_4_QUARANTINE_FRAUD,train
5063,0,0.0048,0.8017,0.9283,0.879,0.1067,59.05,TIER_3_RESTRICTED_CAUTION,train
5064,1,0.9151,0.1185,0.8828,0.5856,0.1138,5.47,TIER_4_QUARANTINE_FRAUD,train
5065,0,0.8159,0.2158,0.922,0.4696,0.0312,10.98,TIER_4_QUARANTINE_FRAUD,train
5066,0,0.414,0.516,0.8229,0.874,0.13,50.11,TIER_3_RESTRICTED_CAUTION,train
5067,0,0.0051,0.8003,0.9199,0.8483,0.1017,57.98,TIER_3_RESTRICTED_CAUTION,train
5068,1,0.7818,0.2194,0.8617,0.7865,0.0522,14.42,TIER_4_QUARANTINE_FRAUD,train
5069,1,0.9597,0.0347,0.8436,0.5163,0.0327,0.84,TIER_4_QUARANTINE_FRAUD,test
5070,0,0.1086,0.8416,0.9218,0.6805,0.5096,69.31,TIER_2_STANDARD_TRUST,test
5071,0,0.2544,0.7291,0.8977,0.7915,0.5061,68.35,TIER_2_STANDARD_TRUST,test
5072,0,0.2564,0.6136,0.8933,0.7689,0.1849,53.04,TIER_3_RESTRICTED_CAUTION,train
5073,0,0.624,0.3479,0.9116,0.78,0.0484,29.17,TIER_4_QUARANTINE_FRAUD,train
5074,1,0.3026,0.5975,0.8773,0.4833,0.0207,39.5,TIER_4_QUARANTINE_FRAUD,train
5075,0,0.0153,0.7983,0.8897,0.8534,0.1537,59.56,TIER_3_RESTRICTED_CAUTION,train
5076,0,0.0332,0.7892,0.9214,0.9157,0.0979,59.21,TIER_3_RESTRICTED_CAUTION,train
5077,0,0.2267,0.7494,0.8956,0.7212,0.5275,67.93,TIER_2_STANDARD_TRUST,val
5078,0,0.0104,0.7967,0.902,0.9398,0.1061,60.13,TIER_3_RESTRICTED_CAUTION,val
5079,0,0.431,0.4923,0.9157,1.0,0.5135,66.9,TIER_2_STANDARD_TRUST,train
5080,0,0.0028,0.9872,0.9123,0.9022,0.4212,76.04,TIER_2_STANDARD_TRUST,train
5081,0,0.9006,0.1478,0.8734,0.7149,0.1951,8.9,TIER_4_QUARANTINE_FRAUD,train
5082,0,0.7347,0.2529,0.8561,0.8152,0.117,19.21,TIER_4_QUARANTINE_FRAUD,train
5083,0,0.0055,0.9365,0.9195,0.8811,0.4088,73.62,TIER_2_STANDARD_TRUST,train
5084,1,0.9547,0.0402,0.7335,0.7342,0.1319,1.36,TIER_4_QUARANTINE_FRAUD,train
5085,0,0.0054,0.9865,0.9346,0.89,0.439,76.56,TIER_2_STANDARD_TRUST,train
5086,0,0.1404,0.7305,0.9245,0.6942,0.5127,66.46,TIER_2_STANDARD_TRUST,test
5087,0,0.0492,0.7682,0.9291,0.7904,0.0271,53.04,TIER_3_RESTRICTED_CAUTION,train
5088,1,0.9176,0.133,0.8381,0.6866,0.0553,6.45,TIER_4_QUARANTINE_FRAUD,val
5089,0,0.4883,0.4377,0.8455,0.5607,0.1172,38.3,TIER_4_QUARANTINE_FRAUD,train
5090,1,0.8469,0.1956,0.8903,0.7112,0.0892,12.08,TIER_4_QUARANTINE_FRAUD,train
5091,0,0.0721,0.7544,0.8844,0.8341,0.1293,56.86,TIER_3_RESTRICTED_CAUTION,train
5092,0,0.0915,0.7382,0.8737,0.8455,0.1244,56.38,TIER_3_RESTRICTED_CAUTION,test
5093,0,0.0029,0.8223,0.8695,0.865,0.1144,58.99,TIER_3_RESTRICTED_CAUTION,test
5094,0,0.3839,0.5239,0.8495,0.9206,0.1461,52.34,TIER_3_RESTRICTED_CAUTION,train
5095,0,0.2925,0.6175,0.8883,0.7473,0.5092,63.91,TIER_3_RESTRICTED_CAUTION,train
5096,0,0.773,0.2355,0.8417,0.7881,0.0635,16.12,TIER_4_QUARANTINE_FRAUD,train
5097,0,0.0286,0.7812,0.9267,0.6606,0.0444,50.77,TIER_3_RESTRICTED_CAUTION,train
5098,1,0.8209,0.2496,0.9015,0.575,0.1108,16.16,TIER_4_QUARANTINE_FRAUD,val
5099,0,0.0106,0.9807,0.9314,0.9273,0.0938,65.2,TIER_2_STANDARD_TRUST,test
5100,0,0.1541,0.694,0.8709,0.7911,0.0409,50.74,TIER_3_RESTRICTED_CAUTION,train
5101,1,0.9027,0.0792,0.8866,0.5857,0.0527,2.9,TIER_4_QUARANTINE_FRAUD,train
5102,0,0.2013,0.6783,0.9306,0.61,0.4927,62.15,TIER_3_RESTRICTED_CAUTION,train
5103,1,0.912,0.1491,0.8852,0.71,0.4837,11.42,TIER_4_QUARANTINE_FRAUD,test
5104,0,0.5193,0.4414,0.8829,0.816,0.0355,42.63,TIER_4_QUARANTINE_FRAUD,train
5105,0,0.9506,0.1008,0.7948,0.6106,0.0225,3.87,TIER_4_QUARANTINE_FRAUD,test
5106,0,0.2427,0.6501,0.9245,0.6478,0.5166,63.03,TIER_3_RESTRICTED_CAUTION,train
5107,0,0.0035,0.9089,0.93,0.7687,0.4462,71.4,TIER_2_STANDARD_TRUST,train
5108,0,0.0144,0.9261,0.9254,0.7233,0.6479,77.8,TIER_2_STANDARD_TRUST,test
5109,0,0.0557,0.7835,0.9257,0.8761,0.4766,71.35,TIER_2_STANDARD_TRUST,train
5110,0,0.0152,0.9204,0.8676,0.83,0.9719,91.05,TIER_1_VERIFIED_SAFE,train
5111,1,0.5792,0.5038,0.8889,0.8786,0.4289,60.98,TIER_3_RESTRICTED_CAUTION,train
5112,1,0.9127,0.0796,0.8612,1.0,0.0673,4.03,TIER_4_QUARANTINE_FRAUD,train
5113,1,0.8799,0.1751,0.9009,0.5197,0.0293,8.29,TIER_4_QUARANTINE_FRAUD,train
5114,0,0.0993,0.8406,0.8404,0.848,0.0243,55.67,TIER_3_RESTRICTED_CAUTION,train
5115,0,0.0356,0.9041,0.9166,0.9048,0.5669,78.75,TIER_2_STANDARD_TRUST,val
5116,0,0.0825,0.7571,0.906,0.8567,0.55,72.44,TIER_2_STANDARD_TRUST,train
5117,1,0.9862,0.068,0.8549,1.0,0.0645,3.24,TIER_4_QUARANTINE_FRAUD,train
5118,1,0.9535,0.0887,0.8443,0.707,0.1376,4.07,TIER_4_QUARANTINE_FRAUD,train
5119,0,0.5363,0.5045,0.8982,0.8233,0.2483,53.39,TIER_3_RESTRICTED_CAUTION,train
5120,1,0.626,0.4384,0.8948,0.7163,0.485,55.09,TIER_3_RESTRICTED_CAUTION,train
5121,0,0.5234,0.3659,0.8419,0.7896,0.1341,33.49,TIER_4_QUARANTINE_FRAUD,train
5122,0,0.0033,0.8113,0.9398,0.8995,0.1817,62.58,TIER_3_RESTRICTED_CAUTION,train
5123,0,0.0041,0.9251,0.9271,0.8386,0.1116,61.89,TIER_3_RESTRICTED_CAUTION,val
5124,0,0.774,0.2363,0.8539,0.695,0.0246,14.66,TIER_4_QUARANTINE_FRAUD,val
5125,0,0.136,0.7266,0.8362,0.8065,0.1313,54.92,TIER_3_RESTRICTED_CAUTION,train
5126,0,0.8799,0.2601,0.8432,0.6881,0.1352,18.71,TIER_4_QUARANTINE_FRAUD,test
5127,0,0.0156,0.8076,0.8568,0.7919,0.0346,53.8,TIER_3_RESTRICTED_CAUTION,train
5128,1,0.7781,0.1712,0.7839,0.7726,0.1299,10.49,TIER_4_QUARANTINE_FRAUD,test
5129,0,0.6505,0.3445,0.9107,0.5454,0.4497,34.49,TIER_4_QUARANTINE_FRAUD,train
5130,0,0.2095,0.6534,0.8854,0.8486,0.1528,55.02,TIER_3_RESTRICTED_CAUTION,test
5131,0,0.039,0.7892,0.9281,0.9902,0.1727,63.76,TIER_3_RESTRICTED_CAUTION,train
5132,0,0.7972,0.2058,0.9065,0.8878,0.1934,15.99,TIER_4_QUARANTINE_FRAUD,test
5133,0,0.0003,0.939,0.9273,0.8308,0.6032,79.32,TIER_2_STANDARD_TRUST,test
5134,0,0.1083,0.7375,0.9062,0.639,0.1646,52.93,TIER_3_RESTRICTED_CAUTION,train
5135,1,0.9506,0.1057,0.8602,1.0,0.1225,6.24,TIER_4_QUARANTINE_FRAUD,train
5136,0,0.7615,0.2504,0.8455,0.7662,0.0862,17.8,TIER_4_QUARANTINE_FRAUD,test
5137,0,0.0076,0.8304,0.9224,0.9793,0.4023,72.7,TIER_2_STANDARD_TRUST,test
5138,1,0.8081,0.1964,0.6991,0.975,0.1395,14.34,TIER_4_QUARANTINE_FRAUD,test
5139,0,0.0008,0.8351,0.9299,0.7103,0.5074,69.87,TIER_2_STANDARD_TRUST,test
5140,0,0.0016,0.9016,0.917,0.8983,0.1526,64.02,TIER_3_RESTRICTED_CAUTION,train
5141,1,0.9674,0.0881,0.858,0.55,0.128,3.53,TIER_4_QUARANTINE_FRAUD,test
5142,0,0.6077,0.3636,0.8713,0.6835,0.08,29.95,TIER_4_QUARANTINE_FRAUD,train
5143,1,0.911,0.1232,0.8117,0.6607,0.1336,6.12,TIER_4_QUARANTINE_FRAUD,test
5144,0,0.0051,0.9162,0.8922,0.8029,0.1687,62.38,TIER_3_RESTRICTED_CAUTION,train
5145,0,0.2274,0.6345,0.9136,0.8862,0.1137,54.3,TIER_3_RESTRICTED_CAUTION,train
5146,0,0.4001,0.6278,0.8694,0.8382,0.4674,64.84,TIER_3_RESTRICTED_CAUTION,train
5147,0,0.0281,0.7832,0.9142,0.9485,0.1741,62.44,TIER_3_RESTRICTED_CAUTION,train
5148,0,0.9017,0.1621,1.0,0.5336,0.044,7.89,TIER_4_QUARANTINE_FRAUD,train
5149,1,0.1559,0.8047,0.8324,0.7722,0.1219,56.04,TIER_3_RESTRICTED_CAUTION,train
5150,0,0.0037,0.9041,0.9464,0.8521,0.1839,64.33,TIER_3_RESTRICTED_CAUTION,test
5151,0,0.4909,0.4383,0.8792,0.7418,0.1003,42.51,TIER_4_QUARANTINE_FRAUD,train
5152,0,0.2286,0.581,0.861,0.8349,0.1229,51.22,TIER_3_RESTRICTED_CAUTION,train
5153,1,0.9716,0.0793,0.8932,1.0,0.1575,4.38,TIER_4_QUARANTINE_FRAUD,test
5154,0,0.7104,0.2724,0.8624,0.7334,0.1594,21.2,TIER_4_QUARANTINE_FRAUD,train
5155,0,0.0828,0.7466,0.8547,0.9023,0.1656,59.3,TIER_3_RESTRICTED_CAUTION,test
5156,0,0.9601,0.0929,0.8553,0.5918,0.1094,3.85,TIER_4_QUARANTINE_FRAUD,train
5157,1,0.9668,0.0313,0.74,0.5914,0.1114,0.84,TIER_4_QUARANTINE_FRAUD,val
5158,1,0.9559,0.0953,0.8404,0.7482,0.1131,4.51,TIER_4_QUARANTINE_FRAUD,test
5159,0,0.0143,0.8959,0.9144,0.6822,0.0982,56.51,TIER_3_RESTRICTED_CAUTION,val
5160,1,0.8462,0.167,0.8967,0.6514,0.1336,9.63,TIER_4_QUARANTINE_FRAUD,val
5161,1,0.9229,0.2362,0.8138,0.6167,0.0549,14.09,TIER_4_QUARANTINE_FRAUD,train
5162,0,0.9397,0.0981,0.7295,0.1299,0.0298,2.01,TIER_4_QUARANTINE_FRAUD,val
5163,0,0.1954,0.6584,0.8741,0.7699,0.0968,51.13,TIER_3_RESTRICTED_CAUTION,train
5164,0,0.5364,0.5269,0.8753,0.6767,0.4309,56.56,TIER_3_RESTRICTED_CAUTION,train
5165,1,0.9175,0.1501,0.9045,0.3711,0.4096,8.92,TIER_4_QUARANTINE_FRAUD,test
5166,0,0.0039,0.9369,0.9108,0.7967,0.4577,73.15,TIER_2_STANDARD_TRUST,test
5167,0,0.1548,0.6727,0.8771,0.8158,0.1505,54.62,TIER_3_RESTRICTED_CAUTION,train
5168,0,0.6451,0.3208,0.8653,0.8573,0.1282,28.47,TIER_4_QUARANTINE_FRAUD,train
5169,1,0.9187,0.1234,0.8498,0.7825,0.0608,6.3,TIER_4_QUARANTINE_FRAUD,train
5170,0,0.0023,0.9318,0.9278,0.8969,0.4154,74.19,TIER_2_STANDARD_TRUST,val
5171,0,0.7757,0.2493,0.8786,0.7225,0.5544,24.93,TIER_4_QUARANTINE_FRAUD,train
5172,0,0.014,0.8158,0.9335,0.74,0.0893,55.43,TIER_3_RESTRICTED_CAUTION,train
5173,1,0.8987,0.1422,0.803,0.7668,0.1156,7.94,TIER_4_QUARANTINE_FRAUD,train
5174,0,0.0089,0.9155,0.9261,0.8576,0.0693,60.59,TIER_3_RESTRICTED_CAUTION,test
5175,0,0.1972,0.7827,0.8792,0.85,0.1889,60.13,TIER_3_RESTRICTED_CAUTION,train
5176,0,0.1139,0.7184,0.8897,0.7774,0.0931,53.14,TIER_3_RESTRICTED_CAUTION,train
5177,1,0.8285,0.1966,0.8569,0.6478,0.1143,11.81,TIER_4_QUARANTINE_FRAUD,train
5178,0,0.0354,0.8049,0.9192,0.8276,0.4468,69.67,TIER_2_STANDARD_TRUST,test
5179,0,0.3635,0.5523,0.9205,0.865,0.1095,51.23,TIER_3_RESTRICTED_CAUTION,test
5180,1,0.9063,0.1436,0.8831,0.425,0.113,6.28,TIER_4_QUARANTINE_FRAUD,train
5181,0,0.0141,0.7954,0.8708,0.7641,0.0982,55.11,TIER_3_RESTRICTED_CAUTION,val
5182,0,0.8453,0.1844,0.3429,0.5722,0.4911,12.69,TIER_4_QUARANTINE_FRAUD,test
5183,1,0.9703,0.0276,0.8817,0.4804,0.0213,0.59,TIER_4_QUARANTINE_FRAUD,train
5184,0,0.0133,0.8237,0.9172,0.8979,0.3969,70.22,TIER_2_STANDARD_TRUST,train
5185,0,0.1859,0.6665,0.8691,0.756,0.0944,50.89,TIER_3_RESTRICTED_CAUTION,train
5186,0,0.0581,0.7628,0.8933,0.9532,0.1702,61.6,TIER_3_RESTRICTED_CAUTION,train
5187,0,0.3656,0.6567,0.8871,0.8334,0.1328,54.06,TIER_3_RESTRICTED_CAUTION,train
5188,0,0.9181,0.1153,0.9156,0.6183,0.0253,4.93,TIER_4_QUARANTINE_FRAUD,train
5189,0,0.449,0.4977,0.915,0.7216,0.0314,43.22,TIER_4_QUARANTINE_FRAUD,train
5190,0,0.0008,0.9198,0.9299,0.9572,0.1128,64.77,TIER_3_RESTRICTED_CAUTION,train
5191,1,0.9737,0.111,0.8681,1.0,0.4823,8.74,TIER_4_QUARANTINE_FRAUD,train
5192,0,0.0097,0.7972,0.9395,0.858,0.1119,58.68,TIER_3_RESTRICTED_CAUTION,train
5193,0,0.0068,0.9349,0.9223,0.8246,0.4327,73.03,TIER_2_STANDARD_TRUST,train
5194,0,0.8659,0.1544,0.8687,0.7062,0.1017,8.6,TIER_4_QUARANTINE_FRAUD,test
5195,0,0.6861,0.3998,0.9251,0.8096,0.4775,49.9,TIER_3_RESTRICTED_CAUTION,train
5196,1,0.8999,0.1291,0.8335,0.5821,0.1207,6.11,TIER_4_QUARANTINE_FRAUD,train
5197,0,0.0198,0.9284,0.937,0.8691,0.4196,73.64,TIER_2_STANDARD_TRUST,train
5198,0,0.2249,0.7676,0.8813,0.7946,0.55,70.96,TIER_2_STANDARD_TRUST,val
5199,0,0.1851,0.6648,0.8723,0.8056,0.1054,52.5,TIER_3_RESTRICTED_CAUTION,train
5200,0,0.0091,0.9031,0.9037,0.8238,0.1009,60.25,TIER_3_RESTRICTED_CAUTION,train
5201,0,0.0153,0.9122,0.86,0.8212,0.9748,90.61,TIER_1_VERIFIED_SAFE,train
5202,0,0.0015,0.9001,0.9039,0.995,0.0124,61.35,TIER_3_RESTRICTED_CAUTION,train
5203,0,0.72,0.2645,0.8378,0.24,0.0425,11.93,TIER_4_QUARANTINE_FRAUD,train
5204,0,0.5486,0.5049,0.8777,0.7684,0.1117,47.04,TIER_3_RESTRICTED_CAUTION,val
5205,1,0.7548,0.2408,0.7568,0.6832,0.0117,14.32,TIER_4_QUARANTINE_FRAUD,val
5206,1,0.9461,0.1064,0.8884,0.8786,0.1022,5.77,TIER_4_QUARANTINE_FRAUD,train
5207,1,0.8229,0.2237,0.8038,0.6167,0.1216,13.87,TIER_4_QUARANTINE_FRAUD,train
5208,0,0.2829,0.5466,0.8556,0.8031,0.1023,48.61,TIER_3_RESTRICTED_CAUTION,test
5209,0,0.2303,0.6547,0.9242,0.6234,0.0478,46.14,TIER_3_RESTRICTED_CAUTION,train
5210,0,0.0003,0.9137,0.8956,0.8126,0.4524,72.52,TIER_2_STANDARD_TRUST,train
5211,1,0.2208,0.6434,0.8607,0.8686,0.1911,56.31,TIER_3_RESTRICTED_CAUTION,val
5212,1,0.9614,0.1166,0.8334,0.6394,0.1341,5.62,TIER_4_QUARANTINE_FRAUD,val
5213,1,0.7949,0.3362,0.8414,0.6802,0.1164,27.1,TIER_4_QUARANTINE_FRAUD,train
5214,1,0.8678,0.1615,0.897,0.6968,0.0499,8.7,TIER_4_QUARANTINE_FRAUD,train
5215,0,0.3854,0.4674,0.8717,0.8058,0.0891,46.0,TIER_3_RESTRICTED_CAUTION,train
5216,0,0.4081,0.5187,0.9263,0.9469,0.4402,63.91,TIER_3_RESTRICTED_CAUTION,train
5217,0,0.6858,0.3211,0.8519,0.8203,0.1107,27.43,TIER_4_QUARANTINE_FRAUD,train
5218,0,0.0096,0.8242,0.9223,0.7729,0.9723,87.3,TIER_1_VERIFIED_SAFE,val
5219,0,0.7444,0.2792,0.8771,0.7829,0.5419,29.94,TIER_4_QUARANTINE_FRAUD,train
5220,1,0.8489,0.1674,0.7654,0.7039,0.0403,8.76,TIER_4_QUARANTINE_FRAUD,test
5221,1,0.863,0.1559,0.8221,0.366,0.0587,6.08,TIER_4_QUARANTINE_FRAUD,train
5222,0,0.8704,0.15,0.8316,0.4935,0.0677,6.6,TIER_4_QUARANTINE_FRAUD,train
5223,0,0.1708,0.6776,0.9251,0.6567,0.0823,48.88,TIER_3_RESTRICTED_CAUTION,train
5224,0,0.0067,0.8013,0.9247,0.8296,0.0991,57.49,TIER_3_RESTRICTED_CAUTION,train
5225,1,0.9223,0.1102,0.8262,0.8438,0.1475,6.07,TIER_4_QUARANTINE_FRAUD,test
5226,0,0.0098,0.933,0.9442,0.6449,0.4765,70.23,TIER_2_STANDARD_TRUST,train
5227,1,0.9377,0.0572,0.8427,0.6117,0.1365,2.07,TIER_4_QUARANTINE_FRAUD,test
5228,0,0.6323,0.2792,0.8246,0.8529,0.1436,23.1,TIER_4_QUARANTINE_FRAUD,test
5229,0,0.5135,0.4233,0.9388,0.9363,0.1868,48.06,TIER_3_RESTRICTED_CAUTION,test
5230,1,0.347,0.5414,0.8508,0.8418,0.1225,50.08,TIER_3_RESTRICTED_CAUTION,train
5231,0,0.0012,0.9272,0.9228,0.8535,0.5209,76.61,TIER_2_STANDARD_TRUST,val
5232,0,0.0127,0.9113,0.9055,0.7532,0.5229,73.53,TIER_2_STANDARD_TRUST,train
5233,0,0.0597,0.7868,0.9237,0.7359,0.511,69.12,TIER_2_STANDARD_TRUST,val
5234,1,0.9646,0.0892,0.8588,0.6988,0.1131,3.99,TIER_4_QUARANTINE_FRAUD,train
5235,0,0.2612,0.7434,0.9145,0.7212,0.4039,63.61,TIER_3_RESTRICTED_CAUTION,train
5236,0,0.8998,0.1302,0.8626,0.2794,0.0245,4.06,TIER_4_QUARANTINE_FRAUD,train
5237,0,0.0109,0.8002,0.9227,0.8622,0.1219,59.05,TIER_3_RESTRICTED_CAUTION,train
5238,0,0.0385,0.7997,0.8663,0.8305,0.1315,58.02,TIER_3_RESTRICTED_CAUTION,test
5239,0,0.9121,0.1207,0.8761,0.2817,0.0209,3.64,TIER_4_QUARANTINE_FRAUD,train
5240,0,0.0363,0.7754,0.9078,0.6893,0.12,53.77,TIER_3_RESTRICTED_CAUTION,train
5241,0,0.0055,0.9118,0.9582,0.9016,0.4194,74.15,TIER_2_STANDARD_TRUST,train
5242,0,0.5858,0.4777,0.9017,0.7649,0.0895,45.6,TIER_3_RESTRICTED_CAUTION,train
5243,0,0.8233,0.2126,0.8656,0.6144,0.4609,17.55,TIER_4_QUARANTINE_FRAUD,val
5244,1,0.9511,0.1149,0.8203,0.3106,0.0215,3.42,TIER_4_QUARANTINE_FRAUD,train
5245,0,0.0008,0.8047,0.9236,0.9795,0.1388,62.72,TIER_3_RESTRICTED_CAUTION,train
5246,0,0.0147,0.7977,0.8796,0.8551,0.1267,58.54,TIER_3_RESTRICTED_CAUTION,train
5247,0,0.7668,0.2372,0.8368,0.7044,0.1654,16.91,TIER_4_QUARANTINE_FRAUD,train
5248,0,0.1073,0.7272,0.8707,0.7876,0.0984,53.66,TIER_3_RESTRICTED_CAUTION,train
5249,0,0.604,0.4616,0.9016,0.7375,0.4955,58.64,TIER_3_RESTRICTED_CAUTION,test
5250,1,0.8666,0.1053,0.8703,1.0,0.2141,6.71,TIER_4_QUARANTINE_FRAUD,test
5251,0,0.191,0.694,0.9151,0.7885,0.106,53.39,TIER_3_RESTRICTED_CAUTION,train
5252,0,0.0194,0.9626,0.9235,0.7957,0.4318,73.12,TIER_2_STANDARD_TRUST,train
5253,0,0.0382,0.7757,0.9197,0.8513,0.1018,57.31,TIER_3_RESTRICTED_CAUTION,train
5254,0,0.4033,0.5302,0.9384,0.7463,0.5109,61.83,TIER_3_RESTRICTED_CAUTION,train
5255,0,0.1776,0.7992,0.9129,0.8756,0.9783,89.24,TIER_1_VERIFIED_SAFE,train
5256,1,0.9678,0.0822,0.8176,0.4798,0.0454,2.66,TIER_4_QUARANTINE_FRAUD,train
5257,0,0.1458,0.8323,0.9114,0.8496,0.4319,70.44,TIER_2_STANDARD_TRUST,train
5258,0,0.0333,0.8171,0.861,0.7951,0.4425,68.49,TIER_2_STANDARD_TRUST,train
5259,0,0.3854,0.5145,0.6355,0.4486,0.0403,34.41,TIER_4_QUARANTINE_FRAUD,train
5260,1,0.5662,0.4932,0.8841,0.7005,0.0979,44.58,TIER_4_QUARANTINE_FRAUD,train
5261,0,0.8286,0.187,0.8944,1.0,0.2221,15.11,TIER_4_QUARANTINE_FRAUD,train
5262,0,0.0087,0.8057,0.8623,0.8019,0.1211,57.08,TIER_3_RESTRICTED_CAUTION,train
5263,1,0.6955,0.316,0.7956,0.7529,0.1193,25.54,TIER_4_QUARANTINE_FRAUD,train
5264,1,0.9017,0.1456,0.8978,0.6329,0.459,10.43,TIER_4_QUARANTINE_FRAUD,test
5265,0,0.0032,0.8067,0.9141,0.8677,0.1458,60.14,TIER_3_RESTRICTED_CAUTION,train
5266,1,0.6702,0.3373,0.8217,0.6367,0.1349,26.79,TIER_4_QUARANTINE_FRAUD,test
5267,1,0.9661,0.0815,0.8569,0.58,0.0384,2.91,TIER_4_QUARANTINE_FRAUD,train
5268,0,0.9022,0.1278,0.8614,0.721,0.1182,6.73,TIER_4_QUARANTINE_FRAUD,test
5269,0,0.2935,0.5846,0.8915,0.9714,0.1614,56.39,TIER_3_RESTRICTED_CAUTION,train
5270,0,0.0999,0.8425,0.8553,0.7729,0.1168,57.24,TIER_3_RESTRICTED_CAUTION,train
5271,0,0.1289,0.8936,0.9373,0.6031,0.4507,67.03,TIER_2_STANDARD_TRUST,test
5272,0,0.9771,0.1048,0.8919,0.5513,0.0379,4.09,TIER_4_QUARANTINE_FRAUD,train
5273,0,0.1314,0.7354,0.9299,0.8976,0.4254,68.69,TIER_2_STANDARD_TRUST,test
5274,0,0.013,0.7435,0.8961,0.9524,0.1273,59.53,TIER_3_RESTRICTED_CAUTION,train
5275,0,0.0009,0.8038,0.9314,0.9312,0.1917,63.42,TIER_3_RESTRICTED_CAUTION,val
5276,0,0.6774,0.2954,0.8007,0.9143,0.1582,26.18,TIER_4_QUARANTINE_FRAUD,train
5277,0,0.0116,0.9238,0.9215,0.9391,0.1029,64.01,TIER_3_RESTRICTED_CAUTION,train
5278,1,0.5104,0.4581,0.8478,0.7853,0.1038,45.48,TIER_3_RESTRICTED_CAUTION,train
5279,0,0.0003,0.933,0.9351,0.7806,0.0593,58.93,TIER_3_RESTRICTED_CAUTION,val
5280,1,0.9541,0.1255,0.8845,0.5973,0.1229,6.06,TIER_4_QUARANTINE_FRAUD,val
5281,1,0.9696,0.0268,0.8597,0.6636,0.0207,0.68,TIER_4_QUARANTINE_FRAUD,test
5282,1,0.9453,0.0988,0.8575,1.0,0.55,7.77,TIER_4_QUARANTINE_FRAUD,train
5283,0,0.0095,0.9321,0.9183,0.8985,0.425,74.49,TIER_2_STANDARD_TRUST,test
5284,0,0.8876,0.1376,0.866,0.2888,0.0439,4.61,TIER_4_QUARANTINE_FRAUD,train
5285,1,0.8847,0.0924,0.8645,0.3587,0.0179,2.68,TIER_4_QUARANTINE_FRAUD,train
5286,0,0.0002,0.9302,0.8952,0.8593,0.159,63.91,TIER_3_RESTRICTED_CAUTION,test
5287,1,0.9727,0.0922,0.8862,0.5521,0.0344,3.39,TIER_4_QUARANTINE_FRAUD,train
5288,0,0.0133,0.8125,0.9193,0.8497,0.0942,58.11,TIER_3_RESTRICTED_CAUTION,val
5289,0,0.2389,0.6445,0.9381,0.7454,0.4534,63.22,TIER_3_RESTRICTED_CAUTION,train
5290,1,0.8846,0.175,0.8261,0.7232,0.4726,14.11,TIER_4_QUARANTINE_FRAUD,train
5291,0,0.0101,0.8319,0.8633,0.913,0.4212,71.16,TIER_2_STANDARD_TRUST,train
5292,1,0.9565,0.0855,0.8631,1.0,0.55,6.4,TIER_4_QUARANTINE_FRAUD,train
5293,0,0.0128,0.9028,0.9046,0.7828,0.494,72.99,TIER_2_STANDARD_TRUST,train
5294,0,0.0011,0.8132,0.9316,0.8583,0.1439,60.21,TIER_3_RESTRICTED_CAUTION,train
5295,0,0.0012,0.8062,0.9056,0.9146,0.1656,61.9,TIER_3_RESTRICTED_CAUTION,train
5296,0,0.0748,0.879,0.9191,0.848,0.55,76.01,TIER_2_STANDARD_TRUST,test
5297,0,0.012,0.8886,0.9529,0.8671,0.4105,72.23,TIER_2_STANDARD_TRUST,train
5298,0,0.0868,0.7634,0.913,0.8225,0.254,61.48,TIER_3_RESTRICTED_CAUTION,train
5299,0,0.1988,0.6664,0.9339,0.9881,0.234,62.22,TIER_3_RESTRICTED_CAUTION,val
5300,0,0.0511,0.7701,0.8958,0.9212,0.1592,60.66,TIER_3_RESTRICTED_CAUTION,train
5301,0,0.9483,0.0987,0.9075,0.529,0.0206,3.61,TIER_4_QUARANTINE_FRAUD,train
5302,1,0.9011,0.1317,0.8377,0.6698,0.1056,6.63,TIER_4_QUARANTINE_FRAUD,train
5303,0,0.5234,0.4469,0.9258,0.7901,0.4443,57.45,TIER_3_RESTRICTED_CAUTION,train
5304,0,0.0153,0.9798,0.934,0.778,0.4818,75.05,TIER_2_STANDARD_TRUST,train
5305,1,0.8589,0.2639,0.8531,0.6735,0.4231,24.04,TIER_4_QUARANTINE_FRAUD,train
5306,0,0.0621,0.7849,0.9093,0.8225,0.0178,53.82,TIER_3_RESTRICTED_CAUTION,test
5307,0,0.0105,0.7957,0.9382,0.8604,0.1272,59.22,TIER_3_RESTRICTED_CAUTION,train
5308,0,0.1364,0.7256,0.8742,0.7826,0.4527,65.92,TIER_2_STANDARD_TRUST,train
5309,1,0.9569,0.0871,0.8933,0.916,0.2617,5.16,TIER_4_QUARANTINE_FRAUD,train
5310,0,0.0782,0.8833,0.9094,0.7114,0.4913,70.57,TIER_2_STANDARD_TRUST,train
5311,0,0.1047,0.7564,0.8933,0.8295,0.4482,68.05,TIER_2_STANDARD_TRUST,train
5312,0,0.5497,0.3966,0.773,0.8611,0.1423,39.15,TIER_4_QUARANTINE_FRAUD,train
5313,0,0.0356,0.8995,0.8853,0.8254,0.0927,59.72,TIER_3_RESTRICTED_CAUTION,train
5314,1,0.878,0.1478,0.9029,0.5858,0.047,7.0,TIER_4_QUARANTINE_FRAUD,test
5315,1,0.9039,0.0848,0.83,0.7622,0.0324,3.55,TIER_4_QUARANTINE_FRAUD,train
5316,0,0.181,0.683,0.9207,0.6095,0.0241,45.78,TIER_3_RESTRICTED_CAUTION,train
5317,1,0.8541,0.1651,0.7909,0.5752,0.1236,8.57,TIER_4_QUARANTINE_FRAUD,train
5318,0,0.0566,0.7971,0.9179,0.849,0.1359,59.08,TIER_3_RESTRICTED_CAUTION,test
5319,0,0.3665,0.5426,0.8287,0.8086,0.9645,78.54,TIER_2_STANDARD_TRUST,train
5320,0,0.0152,0.797,0.9161,0.9358,0.1576,61.98,TIER_3_RESTRICTED_CAUTION,train
5321,0,0.1478,0.6938,0.8106,0.7974,0.1569,54.35,TIER_3_RESTRICTED_CAUTION,train
5322,0,0.0027,0.8076,0.8626,0.8683,0.4432,70.08,TIER_2_STANDARD_TRUST,train
5323,0,0.0118,0.9189,0.8325,0.9293,0.6499,81.87,TIER_1_VERIFIED_SAFE,train
5324,0,0.1445,0.6665,0.8794,0.9847,0.6721,76.93,TIER_2_STANDARD_TRUST,train
5325,0,0.8097,0.1953,0.8988,0.5849,0.1231,11.42,TIER_4_QUARANTINE_FRAUD,train
5326,0,0.2717,0.6361,0.9052,0.7855,0.4933,65.04,TIER_2_STANDARD_TRUST,val
5327,0,0.1231,0.7275,0.8673,0.8092,0.1312,55.32,TIER_3_RESTRICTED_CAUTION,train
5328,0,0.0761,0.8599,0.89,0.9426,0.49,75.41,TIER_2_STANDARD_TRUST,train
5329,0,0.0207,0.932,0.8989,0.8741,0.5208,77.03,TIER_2_STANDARD_TRUST,train
5330,0,0.0016,0.9301,0.924,0.7483,0.4372,71.15,TIER_2_STANDARD_TRUST,test
5331,0,0.5587,0.3879,0.8358,0.795,0.1156,36.21,TIER_4_QUARANTINE_FRAUD,train
5332,0,0.0045,0.8019,0.8779,0.8734,0.1428,59.67,TIER_3_RESTRICTED_CAUTION,val
5333,1,0.8403,0.1722,0.8751,1.0,0.0317,11.48,TIER_4_QUARANTINE_FRAUD,train
5334,1,0.984,0.0698,0.8381,1.0,0.1438,3.59,TIER_4_QUARANTINE_FRAUD,test
5335,0,0.0314,0.8922,0.9225,0.7575,0.5188,73.09,TIER_2_STANDARD_TRUST,train
5336,1,0.9803,0.0755,0.8873,1.0,0.1306,3.99,TIER_4_QUARANTINE_FRAUD,test
5337,0,0.9142,0.1178,0.9206,0.8312,0.1275,6.65,TIER_4_QUARANTINE_FRAUD,train
5338,0,0.5444,0.4053,0.8622,0.7924,0.1006,38.5,TIER_4_QUARANTINE_FRAUD,train
5339,0,0.0568,0.8747,0.9067,0.7448,0.0809,56.76,TIER_3_RESTRICTED_CAUTION,test
5340,1,0.9736,0.074,0.877,1.0,0.0587,3.64,TIER_4_QUARANTINE_FRAUD,train
5341,0,0.0043,0.9353,0.9006,0.7765,0.4797,73.27,TIER_2_STANDARD_TRUST,train
5342,0,0.0038,0.9881,0.9334,0.907,0.4289,76.67,TIER_2_STANDARD_TRUST,train
5343,0,0.8268,0.1969,0.9192,0.695,0.0513,11.7,TIER_4_QUARANTINE_FRAUD,train
5344,0,0.4465,0.4283,0.8456,0.857,0.1801,45.98,TIER_3_RESTRICTED_CAUTION,train
5345,0,0.1334,0.7053,0.9146,0.7761,0.1317,54.31,TIER_3_RESTRICTED_CAUTION,val
5346,0,0.383,0.5432,0.912,0.6031,0.1207,44.72,TIER_4_QUARANTINE_FRAUD,test
5347,0,0.686,0.2436,0.8295,0.8023,0.1284,18.08,TIER_4_QUARANTINE_FRAUD,train
5348,0,0.2068,0.6511,0.8773,0.6911,0.1033,49.2,TIER_3_RESTRICTED_CAUTION,test
5349,1,0.9133,0.1201,0.824,0.6932,0.0769,5.72,TIER_4_QUARANTINE_FRAUD,train
5350,0,0.4374,0.5001,0.8906,0.6667,0.1542,45.97,TIER_3_RESTRICTED_CAUTION,train
5351,1,0.818,0.2169,0.8129,0.8022,0.1277,15.16,TIER_4_QUARANTINE_FRAUD,train
5352,0,0.0053,0.9386,0.9242,0.9375,0.3851,74.32,TIER_2_STANDARD_TRUST,train
5353,0,0.851,0.1937,0.8813,0.7247,0.0451,11.47,TIER_4_QUARANTINE_FRAUD,train
5354,0,0.6632,0.3441,0.8938,0.8112,0.0547,29.24,TIER_4_QUARANTINE_FRAUD,train
5355,1,0.9798,0.0875,0.8419,0.6213,0.1604,3.83,TIER_4_QUARANTINE_FRAUD,test
5356,0,0.1959,0.7567,0.9158,0.7302,0.0875,53.17,TIER_3_RESTRICTED_CAUTION,train
5357,1,0.402,0.5008,0.8852,0.8933,0.0754,48.85,TIER_3_RESTRICTED_CAUTION,test
5358,0,0.2084,0.6813,0.9223,0.8739,0.0977,54.93,TIER_3_RESTRICTED_CAUTION,train
5359,1,0.9591,0.1182,0.9017,1.0,0.55,10.0,TIER_4_QUARANTINE_FRAUD,train
5360,0,0.0016,0.8021,0.8998,0.9463,0.1296,61.25,TIER_3_RESTRICTED_CAUTION,train
5361,0,0.283,0.7119,0.9201,0.7467,0.6398,71.62,TIER_2_STANDARD_TRUST,train
5362,0,0.5758,0.4968,0.9249,0.6276,0.4649,56.11,TIER_3_RESTRICTED_CAUTION,test
5363,0,0.9153,0.0658,0.5817,0.8867,0.1685,2.95,TIER_4_QUARANTINE_FRAUD,train
5364,0,0.3522,0.6617,0.8749,0.8022,0.4361,63.92,TIER_3_RESTRICTED_CAUTION,test
5365,0,0.0018,0.8156,0.9081,0.8936,0.4148,70.41,TIER_2_STANDARD_TRUST,train
5366,0,0.0021,0.9386,0.924,0.8825,0.4327,74.61,TIER_2_STANDARD_TRUST,train
5367,0,0.0914,0.7382,0.8725,0.7295,0.099,52.57,TIER_3_RESTRICTED_CAUTION,train
5368,0,0.2744,0.5994,0.8905,1.0,0.2786,61.64,TIER_3_RESTRICTED_CAUTION,train
5369,1,0.9878,0.085,0.8341,0.6113,0.1166,3.46,TIER_4_QUARANTINE_FRAUD,train
5370,1,0.8757,0.165,0.8855,0.7321,0.0386,9.08,TIER_4_QUARANTINE_FRAUD,val
5371,0,0.0062,0.9254,0.9324,0.8803,0.5529,78.45,TIER_2_STANDARD_TRUST,train
5372,0,0.073,0.8498,0.8764,0.8696,0.1261,60.41,TIER_3_RESTRICTED_CAUTION,train
5373,0,0.3568,0.5491,0.9283,0.7296,0.1831,50.41,TIER_3_RESTRICTED_CAUTION,test
5374,0,0.0055,0.9819,0.9294,0.922,0.4154,76.34,TIER_2_STANDARD_TRUST,train
5375,0,0.3238,0.5997,0.8937,0.7689,0.5071,63.9,TIER_3_RESTRICTED_CAUTION,train
5376,1,0.9425,0.1317,0.8394,0.6059,0.1233,6.44,TIER_4_QUARANTINE_FRAUD,train
5377,0,0.0168,0.8089,0.9102,0.8049,0.1458,58.59,TIER_3_RESTRICTED_CAUTION,val
5378,0,0.9068,0.1374,0.8299,0.2538,0.0164,4.13,TIER_4_QUARANTINE_FRAUD,val
5379,0,0.0814,0.8826,0.9016,0.8707,0.4639,73.5,TIER_2_STANDARD_TRUST,test
5380,1,0.9453,0.2168,0.88,1.0,0.1257,17.3,TIER_4_QUARANTINE_FRAUD,train
5381,0,0.9722,0.1059,0.919,0.4645,0.4161,5.88,TIER_4_QUARANTINE_FRAUD,train
5382,0,0.0138,0.7958,0.8966,0.8924,0.1393,60.02,TIER_3_RESTRICTED_CAUTION,train
5383,0,0.4646,0.4886,0.893,0.6667,0.4228,55.05,TIER_3_RESTRICTED_CAUTION,val
5384,0,0.9059,0.1312,0.8524,0.5967,0.1311,6.44,TIER_4_QUARANTINE_FRAUD,train
5385,1,0.9832,0.0676,0.8816,0.5224,0.0166,2.08,TIER_4_QUARANTINE_FRAUD,test
5386,0,0.4348,0.4801,0.8933,0.7919,0.13,47.68,TIER_3_RESTRICTED_CAUTION,test
5387,1,0.9601,0.0878,0.8886,1.0,0.1876,5.15,TIER_4_QUARANTINE_FRAUD,test
5388,0,0.0626,0.8909,0.9113,0.8544,0.4447,72.76,TIER_2_STANDARD_TRUST,train
5389,0,0.8417,0.1732,0.8565,0.2812,0.0421,6.43,TIER_4_QUARANTINE_FRAUD,train
5390,0,0.0986,0.8386,0.9252,0.7619,0.5023,71.04,TIER_2_STANDARD_TRUST,train
5391,1,0.9736,0.0931,0.8152,0.4088,0.1144,3.25,TIER_4_QUARANTINE_FRAUD,train
5392,1,0.9343,0.1259,0.8407,0.5885,0.04,5.4,TIER_4_QUARANTINE_FRAUD,train
5393,0,0.0005,0.8201,0.9159,0.79,0.0651,55.79,TIER_3_RESTRICTED_CAUTION,train
5394,0,0.0801,0.772,0.9237,0.8001,0.4197,67.09,TIER_2_STANDARD_TRUST,train
5395,1,0.9354,0.1046,0.8334,0.7155,0.105,4.96,TIER_4_QUARANTINE_FRAUD,test
5396,0,0.4196,0.4872,0.924,0.7967,0.1216,48.03,TIER_3_RESTRICTED_CAUTION,train
5397,1,0.9408,0.1252,0.803,0.6243,0.1155,5.96,TIER_4_QUARANTINE_FRAUD,test
5398,0,0.068,0.7858,0.9133,0.742,0.4904,68.42,TIER_2_STANDARD_TRUST,train
5399,0,0.0525,0.8031,0.8854,0.7347,0.4432,66.83,TIER_2_STANDARD_TRUST,train
5400,0,0.4481,0.4667,0.7934,0.2249,0.0391,28.93,TIER_4_QUARANTINE_FRAUD,train
5401,0,0.0009,0.9856,0.9384,0.8686,0.509,78.48,TIER_2_STANDARD_TRUST,train
5402,0,0.2849,0.5883,0.846,0.9528,0.1237,54.26,TIER_3_RESTRICTED_CAUTION,train
5403,0,0.1425,0.6991,0.8787,0.8934,0.1201,56.3,TIER_3_RESTRICTED_CAUTION,train
5404,0,0.1649,0.6808,0.9201,1.0,0.245,63.2,TIER_3_RESTRICTED_CAUTION,test
5405,0,0.0225,0.8155,0.8649,0.6955,0.1034,54.12,TIER_3_RESTRICTED_CAUTION,train
5406,0,0.6718,0.4295,0.8919,0.5744,0.023,34.8,TIER_4_QUARANTINE_FRAUD,train
5407,0,0.4136,0.4443,0.866,0.964,0.1522,50.58,TIER_3_RESTRICTED_CAUTION,train
5408,0,0.8685,0.1719,0.8638,0.834,0.4525,14.45,TIER_4_QUARANTINE_FRAUD,train
5409,0,0.0074,0.9114,0.9025,0.7611,0.0587,57.45,TIER_3_RESTRICTED_CAUTION,train
5410,1,0.8825,0.1445,0.8409,0.6761,0.1075,7.63,TIER_4_QUARANTINE_FRAUD,train
5411,1,0.9521,0.1115,0.8785,1.0,0.0988,6.62,TIER_4_QUARANTINE_FRAUD,train
5412,1,0.8859,0.1674,0.882,0.6787,0.5157,13.51,TIER_4_QUARANTINE_FRAUD,train
5413,0,0.0587,0.7626,0.8736,0.7874,0.0949,54.62,TIER_3_RESTRICTED_CAUTION,train
5414,0,0.3242,0.5614,0.8992,0.8562,0.1542,52.64,TIER_3_RESTRICTED_CAUTION,train
5415,0,0.037,0.879,0.872,0.7485,0.0954,57.14,TIER_3_RESTRICTED_CAUTION,train
5416,0,0.1104,0.7045,0.9141,1.0,0.9927,90.02,TIER_1_VERIFIED_SAFE,test
5417,0,0.0413,0.963,0.9501,0.7433,0.4286,71.98,TIER_2_STANDARD_TRUST,test
5418,0,0.0171,0.9187,0.8853,0.9881,0.1174,65.22,TIER_2_STANDARD_TRUST,train
5419,1,0.8083,0.2252,0.7678,0.99,0.0371,16.46,TIER_4_QUARANTINE_FRAUD,test
5420,0,0.0021,0.9269,0.9183,0.7571,0.5064,73.64,TIER_2_STANDARD_TRUST,train
5421,1,0.9493,0.1228,0.8899,0.6667,0.4407,8.25,TIER_4_QUARANTINE_FRAUD,test
5422,1,0.0266,0.8141,0.8474,0.7411,0.4629,67.63,TIER_2_STANDARD_TRUST,test
5423,0,0.1428,0.7123,0.8914,0.8513,0.4361,66.83,TIER_2_STANDARD_TRUST,train
5424,0,0.9522,0.1135,0.8871,0.7482,0.0676,5.56,TIER_4_QUARANTINE_FRAUD,train
5425,0,0.8334,0.1849,0.9035,0.4614,0.1503,9.87,TIER_4_QUARANTINE_FRAUD,train
5426,0,0.8181,0.3014,0.8734,0.7527,0.1036,23.88,TIER_4_QUARANTINE_FRAUD,test
5427,0,0.0144,0.9125,0.9296,0.9971,0.0941,64.89,TIER_3_RESTRICTED_CAUTION,train
5428,0,0.0179,0.8174,0.8747,0.9417,0.1497,62.05,TIER_3_RESTRICTED_CAUTION,train
5429,0,0.0003,0.9169,0.9268,0.8605,0.473,74.84,TIER_2_STANDARD_TRUST,test
5430,0,0.1422,0.7128,0.9077,0.9137,0.667,76.65,TIER_2_STANDARD_TRUST,test
5431,0,0.0144,0.8189,0.9254,0.7986,0.4354,69.02,TIER_2_STANDARD_TRUST,train
5432,0,0.4728,0.4828,0.8655,0.7352,0.0963,44.89,TIER_4_QUARANTINE_FRAUD,val
5433,0,0.0044,0.93,0.9175,0.9491,0.1019,64.37,TIER_3_RESTRICTED_CAUTION,train
5434,0,0.005,0.8008,0.8693,0.85,0.137,58.76,TIER_3_RESTRICTED_CAUTION,train
5435,1,0.9477,0.0955,0.8926,1.0,0.55,7.47,TIER_4_QUARANTINE_FRAUD,train
5436,0,0.8807,0.1457,0.8631,0.6792,0.0986,7.72,TIER_4_QUARANTINE_FRAUD,train
5437,0,0.9083,0.122,0.8177,0.2684,0.0222,3.54,TIER_4_QUARANTINE_FRAUD,val
5438,0,0.1229,0.736,0.9087,0.6469,0.5252,65.72,TIER_2_STANDARD_TRUST,train
5439,0,0.0011,0.919,0.929,0.8391,0.4949,75.16,TIER_2_STANDARD_TRUST,train
5440,0,0.0788,0.7063,0.8608,0.895,0.1054,55.86,TIER_3_RESTRICTED_CAUTION,test
5441,1,0.9665,0.1108,0.8622,0.3047,0.0297,3.33,TIER_4_QUARANTINE_FRAUD,val
5442,0,0.177,0.7083,0.9145,0.6075,0.5032,63.19,TIER_3_RESTRICTED_CAUTION,train
5443,0,0.2778,0.7287,0.9042,0.7487,0.4931,66.88,TIER_2_STANDARD_TRUST,val
5444,0,0.9697,0.0738,0.9015,0.6602,0.1175,3.04,TIER_4_QUARANTINE_FRAUD,train
5445,0,0.6341,0.453,0.8653,0.7851,0.0753,44.51,TIER_4_QUARANTINE_FRAUD,train
5446,0,0.0863,0.7662,0.9453,0.8083,0.9584,86.19,TIER_1_VERIFIED_SAFE,train
5447,0,0.104,0.7261,0.9121,0.9374,0.1101,58.19,TIER_3_RESTRICTED_CAUTION,train
5448,1,0.81,0.202,0.8912,0.6553,0.0953,12.25,TIER_4_QUARANTINE_FRAUD,train
5449,0,0.7922,0.2414,0.8204,0.8274,0.1277,18.07,TIER_4_QUARANTINE_FRAUD,train
5450,0,0.0078,0.9008,0.9063,0.9514,0.1074,63.63,TIER_3_RESTRICTED_CAUTION,train
5451,0,0.0075,0.7997,0.9069,0.8886,0.1794,61.56,TIER_3_RESTRICTED_CAUTION,val
5452,0,0.0035,0.9386,0.9144,0.9947,0.4144,76.68,TIER_2_STANDARD_TRUST,train
5453,0,0.007,0.9284,0.9245,0.8063,0.4884,74.35,TIER_2_STANDARD_TRUST,test
5454,1,0.8751,0.2682,0.8293,0.4905,0.4598,22.8,TIER_4_QUARANTINE_FRAUD,train
5455,0,0.0043,0.9181,0.8978,0.827,0.0202,57.9,TIER_3_RESTRICTED_CAUTION,train
5456,0,0.0036,0.9136,0.9121,0.8396,0.5263,75.94,TIER_2_STANDARD_TRUST,train
5457,1,0.6294,0.3582,0.8273,0.7755,0.4535,40.34,TIER_4_QUARANTINE_FRAUD,val
5458,0,0.9713,0.0816,0.911,0.5983,0.033,3.01,TIER_4_QUARANTINE_FRAUD,train
5459,0,0.2259,0.7701,0.8668,0.7479,0.4876,67.53,TIER_2_STANDARD_TRUST,val
5460,0,0.0004,0.8049,0.9296,0.9683,0.122,61.92,TIER_3_RESTRICTED_CAUTION,train
5461,0,0.0227,0.9103,0.9048,0.8575,0.4278,72.77,TIER_2_STANDARD_TRUST,train
5462,0,0.4504,0.4672,0.8778,0.7498,0.1134,45.51,TIER_3_RESTRICTED_CAUTION,test
5463,0,0.7556,0.3502,0.8915,0.6885,0.1334,29.82,TIER_4_QUARANTINE_FRAUD,val
5464,0,0.0228,0.7871,0.867,0.939,0.1498,61.0,TIER_3_RESTRICTED_CAUTION,train
5465,0,0.0711,0.8838,0.9233,0.7946,0.4383,70.95,TIER_2_STANDARD_TRUST,val
5466,0,0.1316,0.7058,0.8912,0.8813,0.1056,55.81,TIER_3_RESTRICTED_CAUTION,train
5467,0,0.0801,0.8626,0.9227,0.78,0.4659,70.91,TIER_2_STANDARD_TRUST,train
5468,0,0.0068,0.8271,0.9152,0.8618,0.109,59.33,TIER_3_RESTRICTED_CAUTION,train
5469,1,0.9155,0.1346,0.8457,0.7322,0.1068,7.19,TIER_4_QUARANTINE_FRAUD,train
5470,0,0.046,0.8899,0.8615,0.8862,0.1807,63.79,TIER_3_RESTRICTED_CAUTION,train
5471,1,0.9765,0.0788,0.8477,0.5023,0.1114,2.84,TIER_4_QUARANTINE_FRAUD,train
5472,0,0.0015,0.8328,0.9314,0.9344,0.0968,61.05,TIER_3_RESTRICTED_CAUTION,test
5473,0,0.5935,0.3615,0.8736,1.0,0.1144,36.55,TIER_4_QUARANTINE_FRAUD,test
5474,0,0.0088,0.8966,0.9521,0.8114,0.1387,61.56,TIER_3_RESTRICTED_CAUTION,test
5475,0,0.2989,0.7036,0.8622,0.6376,0.0266,46.6,TIER_3_RESTRICTED_CAUTION,train
5476,0,0.4541,0.4936,0.9124,0.8138,0.4459,59.88,TIER_3_RESTRICTED_CAUTION,train
5477,1,0.78,0.2196,0.8394,0.2541,0.0335,8.86,TIER_4_QUARANTINE_FRAUD,train
5478,0,0.116,0.7325,0.9058,0.7634,0.6539,73.0,TIER_2_STANDARD_TRUST,train
5479,0,0.0027,0.8169,0.903,0.8356,0.4788,71.18,TIER_2_STANDARD_TRUST,train
5480,0,0.028,0.8012,0.9286,0.8,0.1127,57.27,TIER_3_RESTRICTED_CAUTION,test
5481,1,0.6411,0.3417,0.878,0.8141,0.4535,38.63,TIER_4_QUARANTINE_FRAUD,val
5482,0,0.0164,0.9067,0.9276,0.7897,0.1028,59.82,TIER_3_RESTRICTED_CAUTION,train
5483,0,0.5009,0.539,0.8955,0.7258,0.5045,60.93,TIER_3_RESTRICTED_CAUTION,test
5484,0,0.0456,0.7896,0.823,0.634,0.1143,51.77,TIER_3_RESTRICTED_CAUTION,train
5485,0,0.9742,0.0893,0.8831,0.9071,0.1338,4.75,TIER_4_QUARANTINE_FRAUD,val
5486,0,0.056,0.79,0.8938,0.7206,0.11,54.5,TIER_3_RESTRICTED_CAUTION,train
5487,0,0.542,0.3525,0.922,0.7038,0.0954,29.65,TIER_4_QUARANTINE_FRAUD,train
5488,1,0.7292,0.2711,0.8502,0.6966,0.1007,19.44,TIER_4_QUARANTINE_FRAUD,train
5489,0,0.0706,0.7499,0.9312,0.8927,0.1246,58.49,TIER_3_RESTRICTED_CAUTION,train
5490,1,0.9429,0.0976,0.891,1.0,0.0688,5.38,TIER_4_QUARANTINE_FRAUD,test
5491,0,0.9487,0.1065,0.8471,0.7912,0.1196,5.47,TIER_4_QUARANTINE_FRAUD,train
5492,0,0.6661,0.3052,0.8825,0.8444,0.1467,26.69,TIER_4_QUARANTINE_FRAUD,test
5493,1,0.9466,0.1199,0.889,1.0,0.4456,9.51,TIER_4_QUARANTINE_FRAUD,train
5494,0,0.0562,0.8781,0.9081,0.7982,0.5965,76.26,TIER_2_STANDARD_TRUST,train
5495,1,0.9421,0.097,0.7404,0.5864,0.142,4.07,TIER_4_QUARANTINE_FRAUD,train
5496,0,0.7079,0.2792,0.8539,0.8035,0.1345,22.43,TIER_4_QUARANTINE_FRAUD,train
5497,1,0.8688,0.103,0.8499,0.7501,0.1037,5.0,TIER_4_QUARANTINE_FRAUD,train
5498,0,0.9848,0.0665,0.8324,0.8183,0.1193,2.91,TIER_4_QUARANTINE_FRAUD,train
5499,0,0.0084,0.9257,0.9107,0.9461,0.4447,76.1,TIER_2_STANDARD_TRUST,val
5500,0,0.0381,0.8021,0.9293,0.7003,0.0643,53.11,TIER_3_RESTRICTED_CAUTION,train
5501,1,0.8913,0.142,0.8825,0.6131,0.0213,6.51,TIER_4_QUARANTINE_FRAUD,test
5502,0,0.0303,0.8163,0.8575,0.854,0.55,73.66,TIER_2_STANDARD_TRUST,train
5503,0,0.0052,0.9113,0.906,0.9327,0.013,60.17,TIER_3_RESTRICTED_CAUTION,test
5504,1,0.9168,0.1229,0.9052,0.5018,0.032,4.88,TIER_4_QUARANTINE_FRAUD,train
5505,0,0.2266,0.7486,0.9039,0.812,0.1163,55.87,TIER_3_RESTRICTED_CAUTION,train
5506,0,0.58,0.5027,0.8921,0.6717,0.1615,46.45,TIER_3_RESTRICTED_CAUTION,val
5507,0,0.1949,0.6764,0.5712,0.6244,0.0468,43.25,TIER_4_QUARANTINE_FRAUD,train
5508,0,0.842,0.1828,0.9188,0.9278,0.1349,13.21,TIER_4_QUARANTINE_FRAUD,train
5509,0,0.824,0.2057,0.8927,0.8022,0.1136,14.14,TIER_4_QUARANTINE_FRAUD,test
5510,0,0.0168,0.8012,0.8654,0.8041,0.0977,56.21,TIER_3_RESTRICTED_CAUTION,test
5511,0,0.0425,0.7834,0.8811,0.8877,0.4343,69.71,TIER_2_STANDARD_TRUST,train
5512,0,0.9146,0.1552,0.8489,0.7304,0.4823,12.1,TIER_4_QUARANTINE_FRAUD,test
5513,1,0.7467,0.2541,0.8786,0.525,0.0479,14.85,TIER_4_QUARANTINE_FRAUD,test
5514,1,0.4333,0.481,0.823,0.742,0.1095,45.04,TIER_3_RESTRICTED_CAUTION,train
5515,1,0.2778,0.6247,0.8437,0.8705,0.4264,63.86,TIER_3_RESTRICTED_CAUTION,train
5516,0,0.1426,0.6957,0.9177,0.9417,0.1879,60.16,TIER_3_RESTRICTED_CAUTION,train
5517,1,0.8883,0.1127,0.873,0.985,0.0574,6.4,TIER_4_QUARANTINE_FRAUD,train
5518,0,0.384,0.5177,0.8859,0.885,0.1571,52.01,TIER_3_RESTRICTED_CAUTION,train
5519,0,0.0104,0.7989,0.8969,0.8297,0.109,57.49,TIER_3_RESTRICTED_CAUTION,train
5520,1,0.1419,0.6993,0.9044,0.8786,0.1128,55.93,TIER_3_RESTRICTED_CAUTION,test
5521,1,0.9331,0.1394,0.9013,0.6937,0.4845,10.35,TIER_4_QUARANTINE_FRAUD,train
5522,0,0.0226,0.9111,0.9136,0.7756,0.9715,89.86,TIER_1_VERIFIED_SAFE,test
5523,0,0.0728,0.7869,0.9203,0.8341,0.5121,71.59,TIER_2_STANDARD_TRUST,train
5524,1,0.9515,0.1103,0.8792,0.5564,0.1049,4.77,TIER_4_QUARANTINE_FRAUD,val
5525,0,0.0122,0.8971,0.8849,0.7338,0.0968,57.5,TIER_3_RESTRICTED_CAUTION,train
5526,1,0.9163,0.1156,0.8841,0.55,0.0383,4.68,TIER_4_QUARANTINE_FRAUD,train
5527,1,0.9088,0.1534,0.8426,0.8231,0.4336,12.04,TIER_4_QUARANTINE_FRAUD,train
5528,1,0.2972,0.5894,0.847,0.7877,0.1256,50.24,TIER_3_RESTRICTED_CAUTION,train
5529,1,0.946,0.0449,0.889,0.725,0.1002,1.59,TIER_4_QUARANTINE_FRAUD,train
5530,0,0.0085,0.9747,0.9172,0.9138,0.435,76.48,TIER_2_STANDARD_TRUST,test
5531,0,0.0257,0.9098,0.8873,0.826,0.0552,58.75,TIER_3_RESTRICTED_CAUTION,train
5532,0,0.0248,0.9109,0.8774,0.864,0.4975,75.12,TIER_2_STANDARD_TRUST,train
5533,0,0.0164,0.9287,0.9161,0.9095,0.5612,79.4,TIER_2_STANDARD_TRUST,train
5534,0,0.033,0.7899,0.9555,0.9556,0.4128,71.59,TIER_2_STANDARD_TRUST,train
5535,1,0.9742,0.0893,0.8442,0.7476,0.1179,4.15,TIER_4_QUARANTINE_FRAUD,train
5536,1,0.8992,0.1728,0.8976,0.6436,0.4626,13.38,TIER_4_QUARANTINE_FRAUD,train
5537,0,0.23,0.6385,0.9048,0.7071,0.0264,46.8,TIER_3_RESTRICTED_CAUTION,train
5538,1,0.972,0.0861,0.8348,0.7351,0.1142,3.88,TIER_4_QUARANTINE_FRAUD,train
5539,0,0.0044,0.9212,0.886,0.908,0.4596,75.28,TIER_2_STANDARD_TRUST,test
5540,0,0.0117,0.9235,0.871,0.8022,0.488,73.55,TIER_2_STANDARD_TRUST,train
5541,1,0.8613,0.16,0.8469,1.0,0.0163,10.13,TIER_4_QUARANTINE_FRAUD,train
5542,1,0.189,0.6775,0.8435,0.6343,0.077,47.31,TIER_3_RESTRICTED_CAUTION,train
5543,0,0.0038,0.9371,0.9261,0.7955,0.4955,74.61,TIER_2_STANDARD_TRUST,test
5544,0,0.0255,0.8121,0.8825,0.9061,0.55,75.09,TIER_2_STANDARD_TRUST,val
5545,1,0.9241,0.1376,0.809,0.8046,0.0403,7.23,TIER_4_QUARANTINE_FRAUD,train
5546,0,0.0639,0.7619,0.8846,0.887,0.1398,58.77,TIER_3_RESTRICTED_CAUTION,train
5547,0,0.5146,0.4419,0.9159,0.7527,0.51,57.71,TIER_3_RESTRICTED_CAUTION,train
5548,1,0.8981,0.1327,0.7984,0.8022,0.0492,6.89,TIER_4_QUARANTINE_FRAUD,train
5549,1,0.8687,0.1502,0.883,0.621,0.0567,7.41,TIER_4_QUARANTINE_FRAUD,train
5550,1,0.965,0.1036,0.8668,0.9685,0.0914,5.81,TIER_4_QUARANTINE_FRAUD,test
5551,1,0.5543,0.4067,0.8541,0.6673,0.1228,36.59,TIER_4_QUARANTINE_FRAUD,train
5552,0,0.2894,0.6239,0.8528,0.8271,0.1225,52.21,TIER_3_RESTRICTED_CAUTION,train
5553,1,0.9502,0.1095,0.8988,1.0,0.9558,11.26,TIER_4_QUARANTINE_FRAUD,train
5554,1,0.8484,0.1652,0.8487,0.7375,0.069,9.32,TIER_4_QUARANTINE_FRAUD,val
5555,0,0.6469,0.4304,0.9416,0.705,0.1338,42.13,TIER_4_QUARANTINE_FRAUD,train
5556,0,0.0022,0.9262,0.8872,0.7036,0.0666,56.58,TIER_3_RESTRICTED_CAUTION,train
5557,0,0.8637,0.1569,0.4835,0.7044,0.0476,7.33,TIER_4_QUARANTINE_FRAUD,train
5558,0,0.8225,0.3094,0.9211,0.6525,0.0473,22.4,TIER_4_QUARANTINE_FRAUD,test
5559,0,0.2056,0.6501,0.9085,0.8815,0.1416,55.58,TIER_3_RESTRICTED_CAUTION,train
5560,1,0.9725,0.084,0.8415,0.7417,0.1455,3.9,TIER_4_QUARANTINE_FRAUD,test
5561,1,0.884,0.1717,0.8763,0.4565,0.4723,11.96,TIER_4_QUARANTINE_FRAUD,test
5562,1,0.9284,0.1351,0.8058,0.7111,0.1516,7.37,TIER_4_QUARANTINE_FRAUD,train
5563,1,0.0143,0.9069,0.8991,0.8857,0.4398,73.74,TIER_2_STANDARD_TRUST,train
5564,0,0.4384,0.4962,0.915,0.9036,0.1603,52.24,TIER_3_RESTRICTED_CAUTION,train
5565,0,0.3732,0.5556,0.9028,0.7577,0.0427,46.13,TIER_3_RESTRICTED_CAUTION,train
5566,0,0.0071,0.8031,0.8626,0.8617,0.1339,58.95,TIER_3_RESTRICTED_CAUTION,train
5567,0,0.0067,0.837,0.9191,0.8192,0.5112,72.67,TIER_2_STANDARD_TRUST,test
5568,0,0.0329,0.9125,0.924,0.7658,0.4749,72.38,TIER_2_STANDARD_TRUST,train
5569,0,0.5662,0.3802,0.8978,0.8161,0.1226,36.21,TIER_4_QUARANTINE_FRAUD,train
5570,0,0.395,0.5342,0.8857,0.6725,0.1347,46.41,TIER_3_RESTRICTED_CAUTION,train
5571,0,0.0131,0.8205,0.8632,0.8012,0.0311,54.37,TIER_3_RESTRICTED_CAUTION,test
5572,0,0.0071,0.921,0.9388,1.0,0.3997,76.01,TIER_2_STANDARD_TRUST,test
5573,1,0.9526,0.0898,0.8879,1.0,0.6683,7.38,TIER_4_QUARANTINE_FRAUD,train
5574,0,0.8915,0.1395,0.8959,0.7112,0.1634,7.99,TIER_4_QUARANTINE_FRAUD,train
5575,1,0.9229,0.118,0.8495,0.6365,0.1064,5.55,TIER_4_QUARANTINE_FRAUD,train
5576,0,0.2931,0.5847,0.8734,0.8588,0.1426,52.74,TIER_3_RESTRICTED_CAUTION,test
5577,1,0.9604,0.0431,0.8261,0.8385,0.1187,1.64,TIER_4_QUARANTINE_FRAUD,train
5578,0,0.0124,0.8098,0.8869,0.8053,0.1621,58.97,TIER_3_RESTRICTED_CAUTION,test
5579,0,0.0146,0.9791,0.9272,0.8893,0.4162,75.44,TIER_2_STANDARD_TRUST,train
5580,1,0.9399,0.1023,0.8047,0.6867,0.1227,4.75,TIER_4_QUARANTINE_FRAUD,train
5581,0,0.0088,0.8998,0.9324,0.7652,0.1341,60.14,TIER_3_RESTRICTED_CAUTION,val
5582,0,0.8953,0.1315,0.5971,0.8265,0.1895,7.52,TIER_4_QUARANTINE_FRAUD,test
5583,0,0.9222,0.1273,0.8744,0.695,0.1295,6.68,TIER_4_QUARANTINE_FRAUD,test
5584,0,0.7537,0.2541,0.8604,0.8727,0.4629,25.81,TIER_4_QUARANTINE_FRAUD,val
5585,1,0.5856,0.3184,0.712,0.8186,0.1274,26.53,TIER_4_QUARANTINE_FRAUD,train
5586,1,0.7945,0.1584,0.7273,0.5764,0.1188,7.88,TIER_4_QUARANTINE_FRAUD,test
5587,1,0.917,0.1235,0.8216,0.6924,0.1018,6.11,TIER_4_QUARANTINE_FRAUD,train
5588,0,0.8425,0.1748,0.86,0.6888,0.1099,10.22,TIER_4_QUARANTINE_FRAUD,train
5589,0,0.148,0.7261,0.8673,0.8129,0.1679,56.66,TIER_3_RESTRICTED_CAUTION,train
5590,1,0.6945,0.2882,0.8484,0.6509,0.1234,21.13,TIER_4_QUARANTINE_FRAUD,train
5591,0,0.1558,0.6895,0.823,0.827,0.0282,50.57,TIER_3_RESTRICTED_CAUTION,train
5592,1,0.087,0.7241,0.8876,0.6806,0.0681,50.0,TIER_3_RESTRICTED_CAUTION,train
5593,0,0.818,0.1964,0.8716,0.8219,0.1252,13.45,TIER_4_QUARANTINE_FRAUD,train
5594,0,0.0057,0.8371,0.9335,0.9447,0.1076,61.83,TIER_3_RESTRICTED_CAUTION,train
5595,1,0.0262,0.9051,0.8546,0.71,0.42,68.15,TIER_2_STANDARD_TRUST,train
5596,0,0.1078,0.7221,0.9212,0.8398,0.1014,55.42,TIER_3_RESTRICTED_CAUTION,train
5597,0,0.8349,0.2031,0.889,0.78,0.0804,13.26,TIER_4_QUARANTINE_FRAUD,train
5598,0,0.2244,0.6412,0.9286,0.9649,0.1495,57.88,TIER_3_RESTRICTED_CAUTION,train
5599,0,0.4064,0.4997,0.8513,0.78,0.1237,47.33,TIER_3_RESTRICTED_CAUTION,test
5600,0,0.5914,0.3938,0.9175,0.3939,0.0149,26.37,TIER_4_QUARANTINE_FRAUD,train
5601,0,0.0006,0.8183,0.9261,0.9265,0.2033,64.09,TIER_3_RESTRICTED_CAUTION,train
5602,1,0.9545,0.09,0.7746,0.7337,0.1186,4.07,TIER_4_QUARANTINE_FRAUD,test
5603,1,0.8854,0.1443,0.6681,0.7223,0.0515,7.04,TIER_4_QUARANTINE_FRAUD,test
5604,0,0.3459,0.5461,0.8815,0.8049,0.1169,49.41,TIER_3_RESTRICTED_CAUTION,train
5605,1,0.9478,0.0916,0.8889,1.0,0.55,7.06,TIER_4_QUARANTINE_FRAUD,train
5606,0,0.0265,0.823,0.9177,0.8273,0.9605,88.17,TIER_1_VERIFIED_SAFE,train
5607,0,0.132,0.7053,0.9154,0.7133,0.0982,51.58,TIER_3_RESTRICTED_CAUTION,train
5608,1,0.9795,0.0217,0.7335,0.6985,0.1093,0.57,TIER_4_QUARANTINE_FRAUD,train
5609,1,0.9584,0.0864,0.8719,0.7,0.0432,3.55,TIER_4_QUARANTINE_FRAUD,test
5610,0,0.0989,0.7577,0.9205,0.8274,0.4338,67.81,TIER_2_STANDARD_TRUST,train
5611,0,0.9169,0.1207,0.7762,0.7342,0.144,6.28,TIER_4_QUARANTINE_FRAUD,train
5612,0,0.0883,0.7659,0.8882,0.8112,0.4662,68.46,TIER_2_STANDARD_TRUST,train
5613,0,0.1341,0.7041,0.8803,0.8341,0.1461,55.89,TIER_3_RESTRICTED_CAUTION,train
5614,0,0.0803,0.7442,0.8632,0.8654,0.1256,56.99,TIER_3_RESTRICTED_CAUTION,train
5615,0,0.0996,0.839,0.9134,0.8812,0.4139,70.82,TIER_2_STANDARD_TRUST,val
5616,0,0.0465,0.7685,0.8803,0.8539,0.1291,57.72,TIER_3_RESTRICTED_CAUTION,train
5617,0,0.8156,0.2217,0.8718,0.706,0.0964,14.5,TIER_4_QUARANTINE_FRAUD,train
5618,1,0.6435,0.3345,0.7913,0.532,0.0453,22.32,TIER_4_QUARANTINE_FRAUD,train
5619,0,0.1037,0.7345,0.9255,0.7449,0.4949,67.23,TIER_2_STANDARD_TRUST,train
5620,0,0.0064,0.8257,0.9294,0.8991,0.3953,70.38,TIER_2_STANDARD_TRUST,train
5621,0,0.581,0.3895,0.8601,0.9179,0.1326,39.67,TIER_4_QUARANTINE_FRAUD,train
5622,0,0.1314,0.7102,0.8522,0.8518,0.1081,54.91,TIER_3_RESTRICTED_CAUTION,train
5623,0,0.0174,0.7454,0.9207,0.8806,0.1558,59.03,TIER_3_RESTRICTED_CAUTION,val
5624,0,0.0025,0.8093,0.9389,0.9389,0.1071,60.89,TIER_3_RESTRICTED_CAUTION,train
5625,0,0.009,0.9086,0.906,0.9423,0.13,64.43,TIER_3_RESTRICTED_CAUTION,train
5626,1,0.8043,0.2272,0.8173,0.7096,0.0676,14.44,TIER_4_QUARANTINE_FRAUD,val
5627,1,0.9718,0.0795,0.8961,1.0,0.1189,4.26,TIER_4_QUARANTINE_FRAUD,train
5628,0,0.1965,0.658,0.8615,0.8968,0.1225,55.06,TIER_3_RESTRICTED_CAUTION,train
5629,1,0.8228,0.1672,0.8285,0.6174,0.0556,8.47,TIER_4_QUARANTINE_FRAUD,train
5630,0,0.9567,0.0914,0.9198,0.4505,0.0182,3.0,TIER_4_QUARANTINE_FRAUD,train
5631,1,0.4562,0.4222,0.8242,0.7562,0.1372,41.07,TIER_4_QUARANTINE_FRAUD,train
5632,0,0.1198,0.7204,0.9251,0.7387,0.0768,52.02,TIER_3_RESTRICTED_CAUTION,train
5633,0,0.0053,0.9857,0.9276,0.9392,0.3947,76.14,TIER_2_STANDARD_TRUST,train
5634,0,0.7317,0.2915,0.7993,0.7982,0.096,22.78,TIER_4_QUARANTINE_FRAUD,train
5635,0,0.0462,0.8728,0.8739,0.6957,0.0865,55.34,TIER_3_RESTRICTED_CAUTION,train
5636,0,0.8601,0.3016,0.8638,0.4932,0.4232,26.64,TIER_4_QUARANTINE_FRAUD,val
5637,0,0.0439,0.7937,0.9241,0.5792,0.4179,62.16,TIER_3_RESTRICTED_CAUTION,test
5638,0,0.2974,0.7086,0.8851,0.8862,0.4736,68.84,TIER_2_STANDARD_TRUST,train
5639,0,0.6923,0.3048,0.9057,0.5916,0.0451,20.84,TIER_4_QUARANTINE_FRAUD,val
5640,0,0.3478,0.5609,0.8626,0.7538,0.1278,48.77,TIER_3_RESTRICTED_CAUTION,train
5641,1,0.7104,0.2872,0.8641,0.6392,0.4644,27.6,TIER_4_QUARANTINE_FRAUD,train
5642,0,0.007,0.9259,0.9007,0.8683,0.4733,75.06,TIER_2_STANDARD_TRUST,val
5643,0,0.2169,0.6509,0.8703,0.7063,0.0379,47.22,TIER_3_RESTRICTED_CAUTION,train
5644,1,0.8435,0.1832,0.8679,0.6435,0.0491,9.94,TIER_4_QUARANTINE_FRAUD,train
5645,0,0.0163,0.9741,0.928,0.8374,0.1164,63.51,TIER_3_RESTRICTED_CAUTION,train
5646,1,0.9407,0.1296,0.8991,1.0,0.5215,11.13,TIER_4_QUARANTINE_FRAUD,train
5647,0,0.028,0.9117,0.9226,0.8004,0.9759,90.75,TIER_1_VERIFIED_SAFE,train
5648,1,0.6752,0.3336,0.8938,0.8474,0.5264,39.68,TIER_4_QUARANTINE_FRAUD,train
5649,0,0.325,0.5966,0.925,0.7761,0.0751,49.18,TIER_3_RESTRICTED_CAUTION,test
5650,0,0.2119,0.7794,0.9012,0.7738,0.9626,85.43,TIER_1_VERIFIED_SAFE,test
5651,0,0.2233,0.6588,0.7773,0.8122,0.2797,57.63,TIER_3_RESTRICTED_CAUTION,test
5652,0,0.7498,0.2396,0.922,0.782,0.1284,17.82,TIER_4_QUARANTINE_FRAUD,train
5653,1,0.8406,0.1738,0.8305,0.8523,0.1124,11.25,TIER_4_QUARANTINE_FRAUD,train
5654,1,0.9545,0.1179,0.9021,1.0,0.0984,7.19,TIER_4_QUARANTINE_FRAUD,train
5655,0,0.618,0.3458,0.8497,0.7889,0.1309,30.65,TIER_4_QUARANTINE_FRAUD,train
5656,1,0.9092,0.151,0.8942,0.6637,0.0309,7.53,TIER_4_QUARANTINE_FRAUD,train
5657,0,0.0044,0.9316,0.9262,0.9392,0.1184,64.84,TIER_3_RESTRICTED_CAUTION,val
5658,0,0.148,0.6973,0.9101,0.9936,0.6749,78.48,TIER_2_STANDARD_TRUST,train
5659,1,0.9695,0.1019,0.8308,0.5384,0.1045,4.13,TIER_4_QUARANTINE_FRAUD,test
5660,0,0.0042,0.8253,0.9172,0.8022,0.1345,58.69,TIER_3_RESTRICTED_CAUTION,train
5661,1,0.9372,0.1033,0.7843,0.7147,0.1154,4.85,TIER_4_QUARANTINE_FRAUD,test
5662,0,0.0281,0.8968,0.9276,0.7155,0.4655,70.36,TIER_2_STANDARD_TRUST,test
5663,0,0.1062,0.7271,0.8935,0.9466,0.103,58.02,TIER_3_RESTRICTED_CAUTION,val
5664,0,0.1218,0.7438,0.8516,0.8403,0.4614,67.99,TIER_2_STANDARD_TRUST,train
5665,1,0.9588,0.0894,0.8901,1.0,0.55,6.83,TIER_4_QUARANTINE_FRAUD,train
5666,0,0.0287,0.7861,0.9256,0.8874,0.1225,59.31,TIER_3_RESTRICTED_CAUTION,train
5667,1,0.9414,0.1277,0.8822,1.0,0.1101,8.08,TIER_4_QUARANTINE_FRAUD,train
5668,1,0.6661,0.3104,0.8896,0.145,0.4308,22.77,TIER_4_QUARANTINE_FRAUD,train
5669,0,0.0241,0.905,0.9253,0.769,0.1019,59.19,TIER_3_RESTRICTED_CAUTION,train
5670,0,0.72,0.3038,0.9051,0.6738,0.0779,22.64,TIER_4_QUARANTINE_FRAUD,train
5671,0,0.6134,0.3428,0.9214,0.9414,0.1336,33.5,TIER_4_QUARANTINE_FRAUD,train
5672,0,0.9434,0.0969,0.8429,0.7958,0.0673,4.56,TIER_4_QUARANTINE_FRAUD,test
5673,0,0.1466,0.6914,0.8624,0.9142,0.0267,53.16,TIER_3_RESTRICTED_CAUTION,test
5674,0,0.0131,0.803,0.9186,0.8246,0.1112,57.78,TIER_3_RESTRICTED_CAUTION,test
5675,0,0.9811,0.0972,0.8777,0.6844,0.086,4.34,TIER_4_QUARANTINE_FRAUD,test
5676,0,0.0594,0.7156,0.524,0.91,0.1541,54.85,TIER_3_RESTRICTED_CAUTION,test
5677,0,0.3679,0.5409,0.8497,0.6067,0.55,59.14,TIER_3_RESTRICTED_CAUTION,test
5678,0,0.0418,0.7967,0.9058,0.9124,0.1202,59.98,TIER_3_RESTRICTED_CAUTION,val
5679,0,0.5104,0.4256,0.8788,0.868,0.1612,45.49,TIER_3_RESTRICTED_CAUTION,train
5680,0,0.0061,0.912,0.9508,0.8391,0.5063,75.57,TIER_2_STANDARD_TRUST,test
5681,0,0.8598,0.1596,0.8557,0.2936,0.0543,5.87,TIER_4_QUARANTINE_FRAUD,train
5682,0,0.5273,0.4162,0.9201,0.6547,0.0421,35.72,TIER_4_QUARANTINE_FRAUD,train
5683,0,0.0198,0.9254,0.9263,0.8063,0.4691,73.6,TIER_2_STANDARD_TRUST,train
5684,0,0.0053,0.8231,0.927,0.839,0.0582,56.98,TIER_3_RESTRICTED_CAUTION,val
5685,0,0.0016,0.9418,0.9229,0.9184,0.4846,77.41,TIER_2_STANDARD_TRUST,test
5686,0,0.7649,0.3711,0.8598,0.7375,0.4189,41.12,TIER_4_QUARANTINE_FRAUD,train
5687,0,0.8384,0.1774,0.8744,0.8231,0.1243,11.63,TIER_4_QUARANTINE_FRAUD,train
5688,1,0.3395,0.5758,0.8818,0.7467,0.1425,49.75,TIER_3_RESTRICTED_CAUTION,test
5689,0,0.7743,0.2396,0.8215,0.7275,0.4541,21.81,TIER_4_QUARANTINE_FRAUD,val
5690,0,0.0081,0.8068,0.9165,0.8312,0.0946,57.46,TIER_3_RESTRICTED_CAUTION,train
5691,0,0.9306,0.1156,0.896,0.537,0.0298,4.6,TIER_4_QUARANTINE_FRAUD,train
5692,1,0.6946,0.3159,0.9026,0.7581,0.4703,34.04,TIER_4_QUARANTINE_FRAUD,train
5693,1,0.9449,0.1036,0.8427,0.7247,0.1039,4.93,TIER_4_QUARANTINE_FRAUD,test
5694,1,0.9476,0.0512,0.7876,0.8265,0.1044,2.0,TIER_4_QUARANTINE_FRAUD,val
5695,1,0.8904,0.1522,0.8838,1.0,0.0951,10.2,TIER_4_QUARANTINE_FRAUD,train
5696,0,0.7034,0.2851,0.9191,0.3938,0.1078,17.32,TIER_4_QUARANTINE_FRAUD,train
5697,0,0.2475,0.8056,0.9051,0.894,0.4733,72.13,TIER_2_STANDARD_TRUST,val
5698,0,0.0072,0.826,0.8895,0.6667,0.632,72.46,TIER_2_STANDARD_TRUST,train
5699,0,0.0029,0.9156,0.9155,0.7139,0.0691,56.89,TIER_3_RESTRICTED_CAUTION,train
5700,0,0.0062,0.9012,0.8748,0.8663,0.1114,61.34,TIER_3_RESTRICTED_CAUTION,train
5701,0,0.0232,0.7689,0.8816,0.7919,0.1241,56.02,TIER_3_RESTRICTED_CAUTION,train
5702,0,0.1424,0.726,0.8842,0.8222,0.978,85.41,TIER_1_VERIFIED_SAFE,train
5703,1,0.9355,0.1327,0.9019,0.6667,0.0467,6.4,TIER_4_QUARANTINE_FRAUD,val
5704,0,0.3929,0.6146,0.9238,0.8426,0.1256,53.14,TIER_3_RESTRICTED_CAUTION,test
5705,0,0.0198,0.7879,0.9656,0.7497,0.1302,56.59,TIER_3_RESTRICTED_CAUTION,train
5706,0,0.0019,0.8318,0.8525,0.7071,0.4342,66.35,TIER_2_STANDARD_TRUST,test
5707,0,0.023,0.7862,0.9372,0.917,0.0903,59.04,TIER_3_RESTRICTED_CAUTION,train
5708,0,0.003,0.8,0.9224,0.8164,0.1645,59.4,TIER_3_RESTRICTED_CAUTION,train
5709,0,0.0004,0.9174,0.9128,0.7432,0.5001,72.74,TIER_2_STANDARD_TRUST,train
5710,0,0.749,0.2439,0.8432,0.559,0.1165,15.25,TIER_4_QUARANTINE_FRAUD,train
5711,0,0.6758,0.2979,0.8653,0.8346,0.1262,25.07,TIER_4_QUARANTINE_FRAUD,train
5712,0,0.966,0.0903,0.8848,0.7005,0.1386,4.2,TIER_4_QUARANTINE_FRAUD,val
5713,0,0.1102,0.7345,0.9005,0.9225,0.6683,77.5,TIER_2_STANDARD_TRUST,train
5714,1,0.9848,0.0892,0.896,0.515,0.1032,3.43,TIER_4_QUARANTINE_FRAUD,test
5715,0,0.2198,0.6755,0.9054,0.7394,0.4283,62.8,TIER_3_RESTRICTED_CAUTION,train
5716,1,0.9759,0.0835,0.8876,0.6113,0.0164,3.05,TIER_4_QUARANTINE_FRAUD,train
5717,0,0.466,0.4562,0.8764,0.8184,0.1288,47.42,TIER_3_RESTRICTED_CAUTION,test
5718,0,0.1285,0.8458,0.9076,0.7261,0.4247,67.47,TIER_2_STANDARD_TRUST,train
5719,0,0.8683,0.1518,0.8129,0.1813,0.0323,4.47,TIER_4_QUARANTINE_FRAUD,train
5720,0,0.0129,0.8955,0.8739,0.7122,0.0956,56.76,TIER_3_RESTRICTED_CAUTION,test
5721,0,0.0662,0.8865,0.968,0.7545,0.4775,71.85,TIER_2_STANDARD_TRUST,test
5722,1,0.9163,0.075,0.8127,0.7279,0.1411,3.26,TIER_4_QUARANTINE_FRAUD,train
5723,1,0.9257,0.1177,0.8437,0.6444,0.1231,5.66,TIER_4_QUARANTINE_FRAUD,train
5724,1,0.9486,0.1245,0.8909,1.0,0.0702,7.55,TIER_4_QUARANTINE_FRAUD,test
5725,0,0.2474,0.7503,0.8988,0.8596,0.5236,71.31,TIER_2_STANDARD_TRUST,train
5726,0,0.5461,0.4203,0.8475,0.8425,0.1462,43.25,TIER_4_QUARANTINE_FRAUD,train
5727,0,0.7973,0.1838,0.8323,0.6567,0.148,11.07,TIER_4_QUARANTINE_FRAUD,train
5728,0,0.0208,0.7863,0.8585,0.8404,0.1193,57.36,TIER_3_RESTRICTED_CAUTION,test
5729,0,0.8716,0.1526,0.8739,0.7406,0.1014,8.67,TIER_4_QUARANTINE_FRAUD,train
5730,0,0.5233,0.4295,0.8923,0.8164,0.1398,44.34,TIER_4_QUARANTINE_FRAUD,val
5731,0,0.0095,0.8967,0.9288,0.8538,0.1267,61.97,TIER_3_RESTRICTED_CAUTION,val
5732,0,0.7198,0.2698,0.8833,0.7752,0.1585,21.52,TIER_4_QUARANTINE_FRAUD,test
5733,0,0.3247,0.5604,0.8614,0.8475,0.1376,51.43,TIER_3_RESTRICTED_CAUTION,train
5734,0,0.007,0.9099,0.922,0.887,0.1309,63.28,TIER_3_RESTRICTED_CAUTION,train
5735,0,0.0523,0.7739,0.8583,0.8052,0.1233,56.25,TIER_3_RESTRICTED_CAUTION,train
5736,1,0.8595,0.1616,0.783,0.757,0.1009,9.28,TIER_4_QUARANTINE_FRAUD,test
5737,1,0.954,0.0916,0.838,0.8456,0.117,4.59,TIER_4_QUARANTINE_FRAUD,train
5738,0,0.4267,0.4817,0.765,0.6569,0.2291,46.54,TIER_3_RESTRICTED_CAUTION,train
5739,0,0.805,0.2047,0.8967,0.8104,0.4766,18.7,TIER_4_QUARANTINE_FRAUD,train
5740,0,0.5933,0.3623,0.8609,0.8187,0.1133,33.13,TIER_4_QUARANTINE_FRAUD,test
5741,0,0.0029,0.9284,0.9209,0.8949,0.1084,63.23,TIER_3_RESTRICTED_CAUTION,test
5742,0,0.6889,0.3236,0.8591,0.7591,0.4292,34.06,TIER_4_QUARANTINE_FRAUD,train
5743,0,0.0126,0.8,0.9314,0.8462,0.1925,61.21,TIER_3_RESTRICTED_CAUTION,test
5744,0,0.074,0.8844,0.872,0.7718,0.9726,88.59,TIER_1_VERIFIED_SAFE,train
5745,1,0.9852,0.0742,0.8625,0.8312,0.1384,3.5,TIER_4_QUARANTINE_FRAUD,test
5746,0,0.8942,0.1343,0.8856,0.2955,0.0244,4.39,TIER_4_QUARANTINE_FRAUD,train
5747,0,0.1499,0.802,0.9121,0.7375,0.1395,56.5,TIER_3_RESTRICTED_CAUTION,val
5748,0,0.0048,0.9817,0.9174,0.8722,0.1054,64.12,TIER_3_RESTRICTED_CAUTION,train
5749,0,0.0527,0.7925,0.9028,0.887,0.0265,55.91,TIER_3_RESTRICTED_CAUTION,val
5750,0,0.0048,0.9401,0.8759,0.702,0.4392,69.89,TIER_2_STANDARD_TRUST,train
5751,0,0.7943,0.2091,0.9126,0.49,0.0995,11.49,TIER_4_QUARANTINE_FRAUD,train
5752,0,0.0028,0.8024,0.8696,0.8226,0.1294,57.86,TIER_3_RESTRICTED_CAUTION,train
5753,0,0.0501,0.7868,0.9023,0.9294,0.1526,61.21,TIER_3_RESTRICTED_CAUTION,test
5754,0,0.0027,0.8381,0.9231,0.9038,0.4237,71.8,TIER_2_STANDARD_TRUST,train
5755,0,0.3884,0.549,0.8681,0.8112,0.6427,67.93,TIER_2_STANDARD_TRUST,test
5756,0,0.055,0.8851,0.91,0.78,0.1752,61.29,TIER_3_RESTRICTED_CAUTION,train
5757,1,0.9383,0.099,0.8342,0.7321,0.1064,4.65,TIER_4_QUARANTINE_FRAUD,test
5758,0,0.0176,0.9175,0.8885,0.8373,0.5222,75.62,TIER_2_STANDARD_TRUST,train
5759,0,0.0018,0.8354,0.9191,0.8456,0.4846,72.35,TIER_2_STANDARD_TRUST,test
5760,0,0.5354,0.4322,0.8439,0.9031,0.4987,58.3,TIER_3_RESTRICTED_CAUTION,val
5761,0,0.0033,0.807,0.868,0.8538,0.1269,58.68,TIER_3_RESTRICTED_CAUTION,train
5762,0,0.0017,0.9336,0.8947,0.855,0.445,73.9,TIER_2_STANDARD_TRUST,train
5763,0,0.062,0.7555,0.9032,0.9476,0.1271,59.83,TIER_3_RESTRICTED_CAUTION,val
5764,0,0.1296,0.8326,0.8796,0.8925,0.9654,89.88,TIER_1_VERIFIED_SAFE,train
5765,0,0.9219,0.1419,0.7554,1.0,0.1853,9.66,TIER_4_QUARANTINE_FRAUD,test
5766,1,0.8665,0.1581,0.9036,0.6127,0.0329,7.76,TIER_4_QUARANTINE_FRAUD,val
5767,0,0.018,0.7932,0.9243,0.7661,0.0999,55.69,TIER_3_RESTRICTED_CAUTION,train
5768,1,0.8298,0.2073,0.8293,0.77,0.1215,13.88,TIER_4_QUARANTINE_FRAUD,train
5769,0,0.2237,0.6598,0.8059,0.8438,0.55,68.2,TIER_2_STANDARD_TRUST,train
5770,0,0.0331,0.9095,0.9142,0.6409,0.5113,70.35,TIER_2_STANDARD_TRUST,train
5771,0,0.0076,0.7992,0.8443,0.843,0.1203,57.71,TIER_3_RESTRICTED_CAUTION,test
5772,0,0.6791,0.2951,0.874,0.817,0.1219,24.43,TIER_4_QUARANTINE_FRAUD,train
5773,1,0.7186,0.2763,0.8943,0.3175,0.1154,15.49,TIER_4_QUARANTINE_FRAUD,val
5774,0,0.0133,0.805,0.8704,0.9303,0.1198,60.3,TIER_3_RESTRICTED_CAUTION,train
5775,0,0.3608,0.5352,0.8283,0.8277,0.1606,50.65,TIER_3_RESTRICTED_CAUTION,train
5776,0,0.8934,0.135,0.6181,0.83,0.1531,7.6,TIER_4_QUARANTINE_FRAUD,train
5777,0,0.1784,0.7936,0.9264,0.7467,0.55,70.99,TIER_2_STANDARD_TRUST,train
5778,0,0.2288,0.6374,0.8835,0.9229,0.2174,58.64,TIER_3_RESTRICTED_CAUTION,test
5779,0,0.2869,0.5886,0.8545,0.8599,0.121,51.93,TIER_3_RESTRICTED_CAUTION,train
5780,1,0.9287,0.0677,0.7496,0.9192,0.1144,3.11,TIER_4_QUARANTINE_FRAUD,test
5781,0,0.0268,0.8048,0.9034,0.8041,0.55,72.53,TIER_2_STANDARD_TRUST,train
5782,0,0.2022,0.6774,0.9315,0.8543,0.4136,65.47,TIER_2_STANDARD_TRUST,train
5783,0,0.666,0.3382,0.8803,0.8436,0.4735,39.06,TIER_4_QUARANTINE_FRAUD,train
5784,0,0.0017,0.9395,0.9247,0.7851,0.477,73.76,TIER_2_STANDARD_TRUST,test
5785,1,0.9408,0.1346,0.8563,0.426,0.4655,8.23,TIER_4_QUARANTINE_FRAUD,test
5786,0,0.5732,0.3793,0.9088,0.8691,0.1454,37.87,TIER_4_QUARANTINE_FRAUD,train
5787,0,0.0007,0.9291,0.9137,0.8396,0.0448,59.57,TIER_3_RESTRICTED_CAUTION,test
5788,0,0.0237,0.9138,0.8801,0.94,0.9743,93.81,TIER_1_VERIFIED_SAFE,test
5789,1,0.7784,0.2225,0.8327,0.8456,0.1192,16.13,TIER_4_QUARANTINE_FRAUD,train
5790,0,0.0148,0.7935,0.9314,0.9682,0.1066,61.06,TIER_3_RESTRICTED_CAUTION,test
5791,0,0.2582,0.6201,0.9323,0.5189,0.1026,44.49,TIER_4_QUARANTINE_FRAUD,train
5792,0,0.0036,0.8399,0.9322,0.9264,0.0188,58.34,TIER_3_RESTRICTED_CAUTION,train
5793,0,0.4671,0.457,0.8615,0.7424,0.0969,44.28,TIER_4_QUARANTINE_FRAUD,train
5794,0,0.5631,0.3821,0.8728,1.0,0.134,40.33,TIER_4_QUARANTINE_FRAUD,train
5795,0,0.053,0.7733,0.889,0.9817,0.1119,60.54,TIER_3_RESTRICTED_CAUTION,test
5796,0,0.0633,0.7834,0.9296,0.7919,0.0559,54.55,TIER_3_RESTRICTED_CAUTION,train
5797,0,0.0484,0.7666,0.9213,0.8709,0.2345,62.19,TIER_3_RESTRICTED_CAUTION,test
5798,1,0.955,0.0953,0.8992,1.0,0.2028,5.84,TIER_4_QUARANTINE_FRAUD,train
5799,0,0.0754,0.8742,0.8984,0.7375,0.9748,87.77,TIER_1_VERIFIED_SAFE,train
5800,0,0.3619,0.4801,0.7329,0.927,0.1332,49.57,TIER_3_RESTRICTED_CAUTION,train
5801,1,0.7949,0.2415,0.8742,0.578,0.4775,20.99,TIER_4_QUARANTINE_FRAUD,val
5802,0,0.6373,0.3319,0.8747,0.6667,0.054,25.09,TIER_4_QUARANTINE_FRAUD,train
5803,0,0.6491,0.4257,0.86,0.8314,0.0709,41.54,TIER_4_QUARANTINE_FRAUD,test
5804,1,0.9419,0.1337,0.8752,0.7106,0.4704,9.7,TIER_4_QUARANTINE_FRAUD,train
5805,0,0.5189,0.5282,0.9418,0.7824,0.1003,48.33,TIER_3_RESTRICTED_CAUTION,train
5806,0,0.2988,0.5818,0.912,0.938,0.1498,55.27,TIER_3_RESTRICTED_CAUTION,train
5807,1,0.9158,0.2422,0.8373,0.6917,0.1215,16.62,TIER_4_QUARANTINE_FRAUD,val
5808,1,0.9111,0.1247,0.8908,0.8275,0.1672,7.39,TIER_4_QUARANTINE_FRAUD,train
5809,0,0.0054,0.934,0.9246,0.9235,0.1035,63.98,TIER_3_RESTRICTED_CAUTION,train
5810,0,0.8134,0.195,0.7867,1.0,0.183,15.21,TIER_4_QUARANTINE_FRAUD,test
5811,1,0.9427,0.1161,0.8688,0.5036,0.0499,4.56,TIER_4_QUARANTINE_FRAUD,train
5812,1,0.9695,0.0895,0.8455,0.6266,0.1521,3.94,TIER_4_QUARANTINE_FRAUD,train
5813,1,0.2066,0.6014,0.8741,0.6949,0.1026,47.75,TIER_3_RESTRICTED_CAUTION,test
5814,0,0.06,0.7834,0.8975,0.8621,0.1397,58.92,TIER_3_RESTRICTED_CAUTION,test
5815,0,0.0064,0.9227,0.902,0.8305,0.9735,91.53,TIER_1_VERIFIED_SAFE,train
5816,0,0.4262,0.5211,0.8442,0.8238,0.0615,46.82,TIER_3_RESTRICTED_CAUTION,train
5817,0,0.5552,0.3968,0.8461,0.8907,0.4682,50.11,TIER_3_RESTRICTED_CAUTION,train
5818,1,0.8864,0.1761,0.8507,0.879,0.1193,11.79,TIER_4_QUARANTINE_FRAUD,train
5819,0,0.8341,0.2072,0.9128,0.6219,0.4673,17.24,TIER_4_QUARANTINE_FRAUD,train
5820,1,0.7712,0.2359,0.897,0.7418,0.0643,15.92,TIER_4_QUARANTINE_FRAUD,train
5821,1,0.8927,0.1686,0.9031,1.0,0.4731,15.54,TIER_4_QUARANTINE_FRAUD,train
5822,0,0.0048,0.9179,0.9168,0.8191,0.4379,72.51,TIER_2_STANDARD_TRUST,train
5823,0,0.0057,0.8004,0.9427,0.843,0.111,58.4,TIER_3_RESTRICTED_CAUTION,val
5824,0,0.0076,0.9094,0.8631,0.9005,0.1017,61.98,TIER_3_RESTRICTED_CAUTION,train
5825,1,0.9799,0.037,0.8908,0.5961,0.1184,1.13,TIER_4_QUARANTINE_FRAUD,val
5826,0,0.0466,0.7908,0.918,0.7724,0.0378,53.54,TIER_3_RESTRICTED_CAUTION,train
5827,0,0.1089,0.6916,0.9041,0.9555,0.1085,57.47,TIER_3_RESTRICTED_CAUTION,train
5828,0,0.007,0.7996,0.8799,0.8931,0.13,59.67,TIER_3_RESTRICTED_CAUTION,train
5829,0,0.5934,0.3567,0.8985,0.974,0.1514,36.48,TIER_4_QUARANTINE_FRAUD,train
5830,0,0.7214,0.3927,0.8375,0.8839,0.1366,39.4,TIER_4_QUARANTINE_FRAUD,test
5831,0,0.0505,0.8005,0.9082,0.8825,0.5361,73.92,TIER_2_STANDARD_TRUST,train
5832,1,0.9128,0.1349,0.8886,1.0,0.1105,8.73,TIER_4_QUARANTINE_FRAUD,train
5833,0,0.0479,0.8063,0.9208,0.8933,0.4761,72.39,TIER_2_STANDARD_TRUST,train
5834,0,0.2955,0.6911,0.8745,0.8083,0.546,68.8,TIER_2_STANDARD_TRUST,train
5835,0,0.0091,0.8016,0.9227,0.9053,0.1287,60.41,TIER_3_RESTRICTED_CAUTION,train
5836,0,0.8302,0.183,0.8657,0.2925,0.0476,7.18,TIER_4_QUARANTINE_FRAUD,train
5837,1,0.9342,0.0719,0.8763,0.3528,0.0344,1.93,TIER_4_QUARANTINE_FRAUD,train
5838,0,0.0024,0.8362,0.9122,0.7746,0.5488,72.78,TIER_2_STANDARD_TRUST,test
5839,0,0.2792,0.5953,0.8747,0.7862,0.0923,49.49,TIER_3_RESTRICTED_CAUTION,train
5840,0,0.6453,0.3202,0.8729,0.8977,0.173,30.1,TIER_4_QUARANTINE_FRAUD,test
5841,0,0.005,0.981,0.9337,0.8222,0.0105,59.69,TIER_3_RESTRICTED_CAUTION,train
5842,0,0.1776,0.6801,0.8557,0.897,0.4483,67.08,TIER_2_STANDARD_TRUST,test
5843,0,0.6919,0.2997,0.8154,0.6771,0.1409,22.99,TIER_4_QUARANTINE_FRAUD,train
5844,1,0.9414,0.1048,0.8569,0.6583,0.115,4.84,TIER_4_QUARANTINE_FRAUD,train
5845,0,0.0068,0.8993,0.9105,0.8146,0.1086,60.25,TIER_3_RESTRICTED_CAUTION,train
5846,0,0.0898,0.8384,0.9151,0.8021,0.1216,58.61,TIER_3_RESTRICTED_CAUTION,test
5847,1,0.1929,0.6859,0.8692,0.7481,0.1243,52.32,TIER_3_RESTRICTED_CAUTION,train
5848,0,0.0509,0.7788,0.8592,0.6986,0.1343,54.12,TIER_3_RESTRICTED_CAUTION,train
5849,0,0.0576,0.789,0.9033,0.7571,0.0297,52.67,TIER_3_RESTRICTED_CAUTION,train
5850,0,0.8355,0.2158,0.8692,0.719,0.0992,14.08,TIER_4_QUARANTINE_FRAUD,train
5851,0,0.0059,0.9684,0.9412,0.9214,0.3994,75.48,TIER_2_STANDARD_TRUST,train
5852,0,0.6973,0.31,0.8898,0.7263,0.0387,23.23,TIER_4_QUARANTINE_FRAUD,train
5853,0,0.0092,0.7956,0.9253,0.8654,0.0948,58.07,TIER_3_RESTRICTED_CAUTION,train
5854,0,0.334,0.558,0.8774,0.7983,0.1349,50.19,TIER_3_RESTRICTED_CAUTION,train
5855,0,0.6038,0.3536,0.8156,0.9602,0.1427,34.91,TIER_4_QUARANTINE_FRAUD,val
5856,0,0.1414,0.7184,0.918,0.7911,0.0962,53.88,TIER_3_RESTRICTED_CAUTION,test
5857,1,0.9137,0.1384,0.8694,0.7056,0.4354,9.87,TIER_4_QUARANTINE_FRAUD,train
5858,0,0.8469,0.2779,0.8216,0.57,0.413,24.19,TIER_4_QUARANTINE_FRAUD,val
5859,0,0.0036,0.9091,0.9317,0.9144,0.4096,73.79,TIER_2_STANDARD_TRUST,train
5860,0,0.0173,0.9296,0.9068,0.854,0.5166,76.39,TIER_2_STANDARD_TRUST,train
5861,1,0.8939,0.1108,0.8603,0.5402,0.1241,4.81,TIER_4_QUARANTINE_FRAUD,val
5862,0,0.9772,0.0725,0.876,0.8441,0.1106,3.35,TIER_4_QUARANTINE_FRAUD,val
5863,1,0.9284,0.0597,0.7227,0.7503,0.1261,2.33,TIER_4_QUARANTINE_FRAUD,test
5864,1,0.809,0.1998,0.8624,0.7718,0.14,13.51,TIER_4_QUARANTINE_FRAUD,test
5865,0,0.8698,0.1538,0.8721,0.7399,0.1024,8.77,TIER_4_QUARANTINE_FRAUD,test
5866,0,0.3769,0.5207,0.8232,0.7652,0.1271,47.43,TIER_3_RESTRICTED_CAUTION,train
5867,1,0.7918,0.2226,0.8986,0.62,0.1463,14.53,TIER_4_QUARANTINE_FRAUD,train
5868,0,0.7432,0.2514,0.8506,0.8186,0.1237,19.16,TIER_4_QUARANTINE_FRAUD,train
5869,0,0.1291,0.711,0.8886,0.6998,0.0735,50.28,TIER_3_RESTRICTED_CAUTION,test
5870,0,0.4192,0.4924,0.8715,0.8316,0.0928,47.52,TIER_3_RESTRICTED_CAUTION,test
5871,0,0.0027,0.9036,0.929,0.9232,0.0893,62.6,TIER_3_RESTRICTED_CAUTION,train
5872,0,0.0004,0.8132,0.8941,0.98,0.1646,63.6,TIER_3_RESTRICTED_CAUTION,train
5873,0,0.1588,0.6829,0.8578,0.8543,0.1153,54.46,TIER_3_RESTRICTED_CAUTION,test
5874,1,0.1736,0.6998,0.879,0.8004,0.1104,53.66,TIER_3_RESTRICTED_CAUTION,train
5875,0,0.003,0.9419,0.9251,0.8957,0.4485,75.6,TIER_2_STANDARD_TRUST,train
5876,0,0.5694,0.391,0.9006,0.7009,0.1579,36.48,TIER_4_QUARANTINE_FRAUD,train
5877,0,0.2043,0.7815,0.8735,0.7959,0.4408,67.51,TIER_2_STANDARD_TRUST,train
5878,0,0.9337,0.1241,0.8154,0.6482,0.0264,5.43,TIER_4_QUARANTINE_FRAUD,val
5879,1,0.967,0.0876,0.9045,0.5759,0.0611,3.36,TIER_4_QUARANTINE_FRAUD,train
5880,0,0.1279,0.7235,0.9242,0.7538,0.55,69.04,TIER_2_STANDARD_TRUST,train
5881,0,0.0068,0.8986,0.9421,0.9119,0.1109,63.06,TIER_3_RESTRICTED_CAUTION,train
5882,1,0.881,0.1587,0.8772,0.5121,0.0314,7.07,TIER_4_QUARANTINE_FRAUD,test
5883,1,0.9517,0.0399,0.8317,0.751,0.1065,1.37,TIER_4_QUARANTINE_FRAUD,train
5884,0,0.0447,0.8088,0.9458,0.8952,0.409,70.41,TIER_2_STANDARD_TRUST,train
5885,0,0.0053,0.9241,0.9169,0.8083,0.0679,59.48,TIER_3_RESTRICTED_CAUTION,test
5886,0,0.1094,0.829,0.8609,0.7151,0.4802,68.17,TIER_2_STANDARD_TRUST,val
5887,0,0.5209,0.4152,0.8768,0.8339,0.095,40.89,TIER_4_QUARANTINE_FRAUD,train
5888,1,0.8953,0.1475,0.8521,0.6571,0.4392,10.49,TIER_4_QUARANTINE_FRAUD,val
5889,0,0.1777,0.6731,0.872,0.767,0.099,51.55,TIER_3_RESTRICTED_CAUTION,test
5890,0,0.5335,0.4244,0.9182,0.4476,0.0131,31.1,TIER_4_QUARANTINE_FRAUD,train
5891,1,0.7741,0.2517,0.8549,0.3125,0.0166,11.51,TIER_4_QUARANTINE_FRAUD,train
5892,1,0.6694,0.3212,0.839,0.7592,0.1638,27.58,TIER_4_QUARANTINE_FRAUD,train
5893,0,0.0287,0.911,0.9161,0.8856,0.1626,64.32,TIER_3_RESTRICTED_CAUTION,train
5894,0,0.9234,0.0616,0.6849,0.2076,0.0193,1.1,TIER_4_QUARANTINE_FRAUD,train
5895,0,0.3202,0.5718,0.8669,0.8256,0.1211,50.7,TIER_3_RESTRICTED_CAUTION,train
5896,0,0.4153,0.5051,0.8972,0.57,0.113,42.33,TIER_4_QUARANTINE_FRAUD,train
5897,0,0.0042,0.8053,0.8829,0.8407,0.1367,58.79,TIER_3_RESTRICTED_CAUTION,train
5898,1,0.8663,0.1896,0.874,0.7989,0.5614,17.57,TIER_4_QUARANTINE_FRAUD,train
5899,1,0.652,0.3172,0.8871,0.7432,0.1165,26.05,TIER_4_QUARANTINE_FRAUD,train
5900,1,0.942,0.1142,0.903,1.0,0.5483,9.53,TIER_4_QUARANTINE_FRAUD,train
5901,0,0.5115,0.4466,0.8752,0.817,0.1702,48.06,TIER_3_RESTRICTED_CAUTION,train
5902,0,0.0041,0.8025,0.876,0.8622,0.1117,58.3,TIER_3_RESTRICTED_CAUTION,train
5903,0,0.026,0.7846,0.8716,0.8808,0.142,59.24,TIER_3_RESTRICTED_CAUTION,train
5904,0,0.2946,0.585,0.896,0.6711,0.0995,46.77,TIER_3_RESTRICTED_CAUTION,train
5905,0,0.2426,0.6524,0.8487,0.8118,0.1093,52.18,TIER_3_RESTRICTED_CAUTION,val
5906,0,0.9631,0.0864,0.8326,0.6603,0.1464,3.81,TIER_4_QUARANTINE_FRAUD,val
5907,1,0.9475,0.1295,0.8519,0.5877,0.0536,5.74,TIER_4_QUARANTINE_FRAUD,train
5908,1,0.8974,0.1344,0.7952,0.7859,0.122,7.46,TIER_4_QUARANTINE_FRAUD,train
5909,1,0.8323,0.2051,0.8922,0.7438,0.0364,12.58,TIER_4_QUARANTINE_FRAUD,train
5910,0,0.1696,0.6784,0.8871,0.7681,0.115,52.45,TIER_3_RESTRICTED_CAUTION,train
5911,0,0.0765,0.7827,0.921,0.8419,0.4141,68.23,TIER_2_STANDARD_TRUST,train
5912,0,0.029,0.8075,0.8967,0.7423,0.0921,54.97,TIER_3_RESTRICTED_CAUTION,train
5913,0,0.0096,0.7994,0.9252,0.8708,0.1125,58.94,TIER_3_RESTRICTED_CAUTION,train
5914,1,0.6851,0.2957,0.8139,0.8318,0.1323,24.59,TIER_4_QUARANTINE_FRAUD,train
5915,0,0.128,0.7125,0.8697,0.8616,0.1281,56.1,TIER_3_RESTRICTED_CAUTION,train
5916,1,0.779,0.2488,0.8336,0.6384,0.1185,16.62,TIER_4_QUARANTINE_FRAUD,val
5917,0,0.0019,0.8028,0.8764,0.8497,0.1206,58.31,TIER_3_RESTRICTED_CAUTION,train
5918,0,0.0039,0.9294,0.9026,0.8836,0.43,74.05,TIER_2_STANDARD_TRUST,train
5919,1,0.9628,0.0905,0.8912,1.0,0.514,6.79,TIER_4_QUARANTINE_FRAUD,train
5920,0,0.9184,0.1287,0.8378,0.6245,0.0293,5.67,TIER_4_QUARANTINE_FRAUD,train
5921,1,0.9022,0.1301,0.8984,0.6368,0.0274,5.93,TIER_4_QUARANTINE_FRAUD,test
5922,0,0.1342,0.7017,0.831,0.8043,0.1082,53.26,TIER_3_RESTRICTED_CAUTION,test
5923,0,0.7286,0.2938,0.9161,0.6076,0.4255,27.6,TIER_4_QUARANTINE_FRAUD,train
5924,0,0.806,0.2035,0.8271,0.7505,0.1169,13.27,TIER_4_QUARANTINE_FRAUD,train
5925,0,0.9615,0.0883,0.8956,0.6959,0.039,3.65,TIER_4_QUARANTINE_FRAUD,val
5926,1,0.8646,0.1558,0.8696,0.6937,0.1247,8.83,TIER_4_QUARANTINE_FRAUD,test
5927,0,0.0065,0.7989,0.8651,0.847,0.1304,58.36,TIER_3_RESTRICTED_CAUTION,train
5928,0,0.2599,0.7434,0.9005,0.7745,0.4834,67.59,TIER_2_STANDARD_TRUST,train
5929,1,0.8767,0.1501,0.8403,0.6928,0.1042,8.13,TIER_4_QUARANTINE_FRAUD,test
5930,0,0.4776,0.4006,0.8916,0.9249,0.1074,41.11,TIER_4_QUARANTINE_FRAUD,train
5931,1,0.8468,0.2717,0.8991,0.5936,0.1052,18.51,TIER_4_QUARANTINE_FRAUD,val
5932,0,0.9421,0.0961,0.5901,0.1767,0.0259,1.9,TIER_4_QUARANTINE_FRAUD,train
5933,1,0.9382,0.0496,0.8766,1.0,0.1284,2.26,TIER_4_QUARANTINE_FRAUD,test
5934,0,0.0046,0.8349,0.8758,0.7898,0.4194,68.23,TIER_2_STANDARD_TRUST,train
5935,0,0.2822,0.6128,0.8569,0.7306,0.4808,62.05,TIER_3_RESTRICTED_CAUTION,test
5936,1,0.8168,0.2237,0.8552,0.7694,0.0459,14.56,TIER_4_QUARANTINE_FRAUD,train
5937,1,0.5831,0.392,0.8218,0.7195,0.5397,47.52,TIER_3_RESTRICTED_CAUTION,train
5938,0,0.1975,0.7872,0.8997,0.7721,0.4679,68.29,TIER_2_STANDARD_TRUST,train
5939,1,0.9116,0.1459,0.892,0.5313,0.0262,6.36,TIER_4_QUARANTINE_FRAUD,val
5940,0,0.0192,0.9238,0.8534,0.8628,0.4804,74.63,TIER_2_STANDARD_TRUST,train
5941,1,0.626,0.362,0.7922,0.8099,0.1516,33.41,TIER_4_QUARANTINE_FRAUD,train
5942,1,0.9575,0.0951,0.8963,1.0,0.55,7.44,TIER_4_QUARANTINE_FRAUD,train
5943,0,0.0226,0.8053,0.9073,0.6862,0.0798,53.18,TIER_3_RESTRICTED_CAUTION,train
5944,0,0.0068,0.9777,0.9378,0.9567,0.003,62.73,TIER_3_RESTRICTED_CAUTION,train
5945,0,0.1306,0.7117,0.9229,0.9004,0.2714,62.59,TIER_3_RESTRICTED_CAUTION,train
5946,0,0.0004,0.9377,0.8763,0.8846,0.4572,75.01,TIER_2_STANDARD_TRUST,train
5947,1,0.9704,0.0397,0.7896,0.5703,0.1002,1.14,TIER_4_QUARANTINE_FRAUD,train
5948,0,0.5105,0.4538,0.8716,0.9458,0.4524,61.81,TIER_3_RESTRICTED_CAUTION,test
5949,0,0.5939,0.3186,0.8288,0.8378,0.1286,27.63,TIER_4_QUARANTINE_FRAUD,train
5950,0,0.9043,0.1252,0.403,0.3364,0.0401,3.33,TIER_4_QUARANTINE_FRAUD,train
5951,1,0.827,0.1386,0.8766,0.7883,0.1656,8.31,TIER_4_QUARANTINE_FRAUD,train
5952,0,0.0087,0.9347,0.9218,0.7841,0.4615,73.02,TIER_2_STANDARD_TRUST,train
5953,0,0.3611,0.5632,0.9206,0.7557,0.5351,63.73,TIER_3_RESTRICTED_CAUTION,test
5954,1,0.0097,0.7961,0.8525,0.8907,0.1348,59.39,TIER_3_RESTRICTED_CAUTION,train
5955,0,0.8412,0.179,0.8679,0.8518,0.0928,11.64,TIER_4_QUARANTINE_FRAUD,train
5956,1,0.9651,0.1027,0.8867,0.525,0.4732,6.1,TIER_4_QUARANTINE_FRAUD,train
5957,0,0.3225,0.5605,0.9087,0.882,0.0746,50.56,TIER_3_RESTRICTED_CAUTION,train
5958,0,0.7371,0.2696,0.899,0.9307,0.1649,23.69,TIER_4_QUARANTINE_FRAUD,val
5959,1,0.9797,0.0772,0.8812,1.0,0.0844,3.95,TIER_4_QUARANTINE_FRAUD,test
5960,0,0.1173,0.7143,0.9224,0.8933,0.1176,57.1,TIER_3_RESTRICTED_CAUTION,val
5961,0,0.4734,0.4548,0.8925,0.8134,0.1641,48.65,TIER_3_RESTRICTED_CAUTION,test
5962,1,0.9637,0.0843,0.9052,0.4997,0.4541,4.53,TIER_4_QUARANTINE_FRAUD,test
5963,0,0.7078,0.3915,0.9162,0.43,0.4323,39.03,TIER_4_QUARANTINE_FRAUD,train
5964,0,0.241,0.6242,0.8868,0.8796,0.1499,54.83,TIER_3_RESTRICTED_CAUTION,train
5965,0,0.8566,0.1646,0.8728,0.7191,0.1023,9.53,TIER_4_QUARANTINE_FRAUD,train
5966,0,0.1051,0.8538,0.9248,0.6519,0.0495,52.89,TIER_3_RESTRICTED_CAUTION,train
5967,0,0.45,0.4696,0.87,0.7995,0.0958,46.13,TIER_3_RESTRICTED_CAUTION,train
5968,0,0.7798,0.3279,0.8577,0.7711,0.0516,26.17,TIER_4_QUARANTINE_FRAUD,train
5969,1,0.9663,0.0846,0.8693,0.6917,0.1238,3.74,TIER_4_QUARANTINE_FRAUD,train
5970,1,0.7168,0.2803,0.8599,0.6449,0.1177,20.13,TIER_4_QUARANTINE_FRAUD,train
5971,0,0.2131,0.6485,0.8942,0.9937,0.6749,76.86,TIER_2_STANDARD_TRUST,train
5972,0,0.0369,0.9645,0.9454,0.7594,0.4452,72.96,TIER_2_STANDARD_TRUST,train
5973,0,0.1768,0.6753,0.8879,0.9901,0.6749,77.51,TIER_2_STANDARD_TRUST,train
5974,0,0.0521,0.9009,0.9438,0.8894,0.4738,75.28,TIER_2_STANDARD_TRUST,val
5975,0,0.4853,0.4518,0.7965,0.6464,0.55,56.93,TIER_3_RESTRICTED_CAUTION,train
5976,0,0.8705,0.1633,0.9019,0.695,0.0621,8.96,TIER_4_QUARANTINE_FRAUD,train
5977,1,0.6775,0.2977,0.811,0.8438,0.1662,25.68,TIER_4_QUARANTINE_FRAUD,train
5978,0,0.8265,0.1826,0.8344,0.7926,0.1514,12.05,TIER_4_QUARANTINE_FRAUD,train
5979,0,0.2019,0.7821,0.9047,0.78,0.1442,57.06,TIER_3_RESTRICTED_CAUTION,test
5980,0,0.3365,0.5617,0.9108,0.695,0.1296,47.87,TIER_3_RESTRICTED_CAUTION,test
5981,1,0.9308,0.1061,0.8804,1.0,0.1094,6.24,TIER_4_QUARANTINE_FRAUD,train
5982,0,0.2035,0.6512,0.9376,0.898,0.1044,55.02,TIER_3_RESTRICTED_CAUTION,train
5983,0,0.1217,0.8496,0.9301,0.7352,0.5017,70.73,TIER_2_STANDARD_TRUST,test
5984,0,0.6689,0.3122,0.8864,0.7223,0.5206,33.88,TIER_4_QUARANTINE_FRAUD,test
5985,0,0.0179,0.8976,0.9282,0.9317,0.0855,62.49,TIER_3_RESTRICTED_CAUTION,train
5986,1,0.9741,0.1057,0.8861,1.0,0.5319,8.47,TIER_4_QUARANTINE_FRAUD,test
5987,0,0.5829,0.3901,0.8995,1.0,0.1151,41.3,TIER_4_QUARANTINE_FRAUD,train
5988,1,0.9533,0.1023,0.8409,0.8038,0.1151,5.19,TIER_4_QUARANTINE_FRAUD,train
5989,1,0.6885,0.3196,0.9016,0.4867,0.1026,22.03,TIER_4_QUARANTINE_FRAUD,train
5990,0,0.1254,0.7166,0.8419,0.9236,0.0307,54.08,TIER_3_RESTRICTED_CAUTION,train
5991,1,0.8841,0.1646,0.8865,0.4511,0.437,10.92,TIER_4_QUARANTINE_FRAUD,train
5992,0,0.0155,0.9244,0.8642,0.8957,0.9665,92.6,TIER_1_VERIFIED_SAFE,train
5993,0,0.0318,0.811,0.9008,0.865,0.2913,65.16,TIER_2_STANDARD_TRUST,train
5994,0,0.0681,0.8849,0.8857,0.823,0.9542,89.38,TIER_1_VERIFIED_SAFE,train
5995,0,0.2456,0.7469,0.9115,0.7375,0.9516,83.27,TIER_1_VERIFIED_SAFE,train
5996,0,0.0027,0.9098,0.9477,0.9155,0.1423,64.64,TIER_3_RESTRICTED_CAUTION,train
5997,0,0.0072,0.8323,0.9129,0.9624,0.1109,62.04,TIER_3_RESTRICTED_CAUTION,train
5998,1,0.9244,0.114,0.835,0.6775,0.1261,5.56,TIER_4_QUARANTINE_FRAUD,train
5999,0,0.2322,0.6301,0.8685,0.8848,0.115,53.73,TIER_3_RESTRICTED_CAUTION,train
6000,1,0.9121,0.1225,0.8599,0.7018,0.1319,6.35,TIER_4_QUARANTINE_FRAUD,train
6001,0,0.8865,0.1725,0.8977,0.4349,0.429,11.51,TIER_4_QUARANTINE_FRAUD,train
6002,0,0.0012,0.8044,0.9335,0.9674,0.1299,62.2,TIER_3_RESTRICTED_CAUTION,train
6003,0,0.3918,0.512,0.862,0.7912,0.1324,48.4,TIER_3_RESTRICTED_CAUTION,train
6004,0,0.9792,0.1049,0.8998,0.5694,0.1098,4.55,TIER_4_QUARANTINE_FRAUD,train
6005,0,0.0259,0.8107,0.8797,0.6816,0.1284,54.65,TIER_3_RESTRICTED_CAUTION,train
6006,0,0.1599,0.6829,0.8434,0.8634,0.1247,54.87,TIER_3_RESTRICTED_CAUTION,val
6007,0,0.4292,0.5961,0.8594,0.8541,0.4401,63.23,TIER_3_RESTRICTED_CAUTION,train
6008,1,0.983,0.0674,0.7726,0.3822,0.1191,1.99,TIER_4_QUARANTINE_FRAUD,train
6009,0,0.4633,0.4587,0.868,0.8509,0.1405,48.63,TIER_3_RESTRICTED_CAUTION,train
6010,0,0.1766,0.6927,0.826,0.995,0.0194,54.6,TIER_3_RESTRICTED_CAUTION,train
6011,0,0.3384,0.5475,0.8562,0.7557,0.0272,44.83,TIER_4_QUARANTINE_FRAUD,train
6012,0,0.6131,0.3763,0.9042,0.7375,0.0424,31.9,TIER_4_QUARANTINE_FRAUD,train
6013,0,0.7738,0.2326,0.8428,0.593,0.1238,14.66,TIER_4_QUARANTINE_FRAUD,train
6014,0,0.0764,0.7461,0.9065,0.7527,0.0352,51.5,TIER_3_RESTRICTED_CAUTION,train
6015,1,0.3341,0.5897,0.8825,0.7216,0.4958,61.91,TIER_3_RESTRICTED_CAUTION,val
6016,0,0.3898,0.5122,0.8988,0.7727,0.0165,44.25,TIER_4_QUARANTINE_FRAUD,test
6017,0,0.0079,0.83,0.9222,0.7165,0.4389,67.39,TIER_2_STANDARD_TRUST,test
6018,0,0.0026,0.9112,0.9311,0.7662,0.0426,57.29,TIER_3_RESTRICTED_CAUTION,val
6019,1,0.4567,0.4586,0.8904,0.7071,0.077,43.04,TIER_4_QUARANTINE_FRAUD,test
6020,1,0.8397,0.1886,0.8882,0.4322,0.1123,9.45,TIER_4_QUARANTINE_FRAUD,train
6021,1,0.9413,0.1239,0.8788,0.3957,0.4359,7.04,TIER_4_QUARANTINE_FRAUD,train
6022,1,0.836,0.1958,0.8931,0.765,0.0198,11.73,TIER_4_QUARANTINE_FRAUD,train
6023,0,0.0864,0.8708,0.9239,0.7448,0.9587,87.54,TIER_1_VERIFIED_SAFE,train
6024,0,0.0058,0.822,0.8992,0.8921,0.4208,70.68,TIER_2_STANDARD_TRUST,train
6025,1,0.9548,0.096,0.8912,1.0,0.0701,5.27,TIER_4_QUARANTINE_FRAUD,test
6026,0,0.8021,0.2051,0.8728,0.7883,0.098,13.69,TIER_4_QUARANTINE_FRAUD,train
6027,1,0.9423,0.2242,0.7752,0.8654,0.1514,16.75,TIER_4_QUARANTINE_FRAUD,test
6028,0,0.0139,0.7994,0.9305,0.8846,0.4252,70.29,TIER_2_STANDARD_TRUST,train
6029,0,0.439,0.4404,0.8731,1.0,0.1057,49.25,TIER_3_RESTRICTED_CAUTION,train
6030,0,0.447,0.5707,0.9113,0.7918,0.0981,49.46,TIER_3_RESTRICTED_CAUTION,test
6031,0,0.6923,0.3128,0.8946,0.8133,0.1152,26.61,TIER_4_QUARANTINE_FRAUD,train
6032,0,0.0665,0.7571,0.8072,0.8169,0.1314,55.81,TIER_3_RESTRICTED_CAUTION,train
6033,0,0.0005,0.9252,0.932,0.8846,0.4429,74.69,TIER_2_STANDARD_TRUST,train
6034,0,0.3287,0.5571,0.8335,0.8233,0.1289,50.14,TIER_3_RESTRICTED_CAUTION,train
6035,0,0.1443,0.6984,0.8715,0.773,0.0889,52.1,TIER_3_RESTRICTED_CAUTION,train
6036,1,0.3283,0.5694,0.8758,0.7611,0.1411,49.81,TIER_3_RESTRICTED_CAUTION,train
6037,0,0.0326,0.8003,0.9276,0.9081,0.1229,60.29,TIER_3_RESTRICTED_CAUTION,train
6038,0,0.0063,0.8251,0.8447,0.8595,0.1149,58.71,TIER_3_RESTRICTED_CAUTION,val
6039,0,0.0109,0.8233,0.925,0.8635,0.1075,59.3,TIER_3_RESTRICTED_CAUTION,train
6040,0,0.1817,0.7786,0.9018,0.8314,0.1968,60.05,TIER_3_RESTRICTED_CAUTION,train
6041,0,0.0233,0.7871,0.8832,0.8187,0.1253,57.3,TIER_3_RESTRICTED_CAUTION,train
6042,1,0.8411,0.208,0.8734,0.6074,0.4706,17.1,TIER_4_QUARANTINE_FRAUD,test
6043,0,0.4595,0.4114,0.8569,0.7531,0.1243,39.24,TIER_4_QUARANTINE_FRAUD,train
6044,0,0.3342,0.681,0.9102,0.6667,0.211,53.58,TIER_3_RESTRICTED_CAUTION,test
6045,1,0.8571,0.1612,0.8146,0.244,0.074,5.7,TIER_4_QUARANTINE_FRAUD,train
6046,0,0.0531,0.7821,0.925,0.8514,0.0767,56.68,TIER_3_RESTRICTED_CAUTION,train
6047,0,0.0601,0.7568,0.8665,0.8327,0.1412,57.13,TIER_3_RESTRICTED_CAUTION,train
6048,0,0.0699,0.8767,0.867,0.7765,0.5127,72.33,TIER_2_STANDARD_TRUST,train
6049,0,0.0173,0.7481,0.8584,0.8032,0.1061,54.82,TIER_3_RESTRICTED_CAUTION,train
6050,0,0.167,0.7794,0.916,0.8935,0.1677,60.75,TIER_3_RESTRICTED_CAUTION,test
6051,1,0.4598,0.4838,0.7689,0.64,0.0271,39.15,TIER_4_QUARANTINE_FRAUD,train
6052,0,0.1323,0.739,0.8723,0.7563,0.101,53.33,TIER_3_RESTRICTED_CAUTION,train
6053,0,0.167,0.7081,0.9212,0.8,0.4678,66.83,TIER_2_STANDARD_TRUST,val
6054,0,0.3188,0.6008,0.886,0.7233,0.5421,63.94,TIER_3_RESTRICTED_CAUTION,train
6055,0,0.076,0.759,0.8571,0.8208,0.139,56.73,TIER_3_RESTRICTED_CAUTION,train
6056,0,0.0177,0.8998,0.9286,0.8058,0.1013,59.97,TIER_3_RESTRICTED_CAUTION,train
6057,0,0.9318,0.1062,0.8754,0.6788,0.0407,4.64,TIER_4_QUARANTINE_FRAUD,train
6058,1,0.9521,0.0972,0.857,0.6129,0.0408,3.85,TIER_4_QUARANTINE_FRAUD,test
6059,1,0.8556,0.1599,0.8835,0.99,0.0507,10.47,TIER_4_QUARANTINE_FRAUD,train
6060,1,0.8973,0.1093,0.7987,0.961,0.0258,5.75,TIER_4_QUARANTINE_FRAUD,train
6061,1,0.6997,0.2775,0.8736,0.7775,0.1653,22.56,TIER_4_QUARANTINE_FRAUD,train
6062,1,0.9719,0.0784,0.8379,0.7255,0.1072,3.37,TIER_4_QUARANTINE_FRAUD,test
6063,0,0.676,0.3071,0.863,0.848,0.1355,26.64,TIER_4_QUARANTINE_FRAUD,train
6064,0,0.3707,0.5275,0.9022,0.8322,0.1319,50.27,TIER_3_RESTRICTED_CAUTION,train
6065,0,0.0043,0.8013,0.9423,0.8112,0.046,55.35,TIER_3_RESTRICTED_CAUTION,test
6066,0,0.8507,0.1922,0.9102,0.6579,0.0526,10.97,TIER_4_QUARANTINE_FRAUD,train
6067,1,0.8827,0.1739,0.8601,0.6683,0.1461,10.35,TIER_4_QUARANTINE_FRAUD,test
6068,0,0.6945,0.3097,0.9094,0.8956,0.0275,25.68,TIER_4_QUARANTINE_FRAUD,train
6069,0,0.0041,0.9811,0.941,0.8331,0.1227,63.97,TIER_3_RESTRICTED_CAUTION,test
6070,0,0.0371,0.7925,0.8812,0.9089,0.1451,60.39,TIER_3_RESTRICTED_CAUTION,test
6071,0,0.5108,0.449,0.8778,0.6157,0.4474,53.15,TIER_3_RESTRICTED_CAUTION,train
6072,0,0.9208,0.134,0.8149,0.7755,0.1378,7.53,TIER_4_QUARANTINE_FRAUD,train
6073,1,0.6432,0.3313,0.8745,0.5394,0.0988,23.93,TIER_4_QUARANTINE_FRAUD,train
6074,1,0.3283,0.562,0.902,1.0,0.1027,54.48,TIER_3_RESTRICTED_CAUTION,test
6075,1,0.9361,0.1006,0.8873,1.0,0.195,6.24,TIER_4_QUARANTINE_FRAUD,train
6076,0,0.0039,0.7986,0.872,0.8429,0.131,58.33,TIER_3_RESTRICTED_CAUTION,test
6077,1,0.9634,0.0907,0.8884,1.0,0.55,6.97,TIER_4_QUARANTINE_FRAUD,train
6078,0,0.0177,0.8019,0.9453,0.9658,0.276,67.31,TIER_2_STANDARD_TRUST,val
6079,0,0.6565,0.3153,0.8394,0.7749,0.1659,27.1,TIER_4_QUARANTINE_FRAUD,train
6080,0,0.4741,0.4793,0.8688,0.948,0.4621,62.94,TIER_3_RESTRICTED_CAUTION,val
6081,1,0.982,0.0172,0.8856,0.5804,0.1098,0.4,TIER_4_QUARANTINE_FRAUD,train
6082,0,0.6765,0.3342,0.8988,0.8709,0.4885,39.32,TIER_4_QUARANTINE_FRAUD,test
6083,0,0.0558,0.8818,0.8427,0.8266,0.0771,58.25,TIER_3_RESTRICTED_CAUTION,train
6084,1,0.9705,0.0882,0.853,0.4423,0.1222,3.18,TIER_4_QUARANTINE_FRAUD,test
6085,0,0.0087,0.8126,0.9285,0.8403,0.4277,69.64,TIER_2_STANDARD_TRUST,test
6086,0,0.0021,0.8349,0.9191,0.9936,0.1123,63.01,TIER_3_RESTRICTED_CAUTION,train
6087,0,0.0227,0.7868,0.911,0.8514,0.0953,57.33,TIER_3_RESTRICTED_CAUTION,train
6088,0,0.1093,0.8518,0.8952,0.7881,0.4633,70.43,TIER_2_STANDARD_TRUST,train
6089,0,0.0126,0.8973,0.9234,0.7627,0.0952,58.55,TIER_3_RESTRICTED_CAUTION,train
6090,0,0.2649,0.7408,0.9135,0.6928,0.4692,65.1,TIER_2_STANDARD_TRUST,train
6091,0,0.0247,0.7867,0.9312,0.8325,0.1653,59.51,TIER_3_RESTRICTED_CAUTION,train
6092,0,0.0063,0.8073,0.9145,0.9283,0.1054,60.26,TIER_3_RESTRICTED_CAUTION,train
6093,0,0.0909,0.7662,0.8968,0.8519,0.4733,69.82,TIER_2_STANDARD_TRUST,train
6094,1,0.9337,0.1087,0.7965,0.4646,0.0711,3.99,TIER_4_QUARANTINE_FRAUD,train
6095,0,0.6331,0.3601,0.8984,0.7721,0.4599,41.31,TIER_4_QUARANTINE_FRAUD,val
6096,0,0.1555,0.7887,0.9257,0.8183,0.1008,56.9,TIER_3_RESTRICTED_CAUTION,train
6097,0,0.6959,0.2338,0.8404,0.7292,0.1379,16.42,TIER_4_QUARANTINE_FRAUD,train
6098,0,0.965,0.0808,0.8543,0.863,0.1365,4.01,TIER_4_QUARANTINE_FRAUD,train
6099,1,0.964,0.0936,0.8103,0.7636,0.1554,4.6,TIER_4_QUARANTINE_FRAUD,train
6100,1,0.8194,0.1558,0.8818,0.8638,0.0765,9.51,TIER_4_QUARANTINE_FRAUD,train
6101,0,0.2708,0.6376,0.8558,0.9226,0.1167,54.83,TIER_3_RESTRICTED_CAUTION,train
6102,0,0.0055,0.9352,0.9105,0.8192,0.1061,61.36,TIER_3_RESTRICTED_CAUTION,train
6103,1,0.9643,0.0841,0.8182,0.6237,0.0218,3.06,TIER_4_QUARANTINE_FRAUD,train
6104,0,0.0023,0.9376,0.9306,0.9021,0.4177,74.61,TIER_2_STANDARD_TRUST,train
6105,0,0.0342,0.8772,0.9381,0.9071,0.1584,63.92,TIER_3_RESTRICTED_CAUTION,test
6106,1,0.9441,0.1046,0.8912,1.0,0.4328,7.83,TIER_4_QUARANTINE_FRAUD,train
6107,0,0.7018,0.284,0.8986,0.9383,0.1373,25.17,TIER_4_QUARANTINE_FRAUD,test
6108,1,0.8424,0.1813,0.8219,0.5487,0.1276,9.77,TIER_4_QUARANTINE_FRAUD,train
6109,1,0.83,0.2025,0.8892,1.0,0.1322,15.79,TIER_4_QUARANTINE_FRAUD,train
6110,0,0.0082,0.7968,0.8917,0.9448,0.1262,60.86,TIER_3_RESTRICTED_CAUTION,train
6111,0,0.8862,0.1389,0.8778,0.7722,0.0712,7.54,TIER_4_QUARANTINE_FRAUD,train
6112,1,0.892,0.1398,0.8516,0.8183,0.1115,8.11,TIER_4_QUARANTINE_FRAUD,train
6113,0,0.0049,0.8284,0.9219,0.854,0.4421,70.9,TIER_2_STANDARD_TRUST,test
6114,0,0.0013,0.9402,0.9255,0.8587,0.4365,74.2,TIER_2_STANDARD_TRUST,train
6115,0,0.0039,0.8117,0.9157,0.9233,0.1799,62.89,TIER_3_RESTRICTED_CAUTION,train
6116,0,0.0118,0.9292,0.9246,0.855,0.4573,74.5,TIER_2_STANDARD_TRUST,train
6117,0,0.0023,0.8038,0.9291,0.9481,0.148,62.29,TIER_3_RESTRICTED_CAUTION,val
6118,0,0.8552,0.1634,0.9189,0.8407,0.1452,10.77,TIER_4_QUARANTINE_FRAUD,val
6119,0,0.779,0.174,0.919,0.7906,0.0533,10.48,TIER_4_QUARANTINE_FRAUD,train
6120,0,0.2976,0.5316,0.8358,0.9764,0.117,52.81,TIER_3_RESTRICTED_CAUTION,train
6121,1,0.5455,0.3941,0.8245,0.2479,0.0224,22.77,TIER_4_QUARANTINE_FRAUD,train
6122,0,0.9204,0.1291,0.8341,0.9,0.1412,7.82,TIER_4_QUARANTINE_FRAUD,train
6123,1,0.8875,0.1398,0.8941,1.0,0.1636,9.6,TIER_4_QUARANTINE_FRAUD,train
6124,0,0.5439,0.4173,0.8644,0.8816,0.4714,54.12,TIER_3_RESTRICTED_CAUTION,train
6125,0,0.2321,0.7588,0.9272,0.7597,0.1691,56.95,TIER_3_RESTRICTED_CAUTION,val
6126,0,0.0009,0.9345,0.9241,0.7938,0.4478,72.79,TIER_2_STANDARD_TRUST,train
6127,0,0.2366,0.6542,0.8572,0.7813,0.0525,49.57,TIER_3_RESTRICTED_CAUTION,train
6128,1,0.971,0.0865,0.8551,0.6756,0.135,3.84,TIER_4_QUARANTINE_FRAUD,train
6129,0,0.7473,0.2486,0.8815,0.7606,0.1203,18.27,TIER_4_QUARANTINE_FRAUD,val
6130,0,0.2873,0.6933,0.9129,0.6383,0.0718,48.4,TIER_3_RESTRICTED_CAUTION,test
6131,0,0.8685,0.1699,0.8832,0.355,0.0347,6.77,TIER_4_QUARANTINE_FRAUD,test
6132,0,0.1187,0.7464,0.8969,0.7611,0.5236,68.71,TIER_2_STANDARD_TRUST,train
6133,0,0.8937,0.134,0.7864,0.2939,0.0345,4.23,TIER_4_QUARANTINE_FRAUD,train
6134,0,0.0074,0.932,0.922,0.9285,0.098,63.82,TIER_3_RESTRICTED_CAUTION,val
6135,1,0.8668,0.1658,0.8859,1.0,0.4336,14.75,TIER_4_QUARANTINE_FRAUD,train
6136,0,0.0081,0.7992,0.8755,0.95,0.2299,64.53,TIER_3_RESTRICTED_CAUTION,test
6137,0,0.093,0.8665,0.8122,0.7711,0.1368,58.18,TIER_3_RESTRICTED_CAUTION,train
6138,0,0.3836,0.5179,0.9216,0.9042,0.2519,56.17,TIER_3_RESTRICTED_CAUTION,test
6139,0,0.5409,0.3987,0.8762,0.8497,0.1266,39.64,TIER_4_QUARANTINE_FRAUD,train
6140,0,0.9306,0.1053,0.7145,0.2077,0.017,2.44,TIER_4_QUARANTINE_FRAUD,train
6141,1,0.8088,0.2258,0.8507,0.8215,0.5239,22.1,TIER_4_QUARANTINE_FRAUD,train
6142,1,0.9767,0.0223,0.781,0.7139,0.1256,0.62,TIER_4_QUARANTINE_FRAUD,test
6143,0,0.8431,0.1741,0.8731,0.692,0.0974,10.09,TIER_4_QUARANTINE_FRAUD,train
6144,1,0.907,0.1245,0.8408,0.28,0.0246,3.76,TIER_4_QUARANTINE_FRAUD,train
6145,0,0.1451,0.6931,0.9106,0.9381,0.1596,58.94,TIER_3_RESTRICTED_CAUTION,train
6146,0,0.3134,0.5929,0.9252,0.8258,0.0921,50.91,TIER_3_RESTRICTED_CAUTION,train
6147,0,0.2171,0.6429,0.884,0.8161,0.117,52.63,TIER_3_RESTRICTED_CAUTION,train
6148,0,0.4918,0.4391,0.8869,0.6174,0.0249,37.15,TIER_4_QUARANTINE_FRAUD,train
6149,0,0.6766,0.2978,0.8948,0.8801,0.1338,26.05,TIER_4_QUARANTINE_FRAUD,val
6150,0,0.9226,0.1378,0.9028,0.7257,0.0423,7.04,TIER_4_QUARANTINE_FRAUD,val
6151,0,0.0143,0.9794,0.9487,0.78,0.4195,73.05,TIER_2_STANDARD_TRUST,train
6152,0,0.3254,0.6624,0.8705,0.7723,0.1009,51.42,TIER_3_RESTRICTED_CAUTION,train
6153,0,0.7544,0.2559,0.8763,0.6455,0.1015,17.35,TIER_4_QUARANTINE_FRAUD,test
6154,0,0.9365,0.1008,0.8173,0.2427,0.0226,2.58,TIER_4_QUARANTINE_FRAUD,train
6155,0,0.4776,0.4756,0.8576,0.9136,0.4524,61.52,TIER_3_RESTRICTED_CAUTION,train
6156,0,0.0029,0.938,0.9296,0.9124,0.43,75.3,TIER_2_STANDARD_TRUST,test
6157,0,0.1368,0.8312,0.9171,0.7986,0.4469,69.71,TIER_2_STANDARD_TRUST,val
6158,0,0.0527,0.7661,0.8873,0.8719,0.1389,58.51,TIER_3_RESTRICTED_CAUTION,test
6159,0,0.0123,0.8184,0.9291,0.8715,0.437,70.92,TIER_2_STANDARD_TRUST,test
6160,1,0.946,0.1217,0.8868,0.8015,0.1518,6.92,TIER_4_QUARANTINE_FRAUD,test
6161,0,0.0104,0.909,0.9132,0.8456,0.1688,63.45,TIER_3_RESTRICTED_CAUTION,test
6162,0,0.2072,0.6487,0.9,0.7791,0.1029,51.54,TIER_3_RESTRICTED_CAUTION,val
6163,0,0.4193,0.4855,0.9034,1.0,0.0254,49.49,TIER_3_RESTRICTED_CAUTION,val
6164,0,0.9028,0.0847,0.8531,0.995,0.1589,4.73,TIER_4_QUARANTINE_FRAUD,train
6165,0,0.0021,0.8299,0.9214,0.6755,0.114,54.99,TIER_3_RESTRICTED_CAUTION,test
6166,1,0.9091,0.1215,0.8757,0.6849,0.1048,6.05,TIER_4_QUARANTINE_FRAUD,train
6167,0,0.0016,0.9286,0.935,0.9227,0.0126,60.72,TIER_3_RESTRICTED_CAUTION,train
6168,0,0.4128,0.4929,0.9188,0.9286,0.1748,53.31,TIER_3_RESTRICTED_CAUTION,val
6169,1,0.8759,0.0976,0.8341,0.675,0.1293,4.48,TIER_4_QUARANTINE_FRAUD,test
6170,0,0.0377,0.8956,0.9272,0.7711,0.4458,71.02,TIER_2_STANDARD_TRUST,train
6171,1,0.9318,0.1315,0.8991,0.6961,0.0636,6.58,TIER_4_QUARANTINE_FRAUD,val
6172,1,0.9297,0.1191,0.8955,0.669,0.5318,8.51,TIER_4_QUARANTINE_FRAUD,train
6173,0,0.4964,0.4105,0.8854,0.8282,0.471,51.79,TIER_3_RESTRICTED_CAUTION,train
6174,1,0.9328,0.1159,0.8595,0.6252,0.1163,5.45,TIER_4_QUARANTINE_FRAUD,train
6175,0,0.9022,0.128,0.7862,0.2503,0.025,3.68,TIER_4_QUARANTINE_FRAUD,train
6176,0,0.0475,0.788,0.7761,0.9125,0.4682,70.6,TIER_2_STANDARD_TRUST,train
6177,0,0.8726,0.1549,0.8709,0.7575,0.1207,9.12,TIER_4_QUARANTINE_FRAUD,train
6178,0,0.0209,0.9217,0.9489,0.8666,0.1113,62.7,TIER_3_RESTRICTED_CAUTION,train
6179,0,0.2976,0.5959,0.9061,0.6509,0.55,62.46,TIER_3_RESTRICTED_CAUTION,train
6180,0,0.8952,0.1305,0.7621,0.7583,0.1558,7.19,TIER_4_QUARANTINE_FRAUD,train
6181,1,0.7823,0.1689,0.6539,0.6032,0.1119,8.56,TIER_4_QUARANTINE_FRAUD,train
6182,0,0.0063,0.8022,0.9181,0.8769,0.133,59.83,TIER_3_RESTRICTED_CAUTION,train
6183,0,0.0669,0.7762,0.8995,0.7715,0.0974,54.98,TIER_3_RESTRICTED_CAUTION,train
6184,0,0.0373,0.8853,0.9208,0.638,0.0218,52.48,TIER_3_RESTRICTED_CAUTION,train
6185,1,0.6744,0.3021,0.7496,0.7375,0.0394,21.66,TIER_4_QUARANTINE_FRAUD,train
6186,0,0.1946,0.6864,0.8569,0.8586,0.9598,84.22,TIER_1_VERIFIED_SAFE,train
6187,0,0.0878,0.751,0.8912,0.8414,0.1025,56.06,TIER_3_RESTRICTED_CAUTION,val
6188,0,0.2165,0.6567,0.8724,0.7092,0.0547,48.07,TIER_3_RESTRICTED_CAUTION,train
6189,0,0.4399,0.422,0.8657,0.9612,0.1443,46.36,TIER_3_RESTRICTED_CAUTION,train
6190,0,0.1434,0.832,0.8907,0.8268,0.1671,60.38,TIER_3_RESTRICTED_CAUTION,train
6191,0,0.3433,0.5449,0.8711,0.8971,0.1,50.99,TIER_3_RESTRICTED_CAUTION,train
6192,0,0.0968,0.8401,0.8256,0.8192,0.6491,76.66,TIER_2_STANDARD_TRUST,train
6193,0,0.5651,0.4121,0.9161,0.8621,0.4036,51.01,TIER_3_RESTRICTED_CAUTION,train
6194,0,0.9526,0.1103,0.8973,0.7523,0.1109,5.62,TIER_4_QUARANTINE_FRAUD,test
6195,0,0.9517,0.1254,0.8954,0.6871,0.0247,5.84,TIER_4_QUARANTINE_FRAUD,train
6196,0,0.6828,0.2966,0.9086,0.8771,0.1589,26.44,TIER_4_QUARANTINE_FRAUD,train
6197,0,0.0014,0.9104,0.9265,0.8305,0.4888,74.45,TIER_2_STANDARD_TRUST,val
6198,1,0.6512,0.3414,0.8881,0.8403,0.0965,30.39,TIER_4_QUARANTINE_FRAUD,train
6199,0,0.0336,0.788,0.875,0.8511,0.1271,58.12,TIER_3_RESTRICTED_CAUTION,train
6200,1,0.9643,0.0285,0.832,0.7142,0.1217,0.87,TIER_4_QUARANTINE_FRAUD,train
6201,0,0.2935,0.717,0.9047,0.8501,0.4769,68.5,TIER_2_STANDARD_TRUST,train
6202,0,0.7039,0.3133,0.9213,0.8034,0.5291,35.74,TIER_4_QUARANTINE_FRAUD,train
6203,1,0.8851,0.1675,0.8967,0.4905,0.0276,7.53,TIER_4_QUARANTINE_FRAUD,test
6204,0,0.0142,0.7929,0.9264,0.8878,0.0953,58.58,TIER_3_RESTRICTED_CAUTION,train
6205,1,0.7787,0.2387,0.8941,0.5561,0.0207,13.48,TIER_4_QUARANTINE_FRAUD,train
6206,1,0.92,0.0745,0.8402,0.5349,0.0568,2.51,TIER_4_QUARANTINE_FRAUD,train
6207,0,0.0638,0.8945,0.9017,0.7942,0.4663,72.03,TIER_2_STANDARD_TRUST,train
6208,0,0.0265,0.8116,0.8249,0.8151,0.6447,75.54,TIER_2_STANDARD_TRUST,val
6209,1,0.8248,0.2007,0.8559,0.6833,0.1041,12.36,TIER_4_QUARANTINE_FRAUD,train
6210,1,0.6542,0.329,0.8946,1.0,0.1154,31.85,TIER_4_QUARANTINE_FRAUD,train
6211,0,0.5553,0.4236,0.9145,0.7175,0.4012,49.76,TIER_3_RESTRICTED_CAUTION,train
6212,0,0.0236,0.8256,0.9001,0.8944,0.4505,71.9,TIER_2_STANDARD_TRUST,train
6213,0,0.7499,0.2077,0.8223,0.7071,0.0748,12.72,TIER_4_QUARANTINE_FRAUD,val
6214,1,0.5797,0.3715,0.8749,0.4248,0.0182,24.28,TIER_4_QUARANTINE_FRAUD,train
6215,0,0.217,0.7657,0.8979,0.7784,0.9782,85.64,TIER_1_VERIFIED_SAFE,train
6216,0,0.0227,0.8106,0.91,0.7939,0.0749,55.89,TIER_3_RESTRICTED_CAUTION,train
6217,0,0.8641,0.2653,0.8829,0.5362,0.4421,22.97,TIER_4_QUARANTINE_FRAUD,train
6218,0,0.3179,0.6021,0.8544,0.8817,0.5421,67.62,TIER_2_STANDARD_TRUST,train
6219,0,0.8129,0.3249,0.864,0.7281,0.4284,33.77,TIER_4_QUARANTINE_FRAUD,train
6220,0,0.0203,0.7902,0.9292,0.9155,0.1311,60.47,TIER_3_RESTRICTED_CAUTION,train
6221,1,0.9599,0.0858,0.8871,0.6589,0.1388,3.8,TIER_4_QUARANTINE_FRAUD,test
6222,1,0.0104,0.744,0.8497,0.8353,0.1089,55.51,TIER_3_RESTRICTED_CAUTION,train
6223,0,0.2941,0.6053,0.9287,0.9515,0.4524,67.07,TIER_2_STANDARD_TRUST,test
6224,0,0.4757,0.4909,0.811,0.7894,0.4977,59.99,TIER_3_RESTRICTED_CAUTION,train
6225,1,0.8638,0.1683,0.8709,0.6309,0.4333,12.44,TIER_4_QUARANTINE_FRAUD,train
6226,0,0.4971,0.4318,0.8572,0.7696,0.111,42.31,TIER_4_QUARANTINE_FRAUD,val
6227,0,0.6491,0.3149,0.8625,0.9576,0.1186,29.03,TIER_4_QUARANTINE_FRAUD,val
6228,0,0.3972,0.5331,0.9216,0.4511,0.0269,37.43,TIER_4_QUARANTINE_FRAUD,val
6229,0,0.0032,0.8033,0.9185,0.9599,0.1652,63.06,TIER_3_RESTRICTED_CAUTION,train
6230,0,0.0768,0.7566,0.853,0.7462,0.108,53.66,TIER_3_RESTRICTED_CAUTION,train
6231,0,0.565,0.4829,0.8597,0.8078,0.0962,46.65,TIER_3_RESTRICTED_CAUTION,test
6232,0,0.4108,0.5034,0.9273,0.9911,0.217,56.75,TIER_3_RESTRICTED_CAUTION,val
6233,0,0.0166,0.7951,0.9172,0.8422,0.0951,57.41,TIER_3_RESTRICTED_CAUTION,test
6234,0,0.3316,0.6643,0.8492,0.8548,0.1197,53.98,TIER_3_RESTRICTED_CAUTION,train
6235,0,0.0152,0.8249,0.9087,0.7538,0.1704,58.64,TIER_3_RESTRICTED_CAUTION,val
6236,0,0.0133,0.8258,0.9259,0.8336,0.4201,69.58,TIER_2_STANDARD_TRUST,train
6237,0,0.1489,0.7213,0.9032,0.8321,0.1021,55.05,TIER_3_RESTRICTED_CAUTION,train
6238,0,0.0213,0.7658,0.8952,0.8727,0.55,72.99,TIER_2_STANDARD_TRUST,train
6239,0,0.0031,0.8291,0.9265,0.8069,0.4266,69.24,TIER_2_STANDARD_TRUST,val
6240,0,0.0018,0.9308,0.9258,0.8758,0.4235,73.9,TIER_2_STANDARD_TRUST,train
6241,1,0.7701,0.2283,0.8458,0.9587,0.1551,18.5,TIER_4_QUARANTINE_FRAUD,train
6242,0,0.496,0.4698,0.8981,0.7982,0.1758,49.18,TIER_3_RESTRICTED_CAUTION,train
6243,0,0.0087,0.9159,0.9284,0.7908,0.4179,71.16,TIER_2_STANDARD_TRUST,train
6244,0,0.052,0.7693,0.9101,0.862,0.1395,58.61,TIER_3_RESTRICTED_CAUTION,train
6245,0,0.0065,0.8991,0.917,0.6183,0.0466,53.23,TIER_3_RESTRICTED_CAUTION,train
6246,0,0.2043,0.653,0.8764,0.7111,0.1024,49.72,TIER_3_RESTRICTED_CAUTION,train
6247,0,0.0889,0.8693,0.8792,0.7876,0.949,87.78,TIER_1_VERIFIED_SAFE,train
6248,0,0.3583,0.5385,0.9173,0.7639,0.2688,53.83,TIER_3_RESTRICTED_CAUTION,train
6249,0,0.0053,0.9175,0.9435,0.8098,0.1459,62.31,TIER_3_RESTRICTED_CAUTION,train
6250,0,0.8922,0.1352,1.0,0.2294,0.0211,4.3,TIER_4_QUARANTINE_FRAUD,test
6251,1,0.8915,0.1661,0.8567,0.8447,0.4657,13.95,TIER_4_QUARANTINE_FRAUD,train
6252,0,0.6182,0.4583,0.9032,0.8354,0.4453,59.25,TIER_3_RESTRICTED_CAUTION,val
6253,1,0.9739,0.08,0.8697,1.0,0.1628,4.43,TIER_4_QUARANTINE_FRAUD,test
6254,1,0.8803,0.1493,0.8982,0.61,0.0787,7.5,TIER_4_QUARANTINE_FRAUD,val
6255,1,0.9594,0.0556,0.8302,0.874,0.1291,2.4,TIER_4_QUARANTINE_FRAUD,train
6256,0,0.7774,0.2252,0.8985,0.6892,0.0605,14.27,TIER_4_QUARANTINE_FRAUD,train
6257,0,0.0632,0.8588,0.9035,0.8841,0.1116,60.81,TIER_3_RESTRICTED_CAUTION,train
6258,0,0.0846,0.7598,0.8743,0.6697,0.1084,52.07,TIER_3_RESTRICTED_CAUTION,test
6259,0,0.3507,0.6453,0.8307,0.7819,0.1552,52.64,TIER_3_RESTRICTED_CAUTION,train
6260,0,0.123,0.7333,0.8938,0.77,0.1216,54.44,TIER_3_RESTRICTED_CAUTION,val
6261,0,0.0013,0.9085,0.9187,0.9153,0.4341,74.52,TIER_2_STANDARD_TRUST,test
6262,0,0.0211,0.7916,0.9295,0.6744,0.0252,50.78,TIER_3_RESTRICTED_CAUTION,val
6263,0,0.0051,0.7989,0.8602,0.8888,0.1312,59.38,TIER_3_RESTRICTED_CAUTION,train
6264,1,0.9707,0.0936,0.8467,0.489,0.0177,3.13,TIER_4_QUARANTINE_FRAUD,test
6265,0,0.2676,0.7357,0.9331,0.6974,0.4409,64.27,TIER_3_RESTRICTED_CAUTION,train
6266,0,0.0524,0.7693,0.8724,0.8819,0.1423,58.83,TIER_3_RESTRICTED_CAUTION,train
6267,0,0.2623,0.6056,0.9031,0.8491,0.1101,52.28,TIER_3_RESTRICTED_CAUTION,train
6268,0,0.9074,0.1485,0.7888,0.3044,0.0256,4.93,TIER_4_QUARANTINE_FRAUD,train
6269,0,0.0437,0.776,0.9118,0.8629,0.4739,70.55,TIER_2_STANDARD_TRUST,test
6270,0,0.7336,0.2557,0.8723,0.6823,0.1003,17.73,TIER_4_QUARANTINE_FRAUD,test
6271,0,0.018,0.9252,0.9261,0.759,0.4265,70.92,TIER_2_STANDARD_TRUST,train
6272,0,0.0293,0.906,0.9232,0.7955,0.165,62.07,TIER_3_RESTRICTED_CAUTION,train
6273,0,0.3939,0.5386,0.7986,0.9105,0.1279,51.38,TIER_3_RESTRICTED_CAUTION,test
6274,0,0.2032,0.6863,0.8875,0.7818,0.1227,53.31,TIER_3_RESTRICTED_CAUTION,train
6275,0,0.0059,0.9184,0.9117,0.8473,0.4838,74.78,TIER_2_STANDARD_TRUST,test
6276,0,0.6228,0.3382,0.8746,0.844,0.1375,30.91,TIER_4_QUARANTINE_FRAUD,train
6277,0,0.0713,0.8782,0.8993,0.7687,0.4525,70.39,TIER_2_STANDARD_TRUST,train
6278,1,0.9778,0.0719,0.8606,0.4378,0.1099,2.36,TIER_4_QUARANTINE_FRAUD,train
6279,0,0.1083,0.8398,0.8987,0.8481,0.4714,71.88,TIER_2_STANDARD_TRUST,train
6280,0,0.3955,0.5253,0.8605,0.927,0.1112,51.43,TIER_3_RESTRICTED_CAUTION,train
6281,0,0.4807,0.4824,0.9141,0.7627,0.4644,58.94,TIER_3_RESTRICTED_CAUTION,train
6282,0,0.1726,0.6967,0.9127,0.7806,0.1504,54.81,TIER_3_RESTRICTED_CAUTION,train
6283,0,0.0074,0.8105,0.8666,0.876,0.1134,58.85,TIER_3_RESTRICTED_CAUTION,test
6284,0,0.0095,0.9245,0.9224,0.909,0.4536,75.56,TIER_2_STANDARD_TRUST,train
6285,0,0.756,0.2474,0.8703,0.8088,0.095,18.22,TIER_4_QUARANTINE_FRAUD,train
6286,0,0.0509,0.7643,0.8593,0.8344,0.123,56.69,TIER_3_RESTRICTED_CAUTION,train
6287,0,0.0071,0.8294,0.9165,0.8316,0.1037,58.46,TIER_3_RESTRICTED_CAUTION,train
6288,0,0.0757,0.776,0.909,0.7145,0.963,83.94,TIER_1_VERIFIED_SAFE,train
6289,0,0.0092,0.9106,0.918,0.9056,0.4239,73.98,TIER_2_STANDARD_TRUST,val
6290,0,0.1012,0.7645,0.8784,0.7071,0.4462,65.02,TIER_2_STANDARD_TRUST,test
6291,0,0.3115,0.5858,0.8857,0.5804,0.0553,42.88,TIER_4_QUARANTINE_FRAUD,train
6292,0,0.1572,0.6863,0.908,0.8993,0.115,56.18,TIER_3_RESTRICTED_CAUTION,train
6293,1,0.6765,0.322,0.8642,0.8546,0.4376,35.58,TIER_4_QUARANTINE_FRAUD,train
6294,1,0.8112,0.1962,0.7739,0.6145,0.1247,11.34,TIER_4_QUARANTINE_FRAUD,train
6295,0,0.0037,0.9272,0.923,0.8759,0.1341,63.64,TIER_3_RESTRICTED_CAUTION,train
6296,0,0.0387,0.7968,0.8961,0.6569,0.4825,66.17,TIER_2_STANDARD_TRUST,train
6297,1,0.8565,0.1767,0.8958,0.6131,0.0552,9.35,TIER_4_QUARANTINE_FRAUD,train
6298,0,0.6535,0.3112,0.9279,0.8733,0.117,27.58,TIER_4_QUARANTINE_FRAUD,train
6299,0,0.67,0.3382,0.8666,0.8538,0.4969,39.7,TIER_4_QUARANTINE_FRAUD,train
6300,1,0.8946,0.138,0.8061,0.4734,0.1116,6.01,TIER_4_QUARANTINE_FRAUD,train
6301,0,0.1368,0.8359,0.8746,0.9168,0.4438,72.28,TIER_2_STANDARD_TRUST,train
6302,1,0.9846,0.0664,0.7844,0.7511,0.1248,2.74,TIER_4_QUARANTINE_FRAUD,val
6303,0,0.0093,0.7969,0.9298,0.89,0.0957,58.81,TIER_3_RESTRICTED_CAUTION,train
6304,0,0.089,0.7716,0.9286,0.7538,0.4412,66.72,TIER_2_STANDARD_TRUST,train
6305,0,0.0467,0.8677,0.9048,0.9212,0.1109,61.99,TIER_3_RESTRICTED_CAUTION,train
6306,1,0.8794,0.1784,0.8947,0.7517,0.055,10.52,TIER_4_QUARANTINE_FRAUD,train
6307,0,0.9389,0.1176,0.841,0.7906,0.1414,6.41,TIER_4_QUARANTINE_FRAUD,train
6308,0,0.0063,0.822,0.9097,0.8898,0.4048,70.17,TIER_2_STANDARD_TRUST,test
6309,0,0.0068,0.8012,0.898,0.8661,0.1116,58.57,TIER_3_RESTRICTED_CAUTION,val
6310,0,0.136,0.73,0.8887,0.8314,0.2224,59.36,TIER_3_RESTRICTED_CAUTION,test
6311,0,0.0719,0.8839,0.9153,0.826,0.9586,89.87,TIER_1_VERIFIED_SAFE,train
6312,0,0.5318,0.4256,0.85,0.7553,0.1203,41.26,TIER_4_QUARANTINE_FRAUD,train
6313,1,0.3895,0.5409,0.864,0.6569,0.074,43.88,TIER_4_QUARANTINE_FRAUD,train
6314,0,0.0164,0.8916,0.8947,0.8556,0.0318,58.19,TIER_3_RESTRICTED_CAUTION,test
6315,0,0.1571,0.8048,0.8817,0.7418,0.9547,84.92,TIER_1_VERIFIED_SAFE,train
6316,0,0.1686,0.7976,0.9205,0.8083,0.1171,57.44,TIER_3_RESTRICTED_CAUTION,train
6317,1,0.9726,0.0739,0.8811,1.0,0.0682,3.67,TIER_4_QUARANTINE_FRAUD,train
6318,1,0.7452,0.1992,0.8378,0.7473,0.0992,12.65,TIER_4_QUARANTINE_FRAUD,test
6319,0,0.0302,0.8796,0.8805,0.9525,0.1291,63.52,TIER_3_RESTRICTED_CAUTION,train
6320,0,0.0764,0.8858,0.9065,0.8083,0.4884,72.94,TIER_2_STANDARD_TRUST,train
6321,1,0.2611,0.6108,0.8926,0.6783,0.1046,47.87,TIER_3_RESTRICTED_CAUTION,train
6322,0,0.0374,0.7584,0.8554,0.9193,0.1505,59.56,TIER_3_RESTRICTED_CAUTION,test
6323,0,0.0025,0.8165,0.8903,0.8877,0.4039,69.73,TIER_2_STANDARD_TRUST,train
6324,1,0.9159,0.1276,0.8202,0.8022,0.1182,7.04,TIER_4_QUARANTINE_FRAUD,train
6325,0,0.496,0.434,0.863,0.7667,0.103,42.37,TIER_4_QUARANTINE_FRAUD,train
6326,0,0.0079,0.9294,0.9026,0.8022,0.9725,91.0,TIER_1_VERIFIED_SAFE,train
6327,1,0.5115,0.4437,0.8765,0.8365,0.1241,46.47,TIER_3_RESTRICTED_CAUTION,train
6328,1,0.985,0.0686,0.8728,0.5775,0.0173,2.24,TIER_4_QUARANTINE_FRAUD,train
6329,0,0.7903,0.2141,0.7774,0.6766,0.0713,12.8,TIER_4_QUARANTINE_FRAUD,train
6330,0,0.6031,0.3561,0.8576,0.8294,0.1363,33.03,TIER_4_QUARANTINE_FRAUD,train
6331,0,0.8517,0.1882,0.8884,0.6933,0.155,12.0,TIER_4_QUARANTINE_FRAUD,test
6332,0,0.3601,0.6368,0.8702,0.8301,0.1006,52.08,TIER_3_RESTRICTED_CAUTION,train
6333,0,0.8184,0.1928,0.8783,0.7234,0.0949,11.95,TIER_4_QUARANTINE_FRAUD,train
6334,0,0.0031,0.8337,0.9075,0.9579,0.469,74.45,TIER_2_STANDARD_TRUST,train
6335,1,0.9536,0.1176,0.8206,0.609,0.4274,7.32,TIER_4_QUARANTINE_FRAUD,train
6336,0,0.4441,0.4512,0.897,1.0,0.1684,53.4,TIER_3_RESTRICTED_CAUTION,train
6337,0,0.0104,0.9286,0.9154,0.8375,0.5004,75.47,TIER_2_STANDARD_TRUST,test
6338,0,0.3026,0.6047,0.8927,0.8412,0.1346,52.81,TIER_3_RESTRICTED_CAUTION,train
6339,1,0.9793,0.1005,0.9011,0.3467,0.4292,5.09,TIER_4_QUARANTINE_FRAUD,train
6340,0,0.0741,0.8665,0.9013,0.7761,0.0723,56.94,TIER_3_RESTRICTED_CAUTION,train
6341,1,0.6318,0.3358,0.9034,0.4091,0.019,20.5,TIER_4_QUARANTINE_FRAUD,train
6342,1,0.9798,0.0979,0.8579,0.5913,0.0212,3.72,TIER_4_QUARANTINE_FRAUD,train
6343,1,0.6726,0.3091,0.8887,0.6798,0.1325,24.42,TIER_4_QUARANTINE_FRAUD,train
6344,0,0.0343,0.8831,0.9351,0.9482,0.1449,64.62,TIER_3_RESTRICTED_CAUTION,train
6345,0,0.2676,0.6314,0.8704,0.7866,0.4255,62.2,TIER_3_RESTRICTED_CAUTION,test
6346,1,0.7963,0.2185,0.8645,0.865,0.1112,15.92,TIER_4_QUARANTINE_FRAUD,train
6347,0,0.0167,0.9498,0.9468,0.8824,0.4389,75.38,TIER_2_STANDARD_TRUST,test
6348,0,0.235,0.765,0.9294,0.7611,0.5012,68.81,TIER_2_STANDARD_TRUST,train
6349,1,0.9203,0.1146,0.8824,0.5561,0.1361,5.22,TIER_4_QUARANTINE_FRAUD,train
6350,1,0.9209,0.1188,0.8848,0.6829,0.0389,5.46,TIER_4_QUARANTINE_FRAUD,test
6351,0,0.0071,0.9247,0.8655,0.7611,0.975,89.55,TIER_1_VERIFIED_SAFE,train
6352,0,0.8596,0.1766,0.7453,0.6758,0.0229,9.03,TIER_4_QUARANTINE_FRAUD,train
6353,0,0.1636,0.6993,0.8767,0.8654,0.1231,55.69,TIER_3_RESTRICTED_CAUTION,train
6354,0,0.1067,0.7289,0.8324,0.8145,0.1336,55.23,TIER_3_RESTRICTED_CAUTION,test
6355,0,0.0321,0.8109,0.9093,0.8483,0.0977,58.05,TIER_3_RESTRICTED_CAUTION,train
6356,1,0.6964,0.2857,0.8828,0.6918,0.0407,20.01,TIER_4_QUARANTINE_FRAUD,train
6357,0,0.0088,0.9275,0.9233,0.6829,0.5507,73.4,TIER_2_STANDARD_TRUST,test
6358,0,0.0018,0.9394,0.9252,0.9343,0.4285,75.79,TIER_2_STANDARD_TRUST,train
6359,0,0.0066,0.8043,0.8723,0.9178,0.1492,61.02,TIER_3_RESTRICTED_CAUTION,val
6360,1,0.9394,0.1208,0.8939,0.525,0.1,5.28,TIER_4_QUARANTINE_FRAUD,train
6361,0,0.2199,0.6786,0.8738,0.926,0.4661,68.56,TIER_2_STANDARD_TRUST,train
6362,1,0.9589,0.0856,0.7792,0.6398,0.1184,3.53,TIER_4_QUARANTINE_FRAUD,train
6363,0,0.3506,0.5639,0.9206,0.8438,0.0956,50.56,TIER_3_RESTRICTED_CAUTION,test
6364,0,0.808,0.2128,0.902,0.5129,0.0309,11.07,TIER_4_QUARANTINE_FRAUD,train
6365,0,0.0132,0.7954,0.8642,0.8408,0.1217,57.78,TIER_3_RESTRICTED_CAUTION,train
6366,1,0.8811,0.1482,0.675,0.8888,0.4544,11.64,TIER_4_QUARANTINE_FRAUD,train
6367,1,0.4756,0.4811,0.8341,0.7325,0.1111,44.98,TIER_4_QUARANTINE_FRAUD,train
6368,1,0.9851,0.0786,0.8523,0.8083,0.0227,3.3,TIER_4_QUARANTINE_FRAUD,test
6369,0,0.0156,0.7948,0.915,0.7978,0.0997,56.43,TIER_3_RESTRICTED_CAUTION,train
6370,0,0.0567,0.7933,0.9046,0.6459,0.4843,65.94,TIER_2_STANDARD_TRUST,train
6371,1,0.8298,0.1842,0.897,0.7611,0.1153,11.76,TIER_4_QUARANTINE_FRAUD,val
6372,1,0.9019,0.1444,0.898,0.6033,0.1239,7.47,TIER_4_QUARANTINE_FRAUD,train
6373,1,0.9767,0.0818,0.9024,1.0,0.4399,5.65,TIER_4_QUARANTINE_FRAUD,test
6374,0,0.9133,0.1371,0.8899,0.5674,0.0173,5.93,TIER_4_QUARANTINE_FRAUD,train
6375,0,0.3583,0.5415,0.892,0.9036,0.1591,53.32,TIER_3_RESTRICTED_CAUTION,test
6376,0,0.0058,0.8288,0.8716,0.859,0.4634,71.27,TIER_2_STANDARD_TRUST,train
6377,1,0.2718,0.6035,0.8913,0.7248,0.1297,49.68,TIER_3_RESTRICTED_CAUTION,val
6378,1,0.971,0.1122,0.8752,0.7267,0.0462,5.25,TIER_4_QUARANTINE_FRAUD,train
6379,1,0.0226,0.791,0.8423,0.8406,0.1153,57.21,TIER_3_RESTRICTED_CAUTION,test
6380,0,0.0492,0.8915,0.9328,0.7289,0.0562,56.26,TIER_3_RESTRICTED_CAUTION,train
6381,1,0.5142,0.5444,0.8909,0.7039,0.1675,48.7,TIER_3_RESTRICTED_CAUTION,test
6382,1,0.9136,0.2182,0.8981,1.0,0.0879,17.02,TIER_4_QUARANTINE_FRAUD,train
6383,0,0.0168,0.9267,0.897,0.8744,0.4345,73.84,TIER_2_STANDARD_TRUST,train
6384,1,0.9268,0.1116,0.8454,0.7711,0.1167,5.74,TIER_4_QUARANTINE_FRAUD,train
6385,0,0.0201,0.7904,0.9197,0.9576,0.1066,60.58,TIER_3_RESTRICTED_CAUTION,test
6386,0,0.6592,0.4173,0.922,0.985,0.154,46.92,TIER_3_RESTRICTED_CAUTION,test
6387,0,0.8641,0.19,0.8897,0.5572,0.4757,14.73,TIER_4_QUARANTINE_FRAUD,train
6388,1,0.9531,0.0922,0.8774,0.6782,0.0312,3.77,TIER_4_QUARANTINE_FRAUD,train
6389,0,0.0968,0.8663,0.9244,0.7634,0.9457,87.42,TIER_1_VERIFIED_SAFE,train
6390,1,0.5903,0.3636,0.8418,0.6312,0.1534,30.68,TIER_4_QUARANTINE_FRAUD,val
6391,0,0.0189,0.9282,0.9194,0.8256,0.5605,77.3,TIER_2_STANDARD_TRUST,val
6392,1,0.6355,0.3264,0.8135,0.6782,0.111,25.53,TIER_4_QUARANTINE_FRAUD,train
6393,1,0.9487,0.0664,0.8919,1.0,0.1118,3.31,TIER_4_QUARANTINE_FRAUD,train
6394,0,0.9548,0.0888,0.9194,0.394,0.0147,2.7,TIER_4_QUARANTINE_FRAUD,train
6395,1,0.9759,0.0739,0.8699,0.7348,0.139,3.26,TIER_4_QUARANTINE_FRAUD,train
6396,0,0.11,0.7413,0.8856,0.931,0.4253,69.26,TIER_2_STANDARD_TRUST,train
6397,0,0.8785,0.1767,0.902,0.6451,0.0833,9.9,TIER_4_QUARANTINE_FRAUD,test
6398,0,0.0019,0.9759,0.9246,0.8517,0.4622,75.99,TIER_2_STANDARD_TRUST,train
6399,0,0.0044,0.9877,0.8985,0.8754,0.3972,74.4,TIER_2_STANDARD_TRUST,train
6400,1,0.8356,0.1982,0.7996,0.6161,0.1312,11.68,TIER_4_QUARANTINE_FRAUD,train
6401,0,0.0158,0.9754,0.9463,0.8338,0.4248,74.44,TIER_2_STANDARD_TRUST,train
6402,0,0.3255,0.5618,0.845,0.252,0.0221,32.38,TIER_4_QUARANTINE_FRAUD,train
6403,1,0.9436,0.0974,0.8384,0.7333,0.0348,4.22,TIER_4_QUARANTINE_FRAUD,val
6404,1,0.9393,0.1022,0.8379,0.444,0.0202,3.39,TIER_4_QUARANTINE_FRAUD,train
6405,0,0.7243,0.2611,0.9365,0.9324,0.2166,23.7,TIER_4_QUARANTINE_FRAUD,test
6406,0,0.2372,0.6267,0.8897,0.7639,0.2475,55.46,TIER_3_RESTRICTED_CAUTION,train
6407,0,0.0124,0.7965,0.8779,0.7157,0.0965,53.94,TIER_3_RESTRICTED_CAUTION,train
6408,0,0.0103,0.821,0.8753,0.7859,0.0954,56.37,TIER_3_RESTRICTED_CAUTION,val
6409,1,0.7651,0.2586,0.8979,0.5781,0.4419,22.71,TIER_4_QUARANTINE_FRAUD,train
6410,1,0.9747,0.0893,0.8837,1.0,0.0726,4.77,TIER_4_QUARANTINE_FRAUD,train
6411,0,0.1824,0.801,0.9269,0.8706,0.9659,88.87,TIER_1_VERIFIED_SAFE,train
6412,0,0.2986,0.5976,0.875,0.8062,0.1215,51.09,TIER_3_RESTRICTED_CAUTION,val
6413,0,0.0891,0.8695,0.8748,0.8564,0.5168,74.33,TIER_2_STANDARD_TRUST,train
6414,1,0.9441,0.1079,0.8978,0.555,0.117,4.71,TIER_4_QUARANTINE_FRAUD,train
6415,0,0.1152,0.7239,0.862,0.8938,0.1279,57.16,TIER_3_RESTRICTED_CAUTION,train
6416,0,0.0761,0.7761,0.9069,0.7276,0.4689,66.95,TIER_2_STANDARD_TRUST,train
6417,0,0.8979,0.1334,0.8633,0.7802,0.1508,7.7,TIER_4_QUARANTINE_FRAUD,train
6418,0,0.0135,0.9107,0.9295,0.7912,0.4713,72.89,TIER_2_STANDARD_TRUST,train
6419,0,0.0688,0.7526,0.8295,1.0,0.1427,60.87,TIER_3_RESTRICTED_CAUTION,test
6420,1,0.8765,0.1511,0.8698,0.6341,0.127,8.12,TIER_4_QUARANTINE_FRAUD,train
6421,0,0.5077,0.4259,0.8634,0.7316,0.1043,40.36,TIER_4_QUARANTINE_FRAUD,val
6422,0,0.9004,0.128,0.831,0.232,0.0234,3.66,TIER_4_QUARANTINE_FRAUD,test
6423,1,0.6874,0.3277,0.8052,0.8238,0.1147,28.14,TIER_4_QUARANTINE_FRAUD,train
6424,1,0.8616,0.1586,0.8419,0.8097,0.1289,9.78,TIER_4_QUARANTINE_FRAUD,train
6425,1,0.9446,0.1072,0.8334,0.675,0.0522,4.69,TIER_4_QUARANTINE_FRAUD,train
6426,0,0.1585,0.6878,0.9218,0.7699,0.0918,52.31,TIER_3_RESTRICTED_CAUTION,train
6427,0,0.6872,0.2957,0.9154,0.6358,0.0153,19.96,TIER_4_QUARANTINE_FRAUD,train
6428,1,0.9161,0.0942,0.8602,0.7243,0.0352,4.03,TIER_4_QUARANTINE_FRAUD,train
6429,0,0.8697,0.1654,0.8718,0.757,0.1078,9.9,TIER_4_QUARANTINE_FRAUD,train
6430,0,0.0364,0.8125,0.9391,0.5978,0.042,50.18,TIER_3_RESTRICTED_CAUTION,train
6431,1,0.8981,0.1376,0.9021,0.905,0.0389,7.96,TIER_4_QUARANTINE_FRAUD,test
6432,0,0.0156,0.9053,0.9174,0.78,0.55,75.08,TIER_2_STANDARD_TRUST,val
6433,0,0.0059,0.9257,0.8688,0.8821,0.448,74.19,TIER_2_STANDARD_TRUST,train
6434,0,0.2126,0.672,0.9202,0.8072,0.0171,50.14,TIER_3_RESTRICTED_CAUTION,train
6435,0,0.0743,0.7479,0.8446,0.8719,0.1226,56.97,TIER_3_RESTRICTED_CAUTION,train
6436,1,0.8938,0.1502,0.83,0.7473,0.1405,8.74,TIER_4_QUARANTINE_FRAUD,train
6437,0,0.0033,0.9796,0.9377,0.7476,0.4563,73.43,TIER_2_STANDARD_TRUST,train
6438,0,0.0096,0.9231,0.9016,0.7375,0.9742,89.24,TIER_1_VERIFIED_SAFE,train
6439,0,0.1912,0.6981,0.9011,0.6913,0.5,64.74,TIER_3_RESTRICTED_CAUTION,train
6440,1,0.9485,0.1129,0.8768,1.0,0.4587,8.82,TIER_4_QUARANTINE_FRAUD,test
6441,0,0.2726,0.6339,0.8925,0.7059,0.0206,46.31,TIER_3_RESTRICTED_CAUTION,train
6442,0,0.7448,0.2525,0.5271,0.8761,0.14,18.71,TIER_4_QUARANTINE_FRAUD,train
6443,0,0.415,0.5947,0.8756,0.6636,0.1011,46.73,TIER_3_RESTRICTED_CAUTION,train
6444,1,0.6118,0.3469,0.8503,0.8096,0.1368,31.32,TIER_4_QUARANTINE_FRAUD,train
6445,1,0.9508,0.099,0.797,0.4542,0.0325,3.27,TIER_4_QUARANTINE_FRAUD,train
6446,0,0.0022,0.833,0.9223,0.8065,0.4898,71.52,TIER_2_STANDARD_TRUST,train
6447,0,0.0012,0.8235,0.9475,0.8882,0.4354,71.63,TIER_2_STANDARD_TRUST,test
6448,0,0.0501,0.8972,0.8652,0.8496,0.482,73.68,TIER_2_STANDARD_TRUST,train
6449,0,0.0015,0.8073,0.9044,0.9528,0.1516,62.39,TIER_3_RESTRICTED_CAUTION,train
6450,0,0.0008,0.9331,0.9019,0.9016,0.4642,75.8,TIER_2_STANDARD_TRUST,test
6451,0,0.4476,0.4683,0.8729,0.9,0.1603,50.89,TIER_3_RESTRICTED_CAUTION,val
6452,0,0.7017,0.2758,0.8774,0.8617,0.1623,23.43,TIER_4_QUARANTINE_FRAUD,train
6453,0,0.0032,0.8024,0.8402,0.9211,0.1633,61.21,TIER_3_RESTRICTED_CAUTION,train
6454,1,0.3874,0.5179,0.8974,0.7276,0.12,46.9,TIER_3_RESTRICTED_CAUTION,train
6455,0,0.106,0.7271,0.8624,0.7713,0.1014,53.27,TIER_3_RESTRICTED_CAUTION,train
6456,0,0.9079,0.1565,0.7749,0.8174,0.1337,9.51,TIER_4_QUARANTINE_FRAUD,train
6457,0,0.1063,0.6869,0.8628,0.6913,0.0587,48.57,TIER_3_RESTRICTED_CAUTION,train
6458,0,0.6282,0.2873,0.8459,0.848,0.1257,23.82,TIER_4_QUARANTINE_FRAUD,train
6459,0,0.1517,0.6926,0.9085,0.8201,0.0994,53.85,TIER_3_RESTRICTED_CAUTION,train
6460,0,0.7107,0.2245,0.8509,0.9557,0.1171,17.51,TIER_4_QUARANTINE_FRAUD,test
6461,0,0.1309,0.733,0.921,0.9227,0.6704,77.73,TIER_2_STANDARD_TRUST,train
6462,1,0.9146,0.1272,0.8421,0.7254,0.1073,6.6,TIER_4_QUARANTINE_FRAUD,val
6463,0,0.0446,0.7753,0.8759,0.87,0.132,58.39,TIER_3_RESTRICTED_CAUTION,train
6464,0,0.074,0.7502,0.7843,0.7817,0.1321,54.52,TIER_3_RESTRICTED_CAUTION,train
6465,1,0.8233,0.1902,0.8637,0.3524,0.0126,7.7,TIER_4_QUARANTINE_FRAUD,train
6466,0,0.0754,0.7857,0.85,0.8424,0.4555,69.08,TIER_2_STANDARD_TRUST,train
6467,0,0.0696,0.7509,0.8735,0.7847,0.1504,56.14,TIER_3_RESTRICTED_CAUTION,train
6468,0,0.1934,0.6727,0.9091,0.9411,0.4345,68.01,TIER_2_STANDARD_TRUST,train
6469,1,0.9512,0.0957,0.8057,0.4417,0.0213,3.04,TIER_4_QUARANTINE_FRAUD,train
6470,0,0.7963,0.2352,0.8925,0.6578,0.0763,15.1,TIER_4_QUARANTINE_FRAUD,test
6471,0,0.109,0.7246,0.8859,0.8814,0.1086,56.44,TIER_3_RESTRICTED_CAUTION,val
6472,0,0.1763,0.6698,0.8613,0.995,0.1259,57.99,TIER_3_RESTRICTED_CAUTION,test
6473,0,0.1563,0.6907,0.8985,0.9976,0.6749,78.27,TIER_2_STANDARD_TRUST,test
6474,1,0.3676,0.5532,0.8961,0.7149,0.0441,44.97,TIER_4_QUARANTINE_FRAUD,test
6475,0,0.0069,0.9262,0.9198,0.9191,0.1215,64.22,TIER_3_RESTRICTED_CAUTION,train
6476,1,0.9036,0.1303,0.8499,0.6312,0.112,6.41,TIER_4_QUARANTINE_FRAUD,test
6477,0,0.1117,0.8585,0.9133,0.8181,0.5225,73.63,TIER_2_STANDARD_TRUST,test
6478,0,0.4972,0.4376,0.857,0.9908,0.1921,51.3,TIER_3_RESTRICTED_CAUTION,train
6479,0,0.0084,0.9074,0.9129,0.8604,0.0143,58.36,TIER_3_RESTRICTED_CAUTION,train
6480,1,0.9296,0.0656,0.85,0.8446,0.106,2.89,TIER_4_QUARANTINE_FRAUD,train
6481,0,0.4075,0.5044,0.8475,0.8165,0.1203,48.23,TIER_3_RESTRICTED_CAUTION,train
6482,0,0.7174,0.296,0.8393,0.7602,0.4439,30.06,TIER_4_QUARANTINE_FRAUD,train
6483,0,0.8239,0.3191,0.9018,0.8172,0.1606,28.55,TIER_4_QUARANTINE_FRAUD,train
6484,0,0.0063,0.8036,0.9134,0.8149,0.1019,57.18,TIER_3_RESTRICTED_CAUTION,test
6485,1,0.8617,0.1602,0.7492,0.7312,0.016,8.13,TIER_4_QUARANTINE_FRAUD,test
6486,0,0.0021,0.8127,0.8859,0.9352,0.1088,60.43,TIER_3_RESTRICTED_CAUTION,train
6487,0,0.6431,0.3427,0.9159,0.7476,0.2049,31.79,TIER_4_QUARANTINE_FRAUD,train
6488,0,0.0346,0.8982,0.8924,0.6013,0.4777,67.62,TIER_2_STANDARD_TRUST,test
6489,0,0.0709,0.8674,0.8975,0.8415,0.55,75.28,TIER_2_STANDARD_TRUST,train
6490,1,0.8507,0.1164,0.828,0.6424,0.1103,5.46,TIER_4_QUARANTINE_FRAUD,train
6491,0,0.0753,0.869,0.8833,0.8406,0.2237,63.75,TIER_3_RESTRICTED_CAUTION,train
6492,0,0.3924,0.5331,0.9019,0.8703,0.0793,49.55,TIER_3_RESTRICTED_CAUTION,val
6493,0,0.0091,0.8956,0.8876,1.0,0.1141,64.74,TIER_3_RESTRICTED_CAUTION,test
6494,0,0.1486,0.8188,0.9051,0.7847,0.1047,56.9,TIER_3_RESTRICTED_CAUTION,test
6495,0,0.8945,0.1409,0.898,0.6543,0.052,6.94,TIER_4_QUARANTINE_FRAUD,train
6496,0,0.531,0.3679,0.8404,0.9133,0.0484,33.84,TIER_4_QUARANTINE_FRAUD,train
6497,1,0.913,0.1209,0.8922,0.4613,0.0248,4.52,TIER_4_QUARANTINE_FRAUD,train
6498,1,0.7647,0.2521,0.8612,0.6094,0.0601,15.78,TIER_4_QUARANTINE_FRAUD,train
6499,0,0.0886,0.7419,0.8836,0.9307,0.1979,61.29,TIER_3_RESTRICTED_CAUTION,train
6500,0,0.0174,0.7922,0.9171,0.7488,0.0967,55.04,TIER_3_RESTRICTED_CAUTION,train
6501,0,0.2055,0.681,0.8808,0.7679,0.0876,51.5,TIER_3_RESTRICTED_CAUTION,train
6502,0,0.0107,0.8045,0.9071,0.8605,0.0292,55.74,TIER_3_RESTRICTED_CAUTION,train
6503,0,0.0026,0.9226,0.9275,0.8902,0.4108,73.58,TIER_2_STANDARD_TRUST,test
6504,0,0.0759,0.868,0.9192,0.6013,0.9768,84.45,TIER_1_VERIFIED_SAFE,train
6505,0,0.6874,0.2928,0.8022,0.9793,0.1551,26.72,TIER_4_QUARANTINE_FRAUD,train
6506,0,0.5303,0.4324,0.9049,0.7333,0.1922,44.7,TIER_4_QUARANTINE_FRAUD,train
6507,0,0.008,0.8264,0.9187,0.9474,0.1185,61.81,TIER_3_RESTRICTED_CAUTION,val
6508,1,0.924,0.1114,0.8572,0.6193,0.1131,5.1,TIER_4_QUARANTINE_FRAUD,train
6509,0,0.0303,0.7881,0.9172,0.9222,0.1221,60.14,TIER_3_RESTRICTED_CAUTION,test
6510,1,0.9284,0.1189,0.8412,0.6556,0.0462,5.31,TIER_4_QUARANTINE_FRAUD,train
6511,0,0.0042,0.9076,0.9303,0.9175,0.1025,63.06,TIER_3_RESTRICTED_CAUTION,train
6512,0,0.459,0.4624,0.8717,0.7329,0.1066,44.64,TIER_4_QUARANTINE_FRAUD,train
6513,0,0.1805,0.7984,0.846,0.9011,0.4787,71.69,TIER_2_STANDARD_TRUST,test
6514,1,0.8955,0.1333,0.8778,0.8286,0.0633,7.34,TIER_4_QUARANTINE_FRAUD,train
6515,0,0.337,0.5613,0.9013,0.8029,0.55,65.17,TIER_2_STANDARD_TRUST,train
6516,0,0.3579,0.5376,0.8932,0.9192,0.1996,55.03,TIER_3_RESTRICTED_CAUTION,val
6517,1,0.944,0.1122,0.8415,1.0,0.4709,8.76,TIER_4_QUARANTINE_FRAUD,train
6518,0,0.5262,0.409,0.8305,0.7581,0.1362,39.13,TIER_4_QUARANTINE_FRAUD,train
6519,0,0.0011,0.9368,0.9367,0.8938,0.4615,75.97,TIER_2_STANDARD_TRUST,train
6520,0,0.5667,0.3909,0.8399,0.9271,0.1405,40.15,TIER_4_QUARANTINE_FRAUD,val
6521,0,0.8996,0.0805,0.8461,0.854,0.1167,3.88,TIER_4_QUARANTINE_FRAUD,train
6522,1,0.9361,0.104,0.8986,1.0,0.1177,6.14,TIER_4_QUARANTINE_FRAUD,train
6523,0,0.0006,0.9413,0.8794,0.9125,0.4362,75.11,TIER_2_STANDARD_TRUST,test
6524,0,0.4174,0.502,0.8702,0.7926,0.1516,48.88,TIER_3_RESTRICTED_CAUTION,train
6525,1,0.8353,0.1764,0.8011,0.2312,0.0359,6.02,TIER_4_QUARANTINE_FRAUD,train
6526,0,0.5985,0.3795,0.9048,0.9582,0.1045,38.49,TIER_4_QUARANTINE_FRAUD,train
6527,0,0.8586,0.1603,0.8667,0.805,0.0975,9.67,TIER_4_QUARANTINE_FRAUD,train
6528,0,0.1213,0.8477,0.9213,0.8256,0.0971,58.68,TIER_3_RESTRICTED_CAUTION,train
6529,0,0.9439,0.0483,0.8801,0.784,0.0548,1.75,TIER_4_QUARANTINE_FRAUD,train
6530,1,0.9737,0.037,0.7628,0.592,0.1098,1.06,TIER_4_QUARANTINE_FRAUD,train
6531,1,0.9171,0.143,0.877,0.7143,0.1375,8.05,TIER_4_QUARANTINE_FRAUD,train
6532,1,0.9321,0.1314,0.8318,0.7761,0.4453,9.54,TIER_4_QUARANTINE_FRAUD,test
6533,1,0.883,0.1486,0.8667,0.665,0.1272,8.1,TIER_4_QUARANTINE_FRAUD,train
6534,0,0.1429,0.826,0.9318,0.77,0.5063,71.07,TIER_2_STANDARD_TRUST,train
6535,0,0.5421,0.3949,0.8717,0.9157,0.1181,40.17,TIER_4_QUARANTINE_FRAUD,train
6536,0,0.1799,0.6884,0.9166,0.7094,0.4544,63.46,TIER_3_RESTRICTED_CAUTION,train
6537,0,0.61,0.3706,0.85,0.8424,0.498,45.14,TIER_3_RESTRICTED_CAUTION,train
6538,0,0.5003,0.4326,0.9194,0.5938,0.0169,35.72,TIER_4_QUARANTINE_FRAUD,train
6539,0,0.0021,0.8287,0.9233,0.9178,0.4027,71.13,TIER_2_STANDARD_TRUST,test
6540,1,0.9164,0.2359,0.8736,0.7167,0.4668,21.62,TIER_4_QUARANTINE_FRAUD,train
6541,0,0.2701,0.6337,0.9233,0.7641,0.5093,65.17,TIER_2_STANDARD_TRUST,train
6542,0,0.6052,0.3515,0.8258,0.7774,0.1261,30.93,TIER_4_QUARANTINE_FRAUD,train
6543,1,0.9529,0.1122,0.8989,1.0,0.5221,9.14,TIER_4_QUARANTINE_FRAUD,val
6544,1,0.7254,0.2634,0.8099,0.7163,0.1471,19.46,TIER_4_QUARANTINE_FRAUD,train
6545,1,0.9558,0.0976,0.8513,0.6953,0.1186,4.52,TIER_4_QUARANTINE_FRAUD,train
6546,1,0.9167,0.1336,0.8807,0.712,0.0426,6.62,TIER_4_QUARANTINE_FRAUD,train
6547,0,0.0056,0.9242,0.9224,0.9246,0.1298,64.61,TIER_3_RESTRICTED_CAUTION,train
6548,0,0.0062,0.8038,0.8719,0.8304,0.1392,58.46,TIER_3_RESTRICTED_CAUTION,train
6549,0,0.0021,0.8042,0.9352,0.8638,0.1255,59.46,TIER_3_RESTRICTED_CAUTION,train
6550,0,0.2632,0.6414,0.9246,0.7581,0.148,52.62,TIER_3_RESTRICTED_CAUTION,train
6551,0,0.0643,0.8865,0.9126,0.7588,0.9776,88.91,TIER_1_VERIFIED_SAFE,test
6552,1,0.9204,0.1187,0.8818,0.473,0.125,5.05,TIER_4_QUARANTINE_FRAUD,train
6553,0,0.0177,0.7886,0.9281,0.8835,0.1308,59.6,TIER_3_RESTRICTED_CAUTION,train
6554,0,0.0043,0.8161,0.9138,0.8172,0.0988,57.51,TIER_3_RESTRICTED_CAUTION,val
6555,0,0.0078,0.8013,0.9105,0.817,0.0941,56.86,TIER_3_RESTRICTED_CAUTION,test
6556,0,0.3191,0.5518,0.9041,0.7032,0.0735,45.75,TIER_3_RESTRICTED_CAUTION,train
6557,1,0.9581,0.0984,0.8507,0.4833,0.1188,3.84,TIER_4_QUARANTINE_FRAUD,train
6558,0,0.0356,0.9042,0.8564,0.7931,0.55,74.77,TIER_2_STANDARD_TRUST,train
6559,0,0.0032,0.9133,0.9153,0.8826,0.0272,59.57,TIER_3_RESTRICTED_CAUTION,train
6560,0,0.5821,0.3781,0.8632,0.7382,0.4487,43.16,TIER_4_QUARANTINE_FRAUD,val
6561,0,0.4431,0.4782,0.8637,0.7584,0.1035,45.56,TIER_3_RESTRICTED_CAUTION,val
6562,0,0.624,0.3362,0.8589,0.7651,0.1028,28.34,TIER_4_QUARANTINE_FRAUD,train
6563,1,0.7807,0.2352,0.8011,0.784,0.4607,21.85,TIER_4_QUARANTINE_FRAUD,train
6564,0,0.3172,0.567,0.8606,0.7475,0.2321,52.43,TIER_3_RESTRICTED_CAUTION,train
6565,0,0.0024,0.9166,0.9315,0.8833,0.0189,59.56,TIER_3_RESTRICTED_CAUTION,test
6566,0,0.5134,0.5526,0.9287,0.484,0.4037,52.1,TIER_3_RESTRICTED_CAUTION,train
6567,0,0.0063,0.9113,0.9334,0.8919,0.41,73.32,TIER_2_STANDARD_TRUST,val
6568,0,0.4106,0.5028,0.8211,0.8391,0.1272,48.72,TIER_3_RESTRICTED_CAUTION,train
6569,0,0.9097,0.1513,0.8842,0.6718,0.4308,10.97,TIER_4_QUARANTINE_FRAUD,val
6570,0,0.8382,0.1763,0.7103,0.5781,0.033,8.28,TIER_4_QUARANTINE_FRAUD,train
6571,1,0.973,0.0457,0.8703,0.5697,0.1185,1.46,TIER_4_QUARANTINE_FRAUD,test
6572,0,0.2405,0.7329,0.9285,0.7182,0.0791,51.99,TIER_3_RESTRICTED_CAUTION,train
6573,0,0.0029,0.8064,0.9234,0.8643,0.4168,69.62,TIER_2_STANDARD_TRUST,test
6574,0,0.0358,0.7875,0.9335,0.8728,0.0976,58.19,TIER_3_RESTRICTED_CAUTION,train
6575,0,0.256,0.7413,0.9282,0.7955,0.5214,69.66,TIER_2_STANDARD_TRUST,test
6576,0,0.8379,0.125,0.8465,0.865,0.0401,6.67,TIER_4_QUARANTINE_FRAUD,test
6577,1,0.8937,0.1496,0.8707,0.4132,0.033,5.9,TIER_4_QUARANTINE_FRAUD,train
6578,0,0.0007,0.9291,0.8892,0.8375,0.5076,75.47,TIER_2_STANDARD_TRUST,val
6579,0,0.0045,0.9275,0.8724,0.887,0.101,62.26,TIER_3_RESTRICTED_CAUTION,train
6580,0,0.0018,0.8348,0.9251,0.9302,0.1145,61.56,TIER_3_RESTRICTED_CAUTION,train
6581,0,0.5859,0.3673,0.847,0.9473,0.1454,37.07,TIER_4_QUARANTINE_FRAUD,val
6582,0,0.1413,0.7318,0.8712,0.8567,0.4482,67.77,TIER_2_STANDARD_TRUST,train
6583,0,0.0014,0.9327,0.8998,0.6975,0.4294,69.45,TIER_2_STANDARD_TRUST,test
6584,0,0.4473,0.4711,0.8477,0.7711,0.126,46.3,TIER_3_RESTRICTED_CAUTION,test
6585,0,0.5907,0.374,0.8723,0.895,0.4494,45.65,TIER_3_RESTRICTED_CAUTION,test
6586,0,0.2059,0.7799,0.9277,0.8083,0.4794,69.66,TIER_2_STANDARD_TRUST,test
6587,0,0.0934,0.8615,0.9091,0.7071,0.1933,59.38,TIER_3_RESTRICTED_CAUTION,train
6588,0,0.6258,0.3596,0.909,0.7321,0.4737,40.92,TIER_4_QUARANTINE_FRAUD,val
6589,0,0.004,0.8129,0.9281,0.8255,0.422,69.08,TIER_2_STANDARD_TRUST,train
6590,0,0.6078,0.3499,0.8741,0.8432,0.126,32.25,TIER_4_QUARANTINE_FRAUD,val
6591,0,0.2368,0.638,0.8967,0.804,0.532,66.83,TIER_2_STANDARD_TRUST,train
6592,0,0.1127,0.7887,0.8981,0.7784,0.0526,53.94,TIER_3_RESTRICTED_CAUTION,train
6593,1,0.5716,0.3752,0.8423,0.2574,0.0861,23.0,TIER_4_QUARANTINE_FRAUD,test
6594,0,0.3292,0.5886,0.8788,0.907,0.1101,52.97,TIER_3_RESTRICTED_CAUTION,train
6595,0,0.4935,0.5528,0.8818,0.7597,0.0469,46.04,TIER_3_RESTRICTED_CAUTION,train
6596,0,0.854,0.1647,0.8676,0.8772,0.1118,10.69,TIER_4_QUARANTINE_FRAUD,train
6597,0,0.862,0.2645,0.8521,0.7611,0.1233,19.95,TIER_4_QUARANTINE_FRAUD,train
6598,1,0.544,0.4056,0.9079,0.7196,0.1211,37.99,TIER_4_QUARANTINE_FRAUD,train
6599,0,0.0094,0.9204,0.8621,0.9118,0.4545,74.93,TIER_2_STANDARD_TRUST,train
6600,0,0.2623,0.6374,0.8571,0.9708,0.051,53.75,TIER_3_RESTRICTED_CAUTION,train
6601,0,0.0061,0.8342,0.9057,0.9006,0.4163,71.17,TIER_2_STANDARD_TRUST,val
6602,1,0.9552,0.0871,0.821,0.8508,0.1033,4.22,TIER_4_QUARANTINE_FRAUD,train
6603,0,0.6273,0.3497,0.8964,0.985,0.4418,42.9,TIER_4_QUARANTINE_FRAUD,val
6604,0,0.013,0.9225,0.9167,0.8744,0.0305,59.77,TIER_3_RESTRICTED_CAUTION,test
6605,1,0.8186,0.1983,0.7722,0.885,0.4548,17.82,TIER_4_QUARANTINE_FRAUD,test
6606,0,0.7709,0.2266,0.7927,0.9588,0.1365,17.82,TIER_4_QUARANTINE_FRAUD,train
6607,1,0.9233,0.0638,0.8109,0.777,0.119,2.65,TIER_4_QUARANTINE_FRAUD,train
6608,0,0.0011,0.9234,0.9363,0.7448,0.478,72.42,TIER_2_STANDARD_TRUST,train
6609,1,0.9799,0.1039,0.8857,0.6367,0.106,4.7,TIER_4_QUARANTINE_FRAUD,train
6610,0,0.2233,0.5869,0.8402,0.8755,0.1253,52.28,TIER_3_RESTRICTED_CAUTION,train
6611,0,0.0082,0.819,0.9274,0.8116,0.0973,57.54,TIER_3_RESTRICTED_CAUTION,test
6612,0,0.7061,0.2783,0.9183,0.6989,0.0474,19.63,TIER_4_QUARANTINE_FRAUD,train
6613,0,0.0759,0.7785,0.8754,0.8358,0.4761,69.67,TIER_2_STANDARD_TRUST,train
6614,1,0.9016,0.1587,0.8694,0.9338,0.1291,10.66,TIER_4_QUARANTINE_FRAUD,train
6615,0,0.0322,0.9017,0.9127,0.916,0.2805,68.9,TIER_2_STANDARD_TRUST,train
6616,0,0.5393,0.4307,0.9208,0.7852,0.4477,54.25,TIER_3_RESTRICTED_CAUTION,train
6617,0,0.0956,0.7331,0.9178,0.9821,0.1693,61.65,TIER_3_RESTRICTED_CAUTION,val
6618,0,0.9235,0.1416,0.8242,0.7354,0.464,10.48,TIER_4_QUARANTINE_FRAUD,train
6619,0,0.0538,0.7853,0.8622,0.8277,0.129,57.39,TIER_3_RESTRICTED_CAUTION,test
6620,0,0.329,0.5634,0.8887,0.924,0.1613,54.54,TIER_3_RESTRICTED_CAUTION,train
6621,0,0.0077,0.8992,0.9284,0.7972,0.1134,60.16,TIER_3_RESTRICTED_CAUTION,test
6622,0,0.0008,0.905,0.874,0.9069,0.1712,64.56,TIER_3_RESTRICTED_CAUTION,train
6623,0,0.9088,0.1226,0.8648,0.6116,0.0496,5.41,TIER_4_QUARANTINE_FRAUD,train
6624,0,0.0045,0.8015,0.8837,0.9119,0.1465,60.81,TIER_3_RESTRICTED_CAUTION,train
6625,1,0.9664,0.0365,0.8145,0.6005,0.0283,0.96,TIER_4_QUARANTINE_FRAUD,train
6626,0,0.3636,0.7226,0.9137,0.8286,0.5045,69.19,TIER_2_STANDARD_TRUST,train
6627,0,0.0063,0.9365,0.8938,0.8418,0.5136,76.05,TIER_2_STANDARD_TRUST,train
6628,0,0.7166,0.2708,0.9123,0.7432,0.1179,20.65,TIER_4_QUARANTINE_FRAUD,val
6629,0,0.097,0.7672,0.9178,0.7982,0.0525,53.99,TIER_3_RESTRICTED_CAUTION,train
6630,0,0.23,0.7652,0.9069,0.7652,0.4374,66.46,TIER_2_STANDARD_TRUST,test
6631,0,0.4944,0.4337,0.8804,0.8596,0.1455,46.14,TIER_3_RESTRICTED_CAUTION,train
6632,0,0.0801,0.7696,0.8743,0.7476,0.9725,84.56,TIER_1_VERIFIED_SAFE,train
6633,1,0.7365,0.2594,0.8861,0.6912,0.1189,18.61,TIER_4_QUARANTINE_FRAUD,test
6634,0,0.9082,0.1219,0.3673,0.2507,0.0207,2.62,TIER_4_QUARANTINE_FRAUD,test
6635,0,0.0058,0.8316,0.919,0.8496,0.1252,59.76,TIER_3_RESTRICTED_CAUTION,train
6636,0,0.0073,0.8236,0.9244,0.8184,0.4372,69.71,TIER_2_STANDARD_TRUST,train
6637,0,0.8909,0.1353,0.6865,0.3771,0.0443,4.59,TIER_4_QUARANTINE_FRAUD,test
6638,1,0.8371,0.1924,0.8964,0.7825,0.1398,12.99,TIER_4_QUARANTINE_FRAUD,train
6639,0,0.0365,0.7813,0.8685,0.8183,0.1218,56.84,TIER_3_RESTRICTED_CAUTION,test
6640,0,0.5647,0.3794,0.8766,0.7627,0.0456,32.7,TIER_4_QUARANTINE_FRAUD,train
6641,1,0.8137,0.2038,0.8272,0.8587,0.0557,13.5,TIER_4_QUARANTINE_FRAUD,test
6642,0,0.5074,0.4251,0.869,0.9467,0.157,47.0,TIER_3_RESTRICTED_CAUTION,train
6643,0,0.0003,0.8317,0.9306,0.8592,0.5897,76.37,TIER_2_STANDARD_TRUST,test
6644,0,0.8894,0.2577,0.8553,0.7107,0.0321,17.04,TIER_4_QUARANTINE_FRAUD,val
6645,0,0.2168,0.6451,0.8654,0.746,0.0375,47.97,TIER_3_RESTRICTED_CAUTION,train
6646,0,0.1807,0.6702,0.8678,0.8053,0.1887,55.52,TIER_3_RESTRICTED_CAUTION,train
6647,1,0.9054,0.1582,0.8874,0.5824,0.141,8.5,TIER_4_QUARANTINE_FRAUD,test
6648,1,0.9078,0.1337,0.8947,1.0,0.0742,8.37,TIER_4_QUARANTINE_FRAUD,test
6649,0,0.8471,0.1835,0.8799,0.465,0.1026,9.2,TIER_4_QUARANTINE_FRAUD,train
6650,0,0.5301,0.4363,0.8873,0.8903,0.1626,47.94,TIER_3_RESTRICTED_CAUTION,test
6651,0,0.0368,0.8844,0.9129,0.8286,0.1671,62.22,TIER_3_RESTRICTED_CAUTION,test
6652,1,0.8977,0.1315,0.7918,0.2408,0.0222,3.77,TIER_4_QUARANTINE_FRAUD,train
6653,0,0.0071,0.7966,0.8723,0.8178,0.1089,56.88,TIER_3_RESTRICTED_CAUTION,train
6654,1,0.9486,0.1093,0.8226,0.3957,0.0194,3.51,TIER_4_QUARANTINE_FRAUD,train
6655,1,0.9095,0.1525,0.8066,0.6262,0.4604,10.88,TIER_4_QUARANTINE_FRAUD,train
6656,1,0.568,0.3801,0.8412,0.7021,0.1115,33.13,TIER_4_QUARANTINE_FRAUD,train
6657,0,0.2245,0.6441,0.9233,0.7345,0.1425,51.91,TIER_3_RESTRICTED_CAUTION,train
6658,0,0.7953,0.2077,0.8378,0.6314,0.089,12.26,TIER_4_QUARANTINE_FRAUD,train
6659,1,0.9198,0.1195,0.8686,0.5952,0.4561,7.7,TIER_4_QUARANTINE_FRAUD,train
6660,0,0.8651,0.1525,0.7283,0.8028,0.1411,9.03,TIER_4_QUARANTINE_FRAUD,train
6661,0,0.0044,0.9011,0.9244,0.8516,0.0193,58.24,TIER_3_RESTRICTED_CAUTION,train
6662,0,0.7948,0.2086,0.7124,1.0,0.1632,16.23,TIER_4_QUARANTINE_FRAUD,train
6663,0,0.005,0.7594,0.9041,0.9554,0.1107,59.58,TIER_3_RESTRICTED_CAUTION,train
6664,1,0.9155,0.12,0.8992,0.5404,0.0956,5.28,TIER_4_QUARANTINE_FRAUD,train
6665,1,0.9004,0.1296,0.8739,0.627,0.1331,6.54,TIER_4_QUARANTINE_FRAUD,train
6666,0,0.0177,0.7931,0.9347,0.7901,0.0976,56.31,TIER_3_RESTRICTED_CAUTION,test
6667,0,0.945,0.127,0.8627,0.6262,0.1148,6.2,TIER_4_QUARANTINE_FRAUD,train
6668,0,0.1426,0.7012,0.9215,0.98,0.1639,60.49,TIER_3_RESTRICTED_CAUTION,test
6669,0,0.8577,0.1933,0.9033,0.5954,0.4747,15.45,TIER_4_QUARANTINE_FRAUD,train
6670,0,0.9075,0.1527,0.7881,0.8148,0.4379,11.82,TIER_4_QUARANTINE_FRAUD,train
6671,0,0.71,0.3723,0.9176,0.8182,0.0369,32.9,TIER_4_QUARANTINE_FRAUD,train
6672,0,0.1227,0.7282,0.8598,0.7942,0.4325,65.43,TIER_2_STANDARD_TRUST,test
6673,0,0.0131,0.9138,0.9042,0.8217,0.9589,90.56,TIER_1_VERIFIED_SAFE,train
6674,1,0.9071,0.1495,0.8131,0.6624,0.1104,7.89,TIER_4_QUARANTINE_FRAUD,train
6675,1,0.9382,0.2194,0.8006,1.0,0.053,16.29,TIER_4_QUARANTINE_FRAUD,train
6676,0,0.0336,0.8075,0.8979,0.8549,0.4077,68.84,TIER_2_STANDARD_TRUST,test
6677,0,0.0314,0.8059,0.8573,0.7982,0.5576,72.22,TIER_2_STANDARD_TRUST,val
6678,0,0.0225,0.9551,0.9181,0.8675,0.1,63.02,TIER_3_RESTRICTED_CAUTION,train
6679,0,0.8503,0.1735,0.8454,0.6829,0.0574,9.48,TIER_4_QUARANTINE_FRAUD,train
6680,0,0.0868,0.7641,0.9199,0.7427,0.5105,68.56,TIER_2_STANDARD_TRUST,train
6681,0,0.4198,0.4878,0.8333,0.729,0.1508,46.47,TIER_3_RESTRICTED_CAUTION,train
6682,0,0.5233,0.5394,0.8948,0.7888,0.1505,50.12,TIER_3_RESTRICTED_CAUTION,train
6683,0,0.0053,0.9316,0.9441,0.7611,0.5202,74.62,TIER_2_STANDARD_TRUST,train
6684,1,0.9094,0.132,0.867,0.975,0.0181,7.64,TIER_4_QUARANTINE_FRAUD,train
6685,0,0.0972,0.8665,0.9282,0.8034,0.4277,70.33,TIER_2_STANDARD_TRUST,train
6686,0,0.0207,0.9754,0.9039,0.8461,0.0156,60.0,TIER_3_RESTRICTED_CAUTION,train
6687,0,0.1563,0.7969,0.8658,0.7483,0.061,53.41,TIER_3_RESTRICTED_CAUTION,train
6688,1,0.7982,0.2173,0.9033,0.8956,0.1273,16.45,TIER_4_QUARANTINE_FRAUD,test
6689,0,0.0226,0.924,0.9249,0.7564,0.4365,71.16,TIER_2_STANDARD_TRUST,train
6690,0,0.0339,0.8927,0.9149,0.6928,0.5387,72.11,TIER_2_STANDARD_TRUST,test
6691,0,0.0116,0.801,0.9333,0.8335,0.1225,58.49,TIER_3_RESTRICTED_CAUTION,train
6692,1,0.9408,0.1201,0.8866,0.6885,0.496,8.44,TIER_4_QUARANTINE_FRAUD,train
6693,0,0.0869,0.8762,0.935,0.7,0.4953,70.47,TIER_2_STANDARD_TRUST,test
6694,0,0.0116,0.8694,0.9369,0.8708,0.0974,60.63,TIER_3_RESTRICTED_CAUTION,train
6695,0,0.2923,0.6058,0.9294,0.7538,0.1411,51.25,TIER_3_RESTRICTED_CAUTION,val
6696,0,0.0974,0.7473,0.928,0.99,0.6692,79.87,TIER_2_STANDARD_TRUST,test
6697,0,0.5243,0.4117,0.8738,0.7027,0.0591,36.28,TIER_4_QUARANTINE_FRAUD,test
6698,0,0.0319,0.8167,0.9239,0.765,0.5125,70.81,TIER_2_STANDARD_TRUST,train
6699,1,0.879,0.1447,0.886,0.6075,0.1236,7.49,TIER_4_QUARANTINE_FRAUD,train
6700,0,0.9732,0.0764,0.9065,0.6981,0.1339,3.34,TIER_4_QUARANTINE_FRAUD,test
6701,0,0.0023,0.9206,0.9326,0.8747,0.0329,59.96,TIER_3_RESTRICTED_CAUTION,train
6702,1,0.9673,0.0283,0.8581,0.6395,0.1386,0.83,TIER_4_QUARANTINE_FRAUD,train
6703,1,0.5949,0.3864,0.8653,0.6134,0.4308,41.55,TIER_4_QUARANTINE_FRAUD,train
6704,1,0.9642,0.0821,0.8837,0.7228,0.0598,3.45,TIER_4_QUARANTINE_FRAUD,train
6705,0,0.0099,0.7941,0.9099,0.895,0.1174,59.41,TIER_3_RESTRICTED_CAUTION,train
6706,0,0.0074,0.8984,0.9339,0.9083,0.1101,62.85,TIER_3_RESTRICTED_CAUTION,train
6707,0,0.9155,0.1167,0.8804,0.6724,0.0659,5.44,TIER_4_QUARANTINE_FRAUD,train
6708,0,0.6164,0.3701,0.9288,1.0,0.023,35.84,TIER_4_QUARANTINE_FRAUD,train
6709,1,0.9576,0.1147,0.8338,0.5475,0.4513,6.98,TIER_4_QUARANTINE_FRAUD,test
6710,0,0.1393,0.7115,0.8756,0.7567,0.096,52.38,TIER_3_RESTRICTED_CAUTION,train
6711,0,0.0519,0.7673,0.913,0.8943,0.1142,58.5,TIER_3_RESTRICTED_CAUTION,train
6712,0,0.8397,0.2948,0.9083,0.5244,0.5312,28.64,TIER_4_QUARANTINE_FRAUD,train
6713,0,0.362,0.5368,0.9107,0.7857,0.1301,49.41,TIER_3_RESTRICTED_CAUTION,test
6714,1,0.9112,0.1542,0.8594,0.4573,0.0314,6.4,TIER_4_QUARANTINE_FRAUD,train
6715,0,0.1429,0.7243,0.9394,0.7521,0.0161,50.49,TIER_3_RESTRICTED_CAUTION,train
6716,0,0.1271,0.7104,0.886,0.8702,0.0978,55.35,TIER_3_RESTRICTED_CAUTION,train
6717,1,0.8204,0.1929,0.846,0.6793,0.0282,10.71,TIER_4_QUARANTINE_FRAUD,train
6718,0,0.0213,0.9139,0.923,0.8898,0.9591,92.46,TIER_1_VERIFIED_SAFE,train
6719,1,0.8504,0.1915,0.8982,0.5702,0.4607,14.85,TIER_4_QUARANTINE_FRAUD,train
6720,0,0.0124,0.9301,0.9309,0.8528,0.4261,73.44,TIER_2_STANDARD_TRUST,train
6721,1,0.4502,0.4261,0.8199,0.7877,0.1225,41.88,TIER_4_QUARANTINE_FRAUD,test
6722,1,0.9477,0.1281,0.8973,1.0,0.55,11.14,TIER_4_QUARANTINE_FRAUD,train
6723,1,0.5928,0.459,0.8619,0.9121,0.1243,49.54,TIER_3_RESTRICTED_CAUTION,train
6724,1,0.8142,0.2943,0.8487,0.224,0.0242,13.68,TIER_4_QUARANTINE_FRAUD,train
6725,0,0.0134,0.7955,0.9122,0.8372,0.1468,59.06,TIER_3_RESTRICTED_CAUTION,train
6726,0,0.6533,0.3168,0.8711,0.7292,0.0976,25.26,TIER_4_QUARANTINE_FRAUD,val
6727,0,0.0033,0.9168,0.907,0.7622,0.5021,73.2,TIER_2_STANDARD_TRUST,test
6728,0,0.0021,0.9171,0.9324,0.9502,0.1062,64.31,TIER_3_RESTRICTED_CAUTION,train
6729,0,0.0039,0.9773,0.9347,0.9357,0.4181,76.69,TIER_2_STANDARD_TRUST,train
6730,1,0.9542,0.0883,0.7632,0.7054,0.1145,3.84,TIER_4_QUARANTINE_FRAUD,train
6731,0,0.8853,0.1574,0.8496,0.6168,0.441,11.25,TIER_4_QUARANTINE_FRAUD,train
6732,0,0.0216,0.8147,0.8607,0.8034,0.4455,68.73,TIER_2_STANDARD_TRUST,train
6733,0,0.8393,0.1763,0.8633,0.7327,0.1117,10.69,TIER_4_QUARANTINE_FRAUD,test
6734,0,0.2187,0.6716,0.9026,0.7915,0.4124,63.4,TIER_3_RESTRICTED_CAUTION,train
6735,1,0.9769,0.0767,0.793,0.6182,0.0374,2.71,TIER_4_QUARANTINE_FRAUD,val
6736,0,0.0086,0.799,0.9241,0.7982,0.0837,56.1,TIER_3_RESTRICTED_CAUTION,train
6737,0,0.0112,0.8101,0.8857,0.8803,0.0153,55.7,TIER_3_RESTRICTED_CAUTION,train
6738,1,0.9699,0.0791,0.9038,0.6779,0.1135,3.38,TIER_4_QUARANTINE_FRAUD,train
6739,0,0.9637,0.123,0.8186,0.6432,0.4368,8.01,TIER_4_QUARANTINE_FRAUD,train
6740,1,0.9798,0.0734,0.8033,0.5969,0.0235,2.46,TIER_4_QUARANTINE_FRAUD,train
6741,0,0.106,0.7249,0.9038,0.78,0.1331,54.94,TIER_3_RESTRICTED_CAUTION,train
6742,0,0.6526,0.3203,0.834,0.786,0.1563,27.69,TIER_4_QUARANTINE_FRAUD,train
6743,0,0.0024,0.807,0.9026,0.9093,0.0168,56.56,TIER_3_RESTRICTED_CAUTION,train
6744,1,0.9345,0.1086,0.8206,0.841,0.1167,5.76,TIER_4_QUARANTINE_FRAUD,test
6745,0,0.0872,0.8465,0.8649,0.7679,0.0775,55.95,TIER_3_RESTRICTED_CAUTION,test
6746,0,0.0946,0.7675,0.9302,0.8242,0.4752,69.57,TIER_2_STANDARD_TRUST,train
6747,1,0.977,0.0746,0.8321,0.4046,0.1187,2.4,TIER_4_QUARANTINE_FRAUD,train
6748,0,0.187,0.6826,0.8649,0.8511,0.1212,54.64,TIER_3_RESTRICTED_CAUTION,val
6749,0,0.0051,0.9372,0.9227,0.78,0.9717,90.85,TIER_1_VERIFIED_SAFE,train
6750,0,0.162,0.6811,0.8358,0.9279,0.1457,57.09,TIER_3_RESTRICTED_CAUTION,train
6751,0,0.0719,0.7804,0.9065,0.7042,0.4435,65.6,TIER_2_STANDARD_TRUST,test
6752,1,0.7204,0.2983,0.8522,0.7028,0.4407,29.57,TIER_4_QUARANTINE_FRAUD,train
6753,0,0.4589,0.4605,0.8828,0.7997,0.1316,47.24,TIER_3_RESTRICTED_CAUTION,train
6754,0,0.3468,0.5801,0.9194,0.8492,0.4754,64.47,TIER_3_RESTRICTED_CAUTION,val
6755,0,0.1556,0.6923,0.9078,0.8083,0.0843,53.01,TIER_3_RESTRICTED_CAUTION,train
6756,0,0.1979,0.6914,0.864,0.712,0.972,81.2,TIER_1_VERIFIED_SAFE,val
6757,1,0.9768,0.0699,0.8779,0.6806,0.0211,2.54,TIER_4_QUARANTINE_FRAUD,test
6758,0,0.4686,0.4546,0.8707,0.7506,0.0974,44.52,TIER_4_QUARANTINE_FRAUD,train
6759,0,0.1678,0.8146,0.8944,0.8398,0.9704,88.34,TIER_1_VERIFIED_SAFE,train
6760,1,0.7722,0.2321,0.8833,0.2612,0.0219,9.77,TIER_4_QUARANTINE_FRAUD,train
6761,0,0.265,0.6361,0.9127,0.8589,0.098,53.12,TIER_3_RESTRICTED_CAUTION,train
6762,0,0.377,0.6533,0.9166,0.5937,0.159,49.17,TIER_3_RESTRICTED_CAUTION,train
6763,0,0.6812,0.2933,0.9018,0.7476,0.1294,23.52,TIER_4_QUARANTINE_FRAUD,train
6764,0,0.2953,0.5858,0.867,0.7424,0.0985,48.25,TIER_3_RESTRICTED_CAUTION,train
6765,0,0.0017,0.832,0.9185,0.8201,0.4369,69.94,TIER_2_STANDARD_TRUST,train
6766,1,0.7598,0.1871,0.8502,0.8363,0.127,12.61,TIER_4_QUARANTINE_FRAUD,train
6767,0,0.8114,0.1978,0.8696,0.73,0.1016,12.51,TIER_4_QUARANTINE_FRAUD,train
6768,0,0.1478,0.6977,0.9203,0.7387,0.0329,49.75,TIER_3_RESTRICTED_CAUTION,train
6769,0,0.01,0.8179,0.8443,0.8715,0.6519,77.58,TIER_2_STANDARD_TRUST,train
6770,0,0.2274,0.7501,0.8935,0.9036,0.4359,69.28,TIER_2_STANDARD_TRUST,test
6771,0,0.0091,0.807,0.9163,0.8974,0.135,60.53,TIER_3_RESTRICTED_CAUTION,train
6772,0,0.1717,0.7897,0.8791,0.7872,0.9751,86.29,TIER_1_VERIFIED_SAFE,test
6773,0,0.5212,0.4113,0.7903,0.8736,0.1461,41.99,TIER_4_QUARANTINE_FRAUD,train
6774,0,0.9288,0.1062,0.5834,0.2791,0.0362,2.64,TIER_4_QUARANTINE_FRAUD,test
6775,0,0.2901,0.6171,0.8825,0.897,0.0838,52.7,TIER_3_RESTRICTED_CAUTION,train
6776,0,0.8633,0.1825,0.7908,0.8322,0.1288,11.97,TIER_4_QUARANTINE_FRAUD,train
6777,1,0.9465,0.0989,0.8954,1.0,0.0421,5.36,TIER_4_QUARANTINE_FRAUD,train
6778,0,0.5854,0.369,0.8775,0.8229,0.1493,35.26,TIER_4_QUARANTINE_FRAUD,train
6779,0,0.1129,0.7493,0.8871,0.772,0.1199,54.85,TIER_3_RESTRICTED_CAUTION,train
6780,0,0.0275,0.7903,0.9515,0.8088,0.1175,57.56,TIER_3_RESTRICTED_CAUTION,train
6781,1,0.7764,0.2418,0.8024,0.6998,0.1163,16.43,TIER_4_QUARANTINE_FRAUD,train
6782,0,0.2462,0.6195,0.8657,0.8573,0.0929,51.93,TIER_3_RESTRICTED_CAUTION,train
6783,1,0.9382,0.1104,0.8189,0.6219,0.0305,4.53,TIER_4_QUARANTINE_FRAUD,val
6784,0,0.1423,0.7074,0.8748,0.8081,0.1092,53.99,TIER_3_RESTRICTED_CAUTION,train
6785,1,0.9867,0.0752,0.8387,0.653,0.1342,3.1,TIER_4_QUARANTINE_FRAUD,train
6786,0,0.0439,0.7712,0.8679,0.799,0.098,55.22,TIER_3_RESTRICTED_CAUTION,train
6787,0,0.0721,0.7553,0.8689,0.9061,0.4449,69.57,TIER_2_STANDARD_TRUST,test
6788,1,0.2533,0.626,0.8927,0.8469,0.1118,52.79,TIER_3_RESTRICTED_CAUTION,train
6789,0,0.0322,0.7808,0.8777,0.8772,0.1367,58.92,TIER_3_RESTRICTED_CAUTION,train
6790,1,0.9427,0.103,0.8734,0.5522,0.0221,3.88,TIER_4_QUARANTINE_FRAUD,train
6791,0,0.1061,0.7305,0.8317,0.8751,0.4496,67.85,TIER_2_STANDARD_TRUST,train
6792,1,0.9761,0.0323,0.8143,0.6792,0.0163,0.87,TIER_4_QUARANTINE_FRAUD,val
6793,1,0.9363,0.1025,0.8897,0.9495,0.0557,5.51,TIER_4_QUARANTINE_FRAUD,train
6794,0,0.0027,0.9227,0.9137,0.9423,0.4207,75.1,TIER_2_STANDARD_TRUST,train
6795,0,0.7335,0.3653,0.8911,0.7969,0.1179,33.49,TIER_4_QUARANTINE_FRAUD,train
6796,0,0.045,0.798,0.913,0.8731,0.1289,59.41,TIER_3_RESTRICTED_CAUTION,train
6797,0,0.0298,0.9501,0.9223,0.8116,0.429,73.03,TIER_2_STANDARD_TRUST,train
6798,0,0.0116,0.7976,0.9313,0.8301,0.0923,57.22,TIER_3_RESTRICTED_CAUTION,test
6799,0,0.8367,0.1744,0.9016,0.7625,0.0221,9.94,TIER_4_QUARANTINE_FRAUD,train
6800,1,0.1747,0.682,0.8955,0.8212,0.1165,54.02,TIER_3_RESTRICTED_CAUTION,train
6801,0,0.0675,0.8827,0.919,0.831,0.9577,89.97,TIER_1_VERIFIED_SAFE,train
6802,0,0.0127,0.92,0.9474,0.8434,0.0936,61.43,TIER_3_RESTRICTED_CAUTION,train
6803,1,0.9674,0.0818,0.8165,0.6791,0.1109,3.43,TIER_4_QUARANTINE_FRAUD,train
6804,0,0.0881,0.6879,0.9228,0.9019,0.1037,56.04,TIER_3_RESTRICTED_CAUTION,test
6805,0,0.0089,0.9325,0.8876,0.8398,0.1216,62.1,TIER_3_RESTRICTED_CAUTION,val
6806,0,0.5332,0.4399,0.8515,0.8774,0.424,56.79,TIER_3_RESTRICTED_CAUTION,train
6807,0,0.0942,0.8412,0.9017,0.9187,0.1205,61.44,TIER_3_RESTRICTED_CAUTION,val
6808,0,0.3348,0.5597,0.9291,0.4425,0.013,37.6,TIER_4_QUARANTINE_FRAUD,val
6809,0,0.0014,0.9176,0.9352,0.8605,0.0249,59.26,TIER_3_RESTRICTED_CAUTION,test
6810,0,0.0061,0.9007,0.9277,0.8028,0.1346,61.08,TIER_3_RESTRICTED_CAUTION,train
6811,1,0.8482,0.2022,0.7978,0.795,0.4491,17.54,TIER_4_QUARANTINE_FRAUD,val
6812,1,0.9606,0.2002,0.8984,1.0,0.1039,15.23,TIER_4_QUARANTINE_FRAUD,train
6813,0,0.0371,0.7806,0.8943,0.8375,0.1305,57.87,TIER_3_RESTRICTED_CAUTION,train
6814,1,0.9061,0.167,0.8952,0.74,0.4318,13.12,TIER_4_QUARANTINE_FRAUD,train
6815,0,0.4905,0.4363,0.7981,0.932,0.1263,46.87,TIER_3_RESTRICTED_CAUTION,val
6816,0,0.3578,0.6335,0.896,0.7212,0.0842,48.94,TIER_3_RESTRICTED_CAUTION,train
6817,0,0.7994,0.1564,0.8692,0.807,0.1004,9.39,TIER_4_QUARANTINE_FRAUD,test
6818,0,0.0911,0.8573,0.9182,0.61,0.493,67.4,TIER_2_STANDARD_TRUST,train
6819,0,0.0118,0.9116,0.8776,0.8081,0.1039,59.96,TIER_3_RESTRICTED_CAUTION,test
6820,0,0.2452,0.7568,0.9134,0.78,0.9589,84.9,TIER_1_VERIFIED_SAFE,train
6821,1,0.6744,0.3285,0.8601,0.6394,0.0681,24.46,TIER_4_QUARANTINE_FRAUD,train
6822,0,0.0119,0.824,0.8837,0.8903,0.1139,59.8,TIER_3_RESTRICTED_CAUTION,train
6823,0,0.005,0.8778,0.936,0.7677,0.1492,60.11,TIER_3_RESTRICTED_CAUTION,train
6824,0,0.0132,0.8969,0.9381,0.92,0.105,62.96,TIER_3_RESTRICTED_CAUTION,train
6825,0,0.8336,0.2122,0.8606,0.6616,0.4658,18.0,TIER_4_QUARANTINE_FRAUD,train
6826,0,0.7592,0.2353,0.8241,0.8077,0.1312,17.26,TIER_4_QUARANTINE_FRAUD,train
6827,1,0.8847,0.1402,0.8788,1.0,0.1165,9.24,TIER_4_QUARANTINE_FRAUD,test
6828,0,0.9215,0.0646,0.8742,0.6717,0.165,2.67,TIER_4_QUARANTINE_FRAUD,train
6829,1,0.8633,0.166,0.8794,0.3389,0.0169,6.24,TIER_4_QUARANTINE_FRAUD,train
6830,0,0.0005,0.9231,0.9248,0.8997,0.4694,75.86,TIER_2_STANDARD_TRUST,train
6831,0,0.0128,0.8221,0.8486,0.7375,0.9741,85.68,TIER_1_VERIFIED_SAFE,train
6832,0,0.3275,0.5355,0.8607,0.9302,0.6648,71.19,TIER_2_STANDARD_TRUST,train
6833,0,0.115,0.8385,0.9037,0.8109,0.4375,69.78,TIER_2_STANDARD_TRUST,train
6834,0,0.5536,0.4025,0.8559,0.8083,0.5205,51.09,TIER_3_RESTRICTED_CAUTION,val
6835,0,0.2253,0.664,0.9164,0.908,0.1198,55.98,TIER_3_RESTRICTED_CAUTION,train
6836,0,0.7002,0.3084,0.89,0.7573,0.1453,25.8,TIER_4_QUARANTINE_FRAUD,train
6837,0,0.0618,0.7607,0.8651,0.9605,0.1188,59.64,TIER_3_RESTRICTED_CAUTION,train
6838,0,0.0041,0.9258,0.9211,0.8993,0.0154,60.01,TIER_3_RESTRICTED_CAUTION,train
6839,0,0.0623,0.7703,0.8559,0.957,0.1097,59.43,TIER_3_RESTRICTED_CAUTION,train
6840,1,0.8627,0.1083,0.8202,0.8293,0.1246,5.73,TIER_4_QUARANTINE_FRAUD,train
6841,0,0.3762,0.6515,0.9295,0.5452,0.5869,63.01,TIER_3_RESTRICTED_CAUTION,train
6842,0,0.9735,0.0941,0.8145,0.8136,0.1162,4.62,TIER_4_QUARANTINE_FRAUD,train
6843,1,0.881,0.1544,0.825,0.68,0.1056,8.36,TIER_4_QUARANTINE_FRAUD,train
6844,1,0.982,0.0942,0.8792,0.2419,0.1172,2.85,TIER_4_QUARANTINE_FRAUD,train
6845,0,0.1747,0.6723,0.8686,0.887,0.1491,56.25,TIER_3_RESTRICTED_CAUTION,test
6846,0,0.1391,0.7019,0.8844,0.7831,0.1032,53.09,TIER_3_RESTRICTED_CAUTION,train
6847,0,0.9578,0.0437,0.8522,0.7357,0.1032,1.53,TIER_4_QUARANTINE_FRAUD,train
6848,0,0.2148,0.7832,0.888,0.8646,0.4446,69.55,TIER_2_STANDARD_TRUST,train
6849,0,0.0113,0.9259,0.8877,0.9487,0.5158,78.42,TIER_2_STANDARD_TRUST,train
6850,0,0.2854,0.6203,0.8478,0.9364,0.4554,66.44,TIER_2_STANDARD_TRUST,test
6851,1,0.5163,0.4233,0.9068,0.6467,0.0401,36.32,TIER_4_QUARANTINE_FRAUD,train
6852,0,0.9018,0.0774,0.7443,0.8905,0.1196,3.67,TIER_4_QUARANTINE_FRAUD,train
6853,0,0.013,0.829,0.9304,0.7734,0.1325,58.14,TIER_3_RESTRICTED_CAUTION,train
6854,1,0.7298,0.2569,0.8351,0.8083,0.0703,18.68,TIER_4_QUARANTINE_FRAUD,train
6855,1,0.3617,0.5437,0.8753,0.8266,0.0609,47.86,TIER_3_RESTRICTED_CAUTION,test
6856,0,0.8966,0.2703,0.9065,0.7222,0.4328,25.97,TIER_4_QUARANTINE_FRAUD,train
6857,1,0.8132,0.2188,0.886,0.8356,0.1251,15.93,TIER_4_QUARANTINE_FRAUD,test
6858,0,0.7888,0.2178,0.8855,0.3732,0.0215,9.92,TIER_4_QUARANTINE_FRAUD,train
6859,0,0.0036,0.8057,0.8638,0.8551,0.1201,58.39,TIER_3_RESTRICTED_CAUTION,train
6860,0,0.0071,0.9419,0.9276,0.8769,0.1014,63.0,TIER_3_RESTRICTED_CAUTION,train
6861,0,0.0516,0.8903,0.925,0.7048,0.1724,59.61,TIER_3_RESTRICTED_CAUTION,train
6862,1,0.9231,0.1384,0.9058,0.8691,0.1303,8.53,TIER_4_QUARANTINE_FRAUD,test
6863,0,0.0096,0.8246,0.9267,0.9532,0.1514,63.13,TIER_3_RESTRICTED_CAUTION,train
6864,1,0.9304,0.1269,0.8904,0.5784,0.1202,6.05,TIER_4_QUARANTINE_FRAUD,test
6865,1,0.8746,0.1518,0.8748,0.5908,0.0641,7.38,TIER_4_QUARANTINE_FRAUD,train
6866,0,0.5954,0.4882,0.9176,0.7198,0.067,44.17,TIER_4_QUARANTINE_FRAUD,train
6867,0,0.2741,0.7243,0.8594,0.7016,0.0386,49.21,TIER_3_RESTRICTED_CAUTION,train
6868,0,0.0927,0.7592,0.8729,0.75,0.55,69.5,TIER_2_STANDARD_TRUST,test
6869,0,0.1757,0.7066,0.8989,0.9043,0.4853,69.78,TIER_2_STANDARD_TRUST,train
6870,0,0.0083,0.8272,0.8818,0.9086,0.6475,79.01,TIER_2_STANDARD_TRUST,train
6871,0,0.0018,0.8219,0.9136,0.9246,0.1233,61.22,TIER_3_RESTRICTED_CAUTION,train
6872,0,0.0247,0.9058,0.8896,0.9438,0.4552,75.6,TIER_2_STANDARD_TRUST,train
6873,0,0.0965,0.6788,0.8924,0.9248,0.1166,56.49,TIER_3_RESTRICTED_CAUTION,train
6874,0,0.1769,0.8044,0.9213,0.9191,0.4459,71.93,TIER_2_STANDARD_TRUST,train
6875,0,0.657,0.263,0.8288,0.9225,0.1674,22.44,TIER_4_QUARANTINE_FRAUD,train
6876,1,0.9722,0.0752,0.8093,0.7451,0.1178,3.24,TIER_4_QUARANTINE_FRAUD,train
6877,0,0.707,0.2794,0.8597,0.8278,0.1577,23.24,TIER_4_QUARANTINE_FRAUD,val
6878,0,0.9139,0.2375,0.908,0.8492,0.4845,23.7,TIER_4_QUARANTINE_FRAUD,train
6879,0,0.8903,0.1508,0.9125,1.0,0.9461,17.32,TIER_4_QUARANTINE_FRAUD,train
6880,0,0.9254,0.1399,0.9319,0.7168,0.0439,7.22,TIER_4_QUARANTINE_FRAUD,train
6881,0,0.0021,0.8016,0.8662,0.9369,0.1505,61.4,TIER_3_RESTRICTED_CAUTION,train
6882,1,0.9901,0.0659,0.8936,0.5046,0.1087,2.25,TIER_4_QUARANTINE_FRAUD,train
6883,0,0.047,0.7681,0.9181,0.9241,0.1115,59.23,TIER_3_RESTRICTED_CAUTION,val
6884,1,0.711,0.2767,0.8633,0.44,0.0364,15.52,TIER_4_QUARANTINE_FRAUD,train
6885,1,0.9611,0.0813,0.8919,1.0,0.1644,4.55,TIER_4_QUARANTINE_FRAUD,train
6886,0,0.005,0.8355,0.9312,0.8919,0.4179,71.3,TIER_2_STANDARD_TRUST,train
6887,1,0.829,0.1453,0.8409,0.6333,0.1572,7.85,TIER_4_QUARANTINE_FRAUD,train
6888,0,0.8466,0.1925,0.8723,0.7342,0.4358,15.96,TIER_4_QUARANTINE_FRAUD,val
6889,0,0.5867,0.3696,0.901,0.7491,0.0265,30.77,TIER_4_QUARANTINE_FRAUD,test
6890,0,0.2646,0.619,0.8141,0.8867,0.6487,71.58,TIER_2_STANDARD_TRUST,train
6891,0,0.2027,0.6603,0.8625,0.8488,0.084,52.6,TIER_3_RESTRICTED_CAUTION,test
6892,0,0.3863,0.5169,0.7677,0.81,0.1272,47.89,TIER_3_RESTRICTED_CAUTION,train
6893,0,0.0128,0.9794,0.9226,0.9537,0.4268,77.39,TIER_2_STANDARD_TRUST,train
6894,0,0.8906,0.1348,0.6461,0.3121,0.0278,4.03,TIER_4_QUARANTINE_FRAUD,train
6895,1,0.941,0.1006,0.8429,0.8012,0.112,5.05,TIER_4_QUARANTINE_FRAUD,train
6896,0,0.0868,0.8477,0.8679,0.8153,0.1374,59.3,TIER_3_RESTRICTED_CAUTION,train
6897,0,0.2073,0.6138,0.8955,0.8158,0.55,67.01,TIER_2_STANDARD_TRUST,train
6898,0,0.0009,0.9369,0.9222,0.8962,0.0095,60.07,TIER_3_RESTRICTED_CAUTION,train
6899,0,0.1794,0.6677,0.8794,0.8766,0.1538,56.12,TIER_3_RESTRICTED_CAUTION,train
6900,0,0.0174,0.7936,0.9241,0.9092,0.1014,59.33,TIER_3_RESTRICTED_CAUTION,test
6901,0,0.8478,0.2065,0.9343,0.7233,0.1707,14.38,TIER_4_QUARANTINE_FRAUD,test
6902,0,0.0054,0.986,0.9321,0.9506,0.4143,77.17,TIER_2_STANDARD_TRUST,train
6903,0,0.0127,0.7977,0.9297,0.889,0.1114,59.35,TIER_3_RESTRICTED_CAUTION,train
6904,0,0.0004,0.94,0.9235,0.6907,0.4542,70.6,TIER_2_STANDARD_TRUST,train
6905,0,0.0402,0.896,0.9142,0.8347,0.9494,90.12,TIER_1_VERIFIED_SAFE,val
6906,1,0.6413,0.3482,0.8559,0.6975,0.1369,29.54,TIER_4_QUARANTINE_FRAUD,train
6907,0,0.8554,0.1818,0.8795,0.6777,0.1022,10.7,TIER_4_QUARANTINE_FRAUD,train
6908,0,0.5728,0.3897,0.9199,0.7194,0.0927,34.93,TIER_4_QUARANTINE_FRAUD,train
6909,1,0.9457,0.1207,0.7915,0.7029,0.1076,5.94,TIER_4_QUARANTINE_FRAUD,train
6910,1,0.9887,0.0612,0.8929,0.5858,0.1125,2.19,TIER_4_QUARANTINE_FRAUD,test
6911,0,0.2649,0.6414,0.8276,0.8603,0.9674,82.89,TIER_1_VERIFIED_SAFE,train
6912,0,0.0487,0.79,0.9109,0.9712,0.1248,61.46,TIER_3_RESTRICTED_CAUTION,test
6913,0,0.005,0.9338,0.9176,0.5783,0.0141,52.14,TIER_3_RESTRICTED_CAUTION,test
6914,0,0.2394,0.662,0.9018,0.7233,0.46,63.06,TIER_3_RESTRICTED_CAUTION,val
6915,0,0.951,0.0909,0.8199,0.2404,0.0173,2.19,TIER_4_QUARANTINE_FRAUD,train
6916,0,0.0387,0.9055,0.9347,0.5497,0.4466,65.89,TIER_2_STANDARD_TRUST,train
6917,0,0.199,0.7639,0.9147,0.834,0.444,68.46,TIER_2_STANDARD_TRUST,val
6918,0,0.0642,0.7561,0.907,0.8938,0.0073,54.35,TIER_3_RESTRICTED_CAUTION,train
6919,0,0.0618,0.7699,0.8577,0.9204,0.1307,59.26,TIER_3_RESTRICTED_CAUTION,train
6920,0,0.0002,0.8321,0.9213,0.7128,0.0254,52.89,TIER_3_RESTRICTED_CAUTION,train
6921,0,0.8485,0.1651,0.8954,0.5436,0.1103,8.52,TIER_4_QUARANTINE_FRAUD,train
6922,1,0.9495,0.0959,0.8274,0.6767,0.133,4.38,TIER_4_QUARANTINE_FRAUD,train
6923,0,0.8673,0.1217,0.7775,0.7218,0.0511,5.71,TIER_4_QUARANTINE_FRAUD,train
6924,0,0.0073,0.7981,0.9095,0.9133,0.0103,56.23,TIER_3_RESTRICTED_CAUTION,train
6925,1,0.876,0.281,0.8889,0.7667,0.4278,27.91,TIER_4_QUARANTINE_FRAUD,train
6926,0,0.0,0.913,0.8997,0.7841,0.5271,74.44,TIER_2_STANDARD_TRUST,val
6927,0,0.7096,0.3087,0.8663,0.9035,0.5359,36.32,TIER_4_QUARANTINE_FRAUD,train
6928,0,0.5637,0.3809,0.9123,0.7521,0.1101,34.79,TIER_4_QUARANTINE_FRAUD,train
6929,0,0.0138,0.9262,0.9331,0.7772,0.453,72.4,TIER_2_STANDARD_TRUST,test
6930,0,0.0008,0.8042,0.9265,0.9293,0.1885,63.22,TIER_3_RESTRICTED_CAUTION,train
6931,1,0.5246,0.416,0.8654,0.7733,0.1382,40.91,TIER_4_QUARANTINE_FRAUD,train
6932,0,0.2991,0.7078,0.8986,0.829,0.5499,70.19,TIER_2_STANDARD_TRUST,test
6933,1,0.8419,0.2023,0.845,1.0,0.1092,15.33,TIER_4_QUARANTINE_FRAUD,train
6934,0,0.619,0.3666,0.9226,0.7906,0.0416,31.76,TIER_4_QUARANTINE_FRAUD,test
6935,1,0.926,0.0588,0.8403,0.525,0.1243,1.96,TIER_4_QUARANTINE_FRAUD,test
6936,1,0.8752,0.1855,0.7903,0.7634,0.4772,15.56,TIER_4_QUARANTINE_FRAUD,train
6937,0,0.0023,0.9231,0.9252,0.9546,0.4178,75.43,TIER_2_STANDARD_TRUST,train
6938,1,0.9822,0.0693,0.8784,0.615,0.1126,2.65,TIER_4_QUARANTINE_FRAUD,train
6939,0,0.5025,0.4546,0.8668,0.8703,0.4717,60.58,TIER_3_RESTRICTED_CAUTION,train
6940,0,0.0028,0.8315,0.8877,0.8979,0.4134,70.74,TIER_2_STANDARD_TRUST,train
6941,0,0.1137,0.8579,0.9284,0.6616,0.4756,68.21,TIER_2_STANDARD_TRUST,test
6942,0,0.003,0.9081,0.9307,0.8886,0.1121,62.69,TIER_3_RESTRICTED_CAUTION,train
6943,1,0.2065,0.6674,0.8908,0.8056,0.1284,53.56,TIER_3_RESTRICTED_CAUTION,train
6944,1,0.9501,0.1068,0.8963,1.0,0.0853,6.19,TIER_4_QUARANTINE_FRAUD,train
6945,0,0.0038,0.7986,0.8826,0.9889,0.0233,58.32,TIER_3_RESTRICTED_CAUTION,train
6946,1,0.4826,0.474,0.8263,0.8867,0.1289,49.16,TIER_3_RESTRICTED_CAUTION,train
6947,0,0.0033,0.9393,0.8995,0.8207,0.4486,73.39,TIER_2_STANDARD_TRUST,train
6948,1,0.8401,0.1801,0.8097,0.9485,0.1209,12.6,TIER_4_QUARANTINE_FRAUD,train
6949,0,0.0026,0.8218,0.904,0.9303,0.43,72.0,TIER_2_STANDARD_TRUST,train
6950,1,0.9752,0.0789,0.7713,0.8086,0.1189,3.59,TIER_4_QUARANTINE_FRAUD,val
6951,1,0.901,0.1295,0.8717,0.7132,0.1102,6.79,TIER_4_QUARANTINE_FRAUD,train
6952,0,0.0052,0.8986,0.8607,0.8485,0.1197,60.97,TIER_3_RESTRICTED_CAUTION,train
6953,0,0.0357,0.915,0.9062,0.826,0.4487,72.87,TIER_2_STANDARD_TRUST,train
6954,0,0.2639,0.6088,0.8762,0.7896,0.0975,50.18,TIER_3_RESTRICTED_CAUTION,train
6955,0,0.0983,0.8531,0.9236,0.8031,0.4876,71.97,TIER_2_STANDARD_TRUST,train
6956,0,0.741,0.2534,0.7808,0.8342,0.1313,19.37,TIER_4_QUARANTINE_FRAUD,train
6957,0,0.2796,0.6064,0.885,0.7283,0.55,64.5,TIER_3_RESTRICTED_CAUTION,test
6958,0,0.0006,0.9191,0.889,0.6968,0.4582,69.92,TIER_2_STANDARD_TRUST,val
6959,0,0.8369,0.1791,0.6893,0.8511,0.12,11.39,TIER_4_QUARANTINE_FRAUD,test
6960,0,0.002,0.915,0.9044,0.77,0.0631,57.95,TIER_3_RESTRICTED_CAUTION,train
6961,0,0.738,0.2799,0.8585,0.7711,0.4836,28.7,TIER_4_QUARANTINE_FRAUD,train
6962,1,0.311,0.5754,0.8998,0.8746,0.1393,53.0,TIER_3_RESTRICTED_CAUTION,train
6963,0,0.8587,0.1731,0.8123,0.945,0.1428,12.11,TIER_4_QUARANTINE_FRAUD,test
6964,0,0.0102,0.9826,0.9002,0.8672,0.418,74.79,TIER_2_STANDARD_TRUST,test
6965,1,0.9873,0.0639,0.894,0.7114,0.0399,2.37,TIER_4_QUARANTINE_FRAUD,test
6966,0,0.0068,0.9152,0.9362,0.8617,0.0101,58.71,TIER_3_RESTRICTED_CAUTION,train
6967,0,0.5929,0.3594,0.8472,0.9423,0.1334,35.45,TIER_4_QUARANTINE_FRAUD,train
6968,0,0.4931,0.5533,0.8824,0.65,0.4977,59.09,TIER_3_RESTRICTED_CAUTION,val
6969,1,0.8637,0.1559,0.8974,0.7012,0.0549,8.35,TIER_4_QUARANTINE_FRAUD,train
6970,0,0.0161,0.7946,0.8667,0.8059,0.0977,56.07,TIER_3_RESTRICTED_CAUTION,train
6971,1,0.9445,0.1994,0.882,0.6771,0.1232,12.51,TIER_4_QUARANTINE_FRAUD,train
6972,1,0.9234,0.1375,0.8898,0.8333,0.1373,8.28,TIER_4_QUARANTINE_FRAUD,train
6973,0,0.0284,0.9099,0.8646,0.8505,0.9722,91.23,TIER_1_VERIFIED_SAFE,train
6974,0,0.0318,0.7906,0.9119,0.8567,0.0179,54.88,TIER_3_RESTRICTED_CAUTION,train
6975,0,0.0828,0.7459,0.9253,0.9381,0.1006,58.6,TIER_3_RESTRICTED_CAUTION,train
6976,0,0.0839,0.7437,0.8703,0.8021,0.0991,54.54,TIER_3_RESTRICTED_CAUTION,train
6977,1,0.6321,0.3632,0.8983,0.6431,0.4414,38.9,TIER_4_QUARANTINE_FRAUD,train
6978,0,0.0042,0.8194,0.9207,0.9331,0.1013,60.66,TIER_3_RESTRICTED_CAUTION,test
6979,0,0.0094,0.8064,0.8627,0.8348,0.1091,57.5,TIER_3_RESTRICTED_CAUTION,train
6980,0,0.5416,0.4254,0.8565,0.8059,0.1222,42.53,TIER_4_QUARANTINE_FRAUD,train
6981,0,0.582,0.3691,0.8455,0.8649,0.1412,35.63,TIER_4_QUARANTINE_FRAUD,train
6982,0,0.0241,0.9519,0.9274,0.813,0.4243,73.01,TIER_2_STANDARD_TRUST,train
6983,1,0.8722,0.1125,0.8238,0.4183,0.0218,3.76,TIER_4_QUARANTINE_FRAUD,train
6984,0,0.0058,0.8119,0.881,0.8594,0.1168,58.74,TIER_3_RESTRICTED_CAUTION,train
6985,0,0.2613,0.6387,0.869,0.8804,0.1059,53.57,TIER_3_RESTRICTED_CAUTION,test
6986,0,0.0074,0.9175,0.8258,0.8083,0.9781,90.23,TIER_1_VERIFIED_SAFE,train
6987,1,0.7932,0.2244,0.8401,0.7502,0.1039,15.19,TIER_4_QUARANTINE_FRAUD,train
6988,0,0.4131,0.4975,0.8611,0.82,0.096,47.4,TIER_3_RESTRICTED_CAUTION,train
6989,0,0.3351,0.5539,0.9164,0.9934,0.2069,57.86,TIER_3_RESTRICTED_CAUTION,train
6990,0,0.474,0.4764,0.883,0.8356,0.0954,47.35,TIER_3_RESTRICTED_CAUTION,train
6991,0,0.005,0.8019,0.9228,0.8802,0.1181,59.42,TIER_3_RESTRICTED_CAUTION,test
6992,0,0.4807,0.5715,0.8503,0.8638,0.5366,66.03,TIER_2_STANDARD_TRUST,train
6993,0,0.0231,0.8228,0.8907,0.8624,0.1085,58.95,TIER_3_RESTRICTED_CAUTION,train
6994,0,0.7165,0.2784,0.8511,0.8693,0.1486,23.46,TIER_4_QUARANTINE_FRAUD,train
6995,0,0.0012,0.8354,0.9225,0.8735,0.0266,57.05,TIER_3_RESTRICTED_CAUTION,train
6996,1,0.8232,0.1547,0.7798,0.8298,0.1141,9.27,TIER_4_QUARANTINE_FRAUD,test
6997,0,0.1624,0.6901,0.8535,0.9386,0.1502,57.96,TIER_3_RESTRICTED_CAUTION,train
6998,1,0.9397,0.1266,0.8411,0.82,0.1063,7.01,TIER_4_QUARANTINE_FRAUD,train
6999,0,0.7527,0.2469,0.9041,0.5875,0.1425,16.55,TIER_4_QUARANTINE_FRAUD,test
7000,0,0.2184,0.7627,0.914,0.7729,0.4695,67.77,TIER_2_STANDARD_TRUST,val
7001,0,0.8781,0.1464,0.9039,0.69,0.1565,8.4,TIER_4_QUARANTINE_FRAUD,train
7002,0,0.7398,0.2467,0.865,0.8685,0.1218,19.24,TIER_4_QUARANTINE_FRAUD,train
7003,1,0.9634,0.0923,0.8389,0.8895,0.1062,4.73,TIER_4_QUARANTINE_FRAUD,train
7004,0,0.8759,0.1486,0.9129,0.6467,0.0231,7.24,TIER_4_QUARANTINE_FRAUD,train
7005,0,0.3887,0.64,0.8703,0.8012,0.4893,65.06,TIER_2_STANDARD_TRUST,train
7006,0,0.0129,0.9797,0.9375,0.9687,0.4165,77.56,TIER_2_STANDARD_TRUST,train
7007,1,0.9137,0.1213,0.7163,0.8386,0.1069,6.46,TIER_4_QUARANTINE_FRAUD,train
7008,0,0.8799,0.1549,0.8759,0.5824,0.0695,7.6,TIER_4_QUARANTINE_FRAUD,test
7009,0,0.6696,0.338,0.8703,0.8125,0.0401,27.95,TIER_4_QUARANTINE_FRAUD,train
7010,0,0.4636,0.4823,0.8427,0.8,0.1232,47.21,TIER_3_RESTRICTED_CAUTION,val
7011,0,0.4561,0.5666,0.8595,0.9206,0.1442,53.66,TIER_3_RESTRICTED_CAUTION,train
7012,0,0.8853,0.141,0.7439,0.2494,0.0184,4.1,TIER_4_QUARANTINE_FRAUD,test
7013,1,0.8886,0.1632,0.8985,0.7196,0.0735,9.21,TIER_4_QUARANTINE_FRAUD,train
7014,0,0.0595,0.8834,0.9251,0.7913,0.0673,57.89,TIER_3_RESTRICTED_CAUTION,test
7015,0,0.6351,0.3276,0.8239,0.843,0.1022,28.28,TIER_4_QUARANTINE_FRAUD,train
7016,0,0.5494,0.3944,0.8727,0.7784,0.0979,36.6,TIER_4_QUARANTINE_FRAUD,train
7017,0,0.937,0.1237,0.9214,0.525,0.478,7.99,TIER_4_QUARANTINE_FRAUD,train
7018,0,0.1556,0.6901,0.8998,0.8666,0.0948,54.69,TIER_3_RESTRICTED_CAUTION,test
7019,0,0.0053,0.7984,0.9076,0.9571,0.1317,61.56,TIER_3_RESTRICTED_CAUTION,train
7020,0,0.1131,0.8463,0.9104,0.7881,0.0691,56.61,TIER_3_RESTRICTED_CAUTION,train
7021,0,0.0883,0.7361,0.9136,1.0,0.1234,60.54,TIER_3_RESTRICTED_CAUTION,test
7022,0,0.2335,0.7532,0.9059,0.695,0.55,68.28,TIER_2_STANDARD_TRUST,test
7023,0,0.0663,0.8641,0.8282,0.7328,0.11,56.38,TIER_3_RESTRICTED_CAUTION,test
7024,0,0.0082,0.9179,0.9023,0.9053,0.4921,76.42,TIER_2_STANDARD_TRUST,train
7025,0,0.5193,0.4153,0.918,0.8158,0.0831,40.48,TIER_4_QUARANTINE_FRAUD,train
7026,0,0.0037,0.9165,0.9387,0.8911,0.4362,74.43,TIER_2_STANDARD_TRUST,test
7027,1,0.8487,0.2024,0.8498,0.7541,0.0221,12.11,TIER_4_QUARANTINE_FRAUD,train
7028,1,0.8161,0.1957,0.8461,0.8706,0.1484,13.99,TIER_4_QUARANTINE_FRAUD,val
7029,0,0.8651,0.1638,0.9264,0.7182,0.0404,9.02,TIER_4_QUARANTINE_FRAUD,train
7030,0,0.055,0.8013,0.9188,0.8378,0.5038,71.8,TIER_2_STANDARD_TRUST,train
7031,0,0.7982,0.2808,0.9085,0.8436,0.1216,23.21,TIER_4_QUARANTINE_FRAUD,val
7032,0,0.0356,0.8963,0.8575,0.7752,0.2823,64.72,TIER_3_RESTRICTED_CAUTION,train
7033,0,0.135,0.8265,0.8735,0.7202,0.0989,54.99,TIER_3_RESTRICTED_CAUTION,train
7034,0,0.6008,0.3795,0.8616,0.8773,0.4185,45.34,TIER_3_RESTRICTED_CAUTION,val
7035,0,0.0041,0.98,0.927,0.9133,0.0985,64.95,TIER_3_RESTRICTED_CAUTION,train
7036,0,0.7858,0.212,0.8515,0.984,0.1531,16.86,TIER_4_QUARANTINE_FRAUD,val
7037,0,0.9439,0.2319,0.8445,0.7517,0.4649,21.32,TIER_4_QUARANTINE_FRAUD,train
7038,0,0.9898,0.0863,0.8341,0.6907,0.1221,3.79,TIER_4_QUARANTINE_FRAUD,train
7039,0,0.9414,0.1041,0.8559,0.5837,0.0143,3.99,TIER_4_QUARANTINE_FRAUD,test
7040,0,0.4014,0.64,0.884,0.6928,0.4589,61.42,TIER_3_RESTRICTED_CAUTION,train
7041,0,0.1286,0.7274,0.9098,0.9433,0.6676,77.87,TIER_2_STANDARD_TRUST,train
7042,1,0.9538,0.1268,0.7977,0.7017,0.426,8.52,TIER_4_QUARANTINE_FRAUD,train
7043,0,0.0226,0.8955,0.8754,0.8625,0.1377,62.0,TIER_3_RESTRICTED_CAUTION,train
7044,1,0.9727,0.1009,0.8871,0.56,0.0277,3.85,TIER_4_QUARANTINE_FRAUD,test
7045,0,0.1296,0.7111,0.8722,0.7373,0.0971,51.89,TIER_3_RESTRICTED_CAUTION,train
7046,0,0.0145,0.9106,0.9357,0.9647,0.4246,75.65,TIER_2_STANDARD_TRUST,train
7047,1,0.8978,0.1469,0.8582,0.7427,0.017,7.5,TIER_4_QUARANTINE_FRAUD,train
7048,0,0.0075,0.8071,0.9228,0.9379,0.0989,60.35,TIER_3_RESTRICTED_CAUTION,train
7049,0,0.4458,0.4747,0.9216,0.8722,0.166,51.07,TIER_3_RESTRICTED_CAUTION,train
7050,0,0.4411,0.5041,0.9287,0.695,0.0491,43.5,TIER_4_QUARANTINE_FRAUD,test
7051,1,0.8751,0.1483,0.8598,0.28,0.0367,5.04,TIER_4_QUARANTINE_FRAUD,test
7052,0,0.5995,0.3894,0.9166,0.5898,0.4036,41.19,TIER_4_QUARANTINE_FRAUD,train
7053,1,0.8575,0.1837,0.8489,0.5361,0.0503,9.1,TIER_4_QUARANTINE_FRAUD,test
7054,0,0.477,0.5505,0.8658,0.7478,0.0994,47.35,TIER_3_RESTRICTED_CAUTION,train
7055,0,0.4701,0.5582,0.8684,0.7916,0.0937,48.5,TIER_3_RESTRICTED_CAUTION,val
7056,0,0.0058,0.901,0.9288,0.9495,0.1179,64.18,TIER_3_RESTRICTED_CAUTION,train
7057,0,0.2613,0.7281,0.8756,0.8333,0.9758,85.59,TIER_1_VERIFIED_SAFE,train
7058,0,0.2879,0.5933,0.8788,0.8272,0.1382,52.1,TIER_3_RESTRICTED_CAUTION,train
7059,0,0.0075,0.9393,0.9257,0.8777,0.0954,62.72,TIER_3_RESTRICTED_CAUTION,train
7060,0,0.7336,0.3652,0.8978,0.6795,0.143,31.95,TIER_4_QUARANTINE_FRAUD,train
7061,0,0.2238,0.7349,0.9203,0.848,0.1111,56.34,TIER_3_RESTRICTED_CAUTION,train
7062,1,0.9662,0.1045,0.859,0.6971,0.0432,4.59,TIER_4_QUARANTINE_FRAUD,test
7063,0,0.0025,0.8108,0.9257,0.8828,0.1234,59.97,TIER_3_RESTRICTED_CAUTION,train
7064,0,0.3507,0.5783,0.8971,0.7048,0.4792,60.71,TIER_3_RESTRICTED_CAUTION,train
7065,0,0.3468,0.5517,0.9184,0.9904,0.5955,71.34,TIER_2_STANDARD_TRUST,train
7066,0,0.7673,0.2281,0.8529,0.8083,0.1845,17.38,TIER_4_QUARANTINE_FRAUD,train
7067,0,0.8062,0.2331,0.8726,0.6616,0.055,14.54,TIER_4_QUARANTINE_FRAUD,val
7068,1,0.929,0.1073,0.8581,0.6882,0.027,4.65,TIER_4_QUARANTINE_FRAUD,train
7069,0,0.9031,0.1294,0.7678,0.8493,0.1261,7.36,TIER_4_QUARANTINE_FRAUD,val
7070,0,0.1911,0.7997,0.9016,0.6586,0.4957,66.82,TIER_2_STANDARD_TRUST,train
7071,0,0.1246,0.7111,0.8762,0.8422,0.1397,56.04,TIER_3_RESTRICTED_CAUTION,test
7072,0,0.0002,0.9882,0.9307,0.9178,0.4724,78.43,TIER_2_STANDARD_TRUST,train
7073,0,0.0006,0.9127,0.9528,0.9228,0.1379,64.81,TIER_3_RESTRICTED_CAUTION,test
7074,0,0.0346,0.9153,0.892,0.8125,0.9684,90.58,TIER_1_VERIFIED_SAFE,test
7075,0,0.1777,0.6759,0.8879,0.8361,0.1245,54.42,TIER_3_RESTRICTED_CAUTION,test
7076,1,0.9437,0.0531,0.8909,0.6733,0.0824,1.88,TIER_4_QUARANTINE_FRAUD,train
7077,0,0.0435,0.781,0.8789,0.8169,0.2665,61.97,TIER_3_RESTRICTED_CAUTION,train
7078,0,0.6382,0.3258,0.8954,0.7067,0.1594,27.59,TIER_4_QUARANTINE_FRAUD,val
7079,0,0.9098,0.1208,0.7263,0.1755,0.0236,2.91,TIER_4_QUARANTINE_FRAUD,test
7080,0,0.6857,0.2623,0.8703,0.9546,0.4278,27.48,TIER_4_QUARANTINE_FRAUD,test
7081,1,0.2965,0.6112,0.8149,0.8192,0.036,48.22,TIER_3_RESTRICTED_CAUTION,train
7082,0,0.5318,0.4272,0.8836,0.8729,0.155,45.7,TIER_3_RESTRICTED_CAUTION,train
7083,0,0.6147,0.379,0.8971,0.8351,0.4313,45.04,TIER_3_RESTRICTED_CAUTION,train
7084,0,0.554,0.3403,0.8484,0.9917,0.1538,33.98,TIER_4_QUARANTINE_FRAUD,train
7085,0,0.04,0.9322,0.9429,0.9177,0.115,64.36,TIER_3_RESTRICTED_CAUTION,train
7086,0,0.9126,0.1192,0.8109,0.3007,0.1211,4.17,TIER_4_QUARANTINE_FRAUD,val
7087,0,0.0203,0.9565,0.917,0.9638,0.0969,65.36,TIER_2_STANDARD_TRUST,train
7088,1,0.922,0.0627,0.7729,0.7652,0.0511,2.35,TIER_4_QUARANTINE_FRAUD,train
7089,0,0.3034,0.5787,0.8729,0.7673,0.0907,48.45,TIER_3_RESTRICTED_CAUTION,train
7090,0,0.1535,0.7933,0.9251,0.7611,0.2018,59.14,TIER_3_RESTRICTED_CAUTION,test
7091,0,0.8867,0.1428,0.8411,0.8375,0.143,8.69,TIER_4_QUARANTINE_FRAUD,train
7092,0,0.9602,0.0826,0.5524,0.0708,0.0184,1.15,TIER_4_QUARANTINE_FRAUD,train
7093,0,0.2351,0.6607,0.9288,0.8542,0.0902,53.62,TIER_3_RESTRICTED_CAUTION,train
7094,0,0.005,0.9001,0.9249,0.8507,0.1142,61.52,TIER_3_RESTRICTED_CAUTION,train
7095,0,0.0037,0.9364,0.9309,0.8455,0.4332,73.7,TIER_2_STANDARD_TRUST,train
7096,0,0.9027,0.0788,0.8136,0.8356,0.1401,3.77,TIER_4_QUARANTINE_FRAUD,test
7097,1,0.6293,0.3686,0.8282,0.7277,0.0475,30.23,TIER_4_QUARANTINE_FRAUD,train
7098,0,0.0023,0.8087,0.926,0.8793,0.1352,60.24,TIER_3_RESTRICTED_CAUTION,train
7099,0,0.6,0.361,0.8916,0.7711,0.4678,41.6,TIER_4_QUARANTINE_FRAUD,train
7100,0,0.0063,0.8225,0.9334,0.7071,0.4247,66.55,TIER_2_STANDARD_TRUST,train
7101,1,0.8004,0.2217,0.8984,0.89,0.1394,17.04,TIER_4_QUARANTINE_FRAUD,train
7102,0,0.0535,0.8839,0.9186,0.8761,0.1219,61.87,TIER_3_RESTRICTED_CAUTION,train
7103,1,0.877,0.1463,0.8735,0.7283,0.057,7.73,TIER_4_QUARANTINE_FRAUD,train
7104,0,0.0044,0.9245,0.8961,0.8978,0.4261,74.05,TIER_2_STANDARD_TRUST,train
7105,0,0.0025,0.8024,0.9128,0.9151,0.1111,59.97,TIER_3_RESTRICTED_CAUTION,test
7106,0,0.1899,0.6652,0.8209,0.9079,0.1208,55.09,TIER_3_RESTRICTED_CAUTION,train
7107,1,0.9438,0.0464,0.9062,0.715,0.0449,1.56,TIER_4_QUARANTINE_FRAUD,train
7108,0,0.0274,0.8913,0.9063,0.725,0.464,70.17,TIER_2_STANDARD_TRUST,test
7109,0,0.8973,0.1568,0.8308,0.8621,0.4854,13.09,TIER_4_QUARANTINE_FRAUD,train
7110,1,0.158,0.6863,0.9016,0.78,0.0985,52.55,TIER_3_RESTRICTED_CAUTION,test
7111,0,0.3451,0.4959,0.8388,0.99,0.1368,52.8,TIER_3_RESTRICTED_CAUTION,test
7112,1,0.8806,0.1168,0.8196,0.6809,0.1024,5.59,TIER_4_QUARANTINE_FRAUD,train
7113,1,0.9123,0.13,0.9014,0.3267,0.0424,4.49,TIER_4_QUARANTINE_FRAUD,train
7114,0,0.1505,0.6964,0.9013,1.0,0.1775,61.12,TIER_3_RESTRICTED_CAUTION,test
7115,1,0.9379,0.1032,0.7908,0.63,0.1179,4.55,TIER_4_QUARANTINE_FRAUD,val
7116,1,0.8321,0.1841,0.8408,0.6327,0.0232,9.56,TIER_4_QUARANTINE_FRAUD,train
7117,1,0.9237,0.1402,0.9021,1.0,0.5291,12.46,TIER_4_QUARANTINE_FRAUD,test
7118,0,0.0083,0.9199,0.908,0.8791,0.4183,73.29,TIER_2_STANDARD_TRUST,train
7119,0,0.2907,0.5858,0.7832,0.468,0.0303,38.17,TIER_4_QUARANTINE_FRAUD,train
7120,1,0.9075,0.0793,0.8426,0.7734,0.1478,3.69,TIER_4_QUARANTINE_FRAUD,train
7121,0,0.3898,0.5126,0.8199,0.6145,0.0452,40.52,TIER_4_QUARANTINE_FRAUD,test
7122,0,0.0914,0.7336,0.9417,0.9458,0.1729,61.12,TIER_3_RESTRICTED_CAUTION,train
7123,0,0.01,0.8304,0.9038,0.6245,0.4777,66.28,TIER_2_STANDARD_TRUST,train
7124,0,0.0067,0.9302,0.9205,0.7311,0.4662,71.71,TIER_2_STANDARD_TRUST,train
7125,0,0.0887,0.7409,0.8737,0.8046,0.1064,54.8,TIER_3_RESTRICTED_CAUTION,test
7126,0,0.0499,0.9025,0.918,0.7552,0.2007,62.16,TIER_3_RESTRICTED_CAUTION,train
7127,0,0.0446,0.9075,0.8511,0.8883,0.16,63.54,TIER_3_RESTRICTED_CAUTION,val
7128,1,0.9289,0.2269,0.8143,0.7116,0.1083,15.0,TIER_4_QUARANTINE_FRAUD,train
7129,0,0.0975,0.8336,0.9065,0.6993,0.0952,54.89,TIER_3_RESTRICTED_CAUTION,train
7130,1,0.903,0.1275,0.8603,0.3342,0.0385,4.3,TIER_4_QUARANTINE_FRAUD,train
7131,1,0.9088,0.1332,0.8994,0.8053,0.5387,10.68,TIER_4_QUARANTINE_FRAUD,train
7132,1,0.9474,0.0987,0.7511,0.7513,0.1202,4.66,TIER_4_QUARANTINE_FRAUD,train
7133,0,0.4047,0.5028,0.8677,0.7823,0.0999,46.81,TIER_3_RESTRICTED_CAUTION,train
7134,1,0.8969,0.1349,0.8824,0.4565,0.019,5.21,TIER_4_QUARANTINE_FRAUD,train
7135,0,0.018,0.9242,0.9164,0.8994,0.9653,93.16,TIER_1_VERIFIED_SAFE,train
7136,0,0.5053,0.4607,0.9103,0.7062,0.4206,55.3,TIER_3_RESTRICTED_CAUTION,train
7137,0,0.1916,0.7905,0.8566,0.9101,0.4338,70.22,TIER_2_STANDARD_TRUST,test
7138,0,0.1011,0.7446,0.9164,0.826,0.4414,67.6,TIER_2_STANDARD_TRUST,train
7139,1,0.8955,0.1329,0.7718,0.525,0.1305,6.02,TIER_4_QUARANTINE_FRAUD,train
7140,0,0.0113,0.9341,0.9238,0.8012,0.4126,71.73,TIER_2_STANDARD_TRUST,train
7141,0,0.0436,0.7252,0.8563,0.9658,0.1031,58.07,TIER_3_RESTRICTED_CAUTION,test
7142,0,0.0594,0.8917,0.9174,0.7311,0.441,69.64,TIER_2_STANDARD_TRUST,val
7143,0,0.0067,0.9165,0.9579,0.8059,0.4747,73.84,TIER_2_STANDARD_TRUST,train
7144,1,0.9563,0.0891,0.7679,0.6875,0.1098,3.82,TIER_4_QUARANTINE_FRAUD,train
7145,0,0.0013,0.9366,0.8631,0.8699,0.4757,75.13,TIER_2_STANDARD_TRUST,train
7146,1,0.8966,0.1624,0.8949,0.7253,0.1223,9.63,TIER_4_QUARANTINE_FRAUD,val
7147,1,0.2002,0.6566,0.8593,0.7115,0.109,49.9,TIER_3_RESTRICTED_CAUTION,val
7148,0,0.0097,0.922,0.9255,0.901,0.4608,75.57,TIER_2_STANDARD_TRUST,train
7149,0,0.0042,0.9278,0.9265,0.8685,0.4279,73.79,TIER_2_STANDARD_TRUST,train
7150,0,0.2385,0.6274,0.8709,0.7837,0.0982,50.56,TIER_3_RESTRICTED_CAUTION,train
7151,0,0.7239,0.3974,0.9001,0.6716,0.4305,44.9,TIER_4_QUARANTINE_FRAUD,test
7152,0,0.6835,0.2477,0.8819,0.848,0.1588,19.8,TIER_4_QUARANTINE_FRAUD,test
7153,1,0.8292,0.1903,0.8332,0.8556,0.0452,12.09,TIER_4_QUARANTINE_FRAUD,test
7154,0,0.1356,0.7354,0.9067,0.8677,0.1148,56.84,TIER_3_RESTRICTED_CAUTION,train
7155,0,0.7579,0.2358,0.8941,0.6617,0.0366,14.61,TIER_4_QUARANTINE_FRAUD,train
7156,1,0.905,0.1279,0.8595,0.3346,0.0313,4.27,TIER_4_QUARANTINE_FRAUD,test
7157,1,0.9632,0.0815,0.8376,0.746,0.1277,3.68,TIER_4_QUARANTINE_FRAUD,train
7158,0,0.6893,0.317,0.9204,0.6816,0.1442,25.87,TIER_4_QUARANTINE_FRAUD,val
7159,0,0.5434,0.4126,0.8805,0.8899,0.1464,43.37,TIER_4_QUARANTINE_FRAUD,test
7160,1,0.3163,0.5706,0.88,0.8438,0.0375,48.32,TIER_3_RESTRICTED_CAUTION,test
7161,0,0.0013,0.9289,0.9244,0.9043,0.4271,74.66,TIER_2_STANDARD_TRUST,train
7162,0,0.0024,0.8041,0.9221,0.9457,0.1145,60.99,TIER_3_RESTRICTED_CAUTION,train
7163,1,0.7492,0.2577,0.8784,0.3297,0.0316,12.53,TIER_4_QUARANTINE_FRAUD,train
7164,0,0.4593,0.4622,0.8649,0.7494,0.095,44.58,TIER_4_QUARANTINE_FRAUD,test
7165,1,0.8576,0.1877,0.8673,0.7711,0.0285,11.09,TIER_4_QUARANTINE_FRAUD,test
7166,0,0.0082,0.8149,0.9178,0.81,0.5151,71.9,TIER_2_STANDARD_TRUST,train
7167,0,0.0361,0.7771,0.8964,0.9921,0.3173,68.19,TIER_2_STANDARD_TRUST,train
7168,0,0.0138,0.8306,0.8532,0.8726,0.4471,70.91,TIER_2_STANDARD_TRUST,train
7169,1,0.9373,0.0708,0.9032,0.6763,0.0693,2.75,TIER_4_QUARANTINE_FRAUD,train
7170,0,0.2288,0.6639,0.9151,0.6866,0.9768,80.42,TIER_1_VERIFIED_SAFE,train
7171,0,0.0057,0.9324,0.9014,0.8777,0.0142,59.43,TIER_3_RESTRICTED_CAUTION,train
7172,1,0.8697,0.1827,0.838,0.7133,0.1293,11.22,TIER_4_QUARANTINE_FRAUD,train
7173,0,0.0065,0.799,0.8997,0.9818,0.1081,61.29,TIER_3_RESTRICTED_CAUTION,train
7174,1,0.8179,0.1918,0.8166,0.5587,0.0474,9.75,TIER_4_QUARANTINE_FRAUD,train
7175,0,0.4595,0.4961,0.9092,0.7263,0.5479,61.31,TIER_3_RESTRICTED_CAUTION,train
7176,0,0.0021,0.9213,0.9176,0.9123,0.4134,74.09,TIER_2_STANDARD_TRUST,val
7177,0,0.0635,0.7565,0.9235,0.9661,0.1934,62.85,TIER_3_RESTRICTED_CAUTION,val
7178,0,0.0022,0.9361,0.9347,0.8977,0.4243,74.72,TIER_2_STANDARD_TRUST,train
7179,0,0.1658,0.6895,0.8376,0.8608,0.125,54.96,TIER_3_RESTRICTED_CAUTION,train
7180,0,0.2422,0.6586,0.9099,0.85,0.4858,67.11,TIER_2_STANDARD_TRUST,train
7181,1,0.9543,0.0943,0.8314,0.7543,0.1185,4.48,TIER_4_QUARANTINE_FRAUD,val
7182,0,0.0559,0.8916,0.8687,0.9664,0.1226,63.89,TIER_3_RESTRICTED_CAUTION,train
7183,1,0.9627,0.0313,0.8492,0.8143,0.1307,1.07,TIER_4_QUARANTINE_FRAUD,test
7184,1,0.9255,0.1369,0.7912,0.72,0.117,7.26,TIER_4_QUARANTINE_FRAUD,val
7185,0,0.0032,0.9298,0.9272,0.9221,0.4219,74.98,TIER_2_STANDARD_TRUST,test
7186,0,0.003,0.8147,0.8378,0.863,0.1288,58.9,TIER_3_RESTRICTED_CAUTION,train
7187,0,0.9525,0.1224,0.9044,0.6543,0.4469,8.23,TIER_4_QUARANTINE_FRAUD,test
7188,0,0.1742,0.8121,0.8448,0.9367,0.4507,72.0,TIER_2_STANDARD_TRUST,train
7189,0,0.7728,0.2243,0.8598,0.2833,0.0353,9.56,TIER_4_QUARANTINE_FRAUD,test
7190,0,0.1075,0.6931,0.9176,0.7627,0.5459,68.14,TIER_2_STANDARD_TRUST,train
7191,0,0.7192,0.3014,0.8593,0.8827,0.4934,33.84,TIER_4_QUARANTINE_FRAUD,train
7192,1,0.8815,0.1647,0.8933,0.8241,0.0914,10.2,TIER_4_QUARANTINE_FRAUD,train
7193,0,0.0497,0.8015,0.9182,0.9296,0.1215,60.72,TIER_3_RESTRICTED_CAUTION,train
7194,0,0.1129,0.7219,0.9067,0.8178,0.0286,52.17,TIER_3_RESTRICTED_CAUTION,test
7195,0,0.003,0.9084,0.9251,0.8505,0.018,58.39,TIER_3_RESTRICTED_CAUTION,train
7196,0,0.5555,0.4239,0.9057,0.7634,0.4949,53.82,TIER_3_RESTRICTED_CAUTION,val
7197,1,0.7897,0.2137,0.8736,0.9315,0.1286,16.3,TIER_4_QUARANTINE_FRAUD,test
7198,0,0.0025,0.9429,0.9369,0.91,0.4068,74.64,TIER_2_STANDARD_TRUST,train
7199,1,0.7754,0.2491,0.8441,0.9096,0.4486,25.19,TIER_4_QUARANTINE_FRAUD,test
7200,0,0.1301,0.7275,0.9389,0.6617,0.1424,52.74,TIER_3_RESTRICTED_CAUTION,train
7201,0,0.0067,0.8034,0.8635,0.8458,0.1243,58.23,TIER_3_RESTRICTED_CAUTION,train
7202,0,0.0035,0.8065,0.9373,0.9425,0.4366,72.41,TIER_2_STANDARD_TRUST,test
7203,0,0.2097,0.677,0.923,0.6312,0.4604,61.44,TIER_3_RESTRICTED_CAUTION,train
7204,0,0.0067,0.9088,0.9047,0.9324,0.1046,63.28,TIER_3_RESTRICTED_CAUTION,train
7205,0,0.0083,0.8271,0.836,0.9114,0.656,78.92,TIER_2_STANDARD_TRUST,train
7206,0,0.5895,0.3801,0.9202,0.5213,0.4034,38.35,TIER_4_QUARANTINE_FRAUD,train
7207,0,0.0163,0.8257,0.9314,0.7979,0.4119,68.45,TIER_2_STANDARD_TRUST,train
7208,0,0.004,0.9768,0.9286,0.8465,0.4251,74.63,TIER_2_STANDARD_TRUST,train
7209,0,0.0085,0.9211,0.9212,0.9201,0.0843,62.8,TIER_3_RESTRICTED_CAUTION,train
7210,0,0.0121,0.9245,0.9258,0.8701,0.485,75.72,TIER_2_STANDARD_TRUST,test
7211,1,0.9042,0.1439,0.7961,0.8605,0.1246,8.66,TIER_4_QUARANTINE_FRAUD,test
7212,1,0.9181,0.1021,0.8045,0.6954,0.4372,6.37,TIER_4_QUARANTINE_FRAUD,train
7213,0,0.1004,0.731,0.8679,0.9106,0.1294,57.9,TIER_3_RESTRICTED_CAUTION,train
7214,1,0.9724,0.0939,0.8463,0.7557,0.1197,4.48,TIER_4_QUARANTINE_FRAUD,train
7215,0,0.8939,0.1398,0.9065,0.8689,0.0292,7.88,TIER_4_QUARANTINE_FRAUD,train
7216,1,0.0092,0.819,0.8863,0.8091,0.1139,57.65,TIER_3_RESTRICTED_CAUTION,train
7217,0,0.7969,0.2364,0.8444,0.8641,0.4312,22.62,TIER_4_QUARANTINE_FRAUD,val
7218,1,0.8553,0.1695,0.8718,0.574,0.1135,9.03,TIER_4_QUARANTINE_FRAUD,train
7219,0,0.8006,0.2086,0.8727,0.8063,0.0438,13.5,TIER_4_QUARANTINE_FRAUD,test
7220,0,0.244,0.7484,0.8997,0.8256,0.9717,86.1,TIER_1_VERIFIED_SAFE,train
7221,0,0.0071,0.8049,0.9369,0.9618,0.1207,61.79,TIER_3_RESTRICTED_CAUTION,train
7222,0,0.8499,0.125,0.8311,0.8129,0.1248,6.95,TIER_4_QUARANTINE_FRAUD,train
7223,0,0.6289,0.3574,0.9136,0.6667,0.0333,27.94,TIER_4_QUARANTINE_FRAUD,train
7224,0,0.0005,0.9259,0.9247,0.7955,0.4436,72.44,TIER_2_STANDARD_TRUST,train
7225,0,0.528,0.4185,0.8744,0.8105,0.0892,40.66,TIER_4_QUARANTINE_FRAUD,train
7226,0,0.5834,0.3944,0.8735,0.7538,0.0619,35.03,TIER_4_QUARANTINE_FRAUD,test
7227,1,0.9291,0.1182,0.8508,0.8686,0.1104,6.62,TIER_4_QUARANTINE_FRAUD,train
7228,0,0.9119,0.1206,0.8529,0.74,0.1168,6.27,TIER_4_QUARANTINE_FRAUD,train
7229,0,0.9206,0.2246,0.8641,0.7697,0.1336,15.93,TIER_4_QUARANTINE_FRAUD,test
7230,1,0.8982,0.1351,0.7531,0.7028,0.1031,6.85,TIER_4_QUARANTINE_FRAUD,train
7231,0,0.4886,0.4738,0.8578,0.99,0.5348,66.26,TIER_2_STANDARD_TRUST,test
7232,0,0.7493,0.2448,0.8704,0.7297,0.1097,17.28,TIER_4_QUARANTINE_FRAUD,train
7233,1,0.9672,0.039,0.7155,0.814,0.1429,1.4,TIER_4_QUARANTINE_FRAUD,train
7234,0,0.7468,0.3736,0.8799,0.655,0.4556,41.09,TIER_4_QUARANTINE_FRAUD,train
7235,0,0.0089,0.8001,0.9201,0.7874,0.0146,53.4,TIER_3_RESTRICTED_CAUTION,test
7236,0,0.88,0.1469,0.8213,0.8575,0.1299,9.0,TIER_4_QUARANTINE_FRAUD,train
7237,1,0.9046,0.128,0.8872,0.525,0.0235,5.2,TIER_4_QUARANTINE_FRAUD,train
7238,0,0.444,0.5798,0.9135,0.99,0.1552,56.71,TIER_3_RESTRICTED_CAUTION,val
7239,0,0.6816,0.4282,0.9046,0.7141,0.0851,40.05,TIER_4_QUARANTINE_FRAUD,train
7240,0,0.8812,0.1456,0.872,0.7395,0.1042,8.12,TIER_4_QUARANTINE_FRAUD,test
7241,0,0.1869,0.7928,0.9179,0.6553,0.4268,64.29,TIER_3_RESTRICTED_CAUTION,test
7242,0,0.0938,0.7363,0.9219,0.8469,0.0891,55.6,TIER_3_RESTRICTED_CAUTION,test
7243,0,0.0142,0.8026,0.9281,0.9667,0.0854,60.51,TIER_3_RESTRICTED_CAUTION,train
7244,0,0.303,0.5846,0.8545,0.6944,0.0199,44.14,TIER_4_QUARANTINE_FRAUD,val
7245,0,0.0971,0.7354,0.8228,0.9242,0.4641,69.64,TIER_2_STANDARD_TRUST,train
7246,0,0.392,0.6396,0.8853,0.8966,0.4136,64.93,TIER_3_RESTRICTED_CAUTION,train
7247,0,0.9042,0.1269,0.8731,1.0,0.1648,8.35,TIER_4_QUARANTINE_FRAUD,train
7248,0,0.0037,0.9034,0.9224,0.8534,0.0198,58.35,TIER_3_RESTRICTED_CAUTION,test
7249,0,0.0038,0.9362,0.9255,0.8966,0.0986,63.21,TIER_3_RESTRICTED_CAUTION,train
7250,1,0.719,0.2984,0.8648,0.6359,0.4448,28.77,TIER_4_QUARANTINE_FRAUD,train
7251,0,0.0111,0.8233,0.9346,0.8116,0.4234,69.15,TIER_2_STANDARD_TRUST,train
7252,1,0.9054,0.1472,0.9039,0.2417,0.0425,4.91,TIER_4_QUARANTINE_FRAUD,train
7253,0,0.1956,0.6862,0.8565,0.7245,0.5143,65.26,TIER_2_STANDARD_TRUST,val
7254,1,0.3465,0.5484,0.858,0.7627,0.1017,47.66,TIER_3_RESTRICTED_CAUTION,test
7255,0,0.0355,0.8114,0.8865,0.7928,0.1665,58.86,TIER_3_RESTRICTED_CAUTION,train
7256,1,0.9566,0.0398,0.9036,0.668,0.1106,1.32,TIER_4_QUARANTINE_FRAUD,val
7257,0,0.0057,0.9295,0.9248,0.9407,0.4264,75.58,TIER_2_STANDARD_TRUST,train
7258,0,0.0197,0.8096,0.9125,0.841,0.4513,70.24,TIER_2_STANDARD_TRUST,val
7259,1,0.9672,0.082,0.8497,0.863,0.1015,3.95,TIER_4_QUARANTINE_FRAUD,test
7260,0,0.0094,0.9098,0.9275,0.9415,0.0999,63.6,TIER_3_RESTRICTED_CAUTION,train
7261,1,0.9285,0.0615,0.831,0.6312,0.0476,2.08,TIER_4_QUARANTINE_FRAUD,val
7262,1,0.9757,0.025,0.8956,1.0,0.1344,0.92,TIER_4_QUARANTINE_FRAUD,train
7263,0,0.9253,0.1098,0.8221,0.2631,0.0176,2.99,TIER_4_QUARANTINE_FRAUD,train
7264,1,0.928,0.144,0.8992,1.0,0.957,16.32,TIER_4_QUARANTINE_FRAUD,train
7265,0,0.9139,0.1205,0.8783,0.7321,0.1295,6.35,TIER_4_QUARANTINE_FRAUD,train
7266,0,0.0816,0.7455,0.8694,0.7535,0.0959,53.25,TIER_3_RESTRICTED_CAUTION,val
7267,0,0.7936,0.2094,0.9199,0.9027,0.0349,14.53,TIER_4_QUARANTINE_FRAUD,train
7268,1,0.892,0.1687,0.8347,0.8103,0.026,9.66,TIER_4_QUARANTINE_FRAUD,train
7269,0,0.0119,0.9116,0.9278,0.7669,0.0297,56.84,TIER_3_RESTRICTED_CAUTION,train
7270,0,0.0027,0.9184,0.9335,0.6667,0.4459,69.16,TIER_2_STANDARD_TRUST,train
7271,0,0.0002,0.9401,0.9255,0.7906,0.4518,73.04,TIER_2_STANDARD_TRUST,test
7272,0,0.2515,0.6276,0.9223,0.5516,0.125,46.22,TIER_3_RESTRICTED_CAUTION,test
7273,0,0.0263,0.9046,0.8914,0.7911,0.55,75.08,TIER_2_STANDARD_TRUST,train
7274,0,0.0877,0.7721,0.8428,0.7833,0.4774,67.88,TIER_2_STANDARD_TRUST,train
7275,0,0.8399,0.2,0.8253,0.7272,0.1399,13.01,TIER_4_QUARANTINE_FRAUD,test
7276,0,0.0076,0.8961,0.9348,0.9119,0.1198,63.22,TIER_3_RESTRICTED_CAUTION,train
7277,0,0.0927,0.7371,0.876,0.7605,0.0964,53.26,TIER_3_RESTRICTED_CAUTION,train
7278,1,0.9267,0.1209,0.8836,0.5675,0.4642,7.77,TIER_4_QUARANTINE_FRAUD,train
7279,0,0.8827,0.2774,0.8505,0.8662,0.4407,28.75,TIER_4_QUARANTINE_FRAUD,test
7280,0,0.0017,0.9352,0.9184,0.8767,0.4379,74.49,TIER_2_STANDARD_TRUST,train
7281,0,0.0838,0.862,0.9066,0.7741,0.9696,88.22,TIER_1_VERIFIED_SAFE,train
7282,1,0.9445,0.0965,0.8272,0.6536,0.1078,4.22,TIER_4_QUARANTINE_FRAUD,train
7283,0,0.0065,0.8254,0.9107,0.9531,0.0146,58.21,TIER_3_RESTRICTED_CAUTION,train
7284,0,0.0063,0.8246,0.9295,0.9246,0.097,60.54,TIER_3_RESTRICTED_CAUTION,train
7285,0,0.5258,0.4088,0.898,0.9335,0.111,42.77,TIER_4_QUARANTINE_FRAUD,train
7286,1,0.2043,0.6051,0.8125,0.6161,0.1383,46.52,TIER_3_RESTRICTED_CAUTION,train
7287,1,0.3076,0.5735,0.8433,0.7527,0.0627,46.65,TIER_3_RESTRICTED_CAUTION,train
7288,0,0.745,0.1997,0.9022,0.9834,0.229,16.56,TIER_4_QUARANTINE_FRAUD,train
7289,1,0.9118,0.1236,0.8749,0.7035,0.1202,6.39,TIER_4_QUARANTINE_FRAUD,train
7290,1,0.9762,0.0785,0.7113,1.0,0.0406,3.71,TIER_4_QUARANTINE_FRAUD,train
7291,1,0.8713,0.1566,0.8237,0.81,0.104,9.34,TIER_4_QUARANTINE_FRAUD,test
7292,0,0.0114,0.8105,0.8738,0.9216,0.1387,60.95,TIER_3_RESTRICTED_CAUTION,train
7293,0,0.7658,0.2595,0.8523,1.0,0.6676,31.62,TIER_4_QUARANTINE_FRAUD,test
7294,1,0.8062,0.1768,0.8455,0.6121,0.0439,9.08,TIER_4_QUARANTINE_FRAUD,train
7295,0,0.4528,0.5936,0.8687,0.785,0.2042,53.27,TIER_3_RESTRICTED_CAUTION,train
7296,0,0.0025,0.8064,0.8798,0.8538,0.1256,58.73,TIER_3_RESTRICTED_CAUTION,test
7297,0,0.899,0.1341,0.8088,0.7575,0.1478,7.5,TIER_4_QUARANTINE_FRAUD,train
7298,0,0.1118,0.8605,0.894,0.9453,0.4327,73.53,TIER_2_STANDARD_TRUST,train
7299,0,0.0022,0.9152,0.8649,0.7679,0.1938,62.09,TIER_3_RESTRICTED_CAUTION,train
7300,1,0.9393,0.1066,0.8927,0.6785,0.4377,6.83,TIER_4_QUARANTINE_FRAUD,train
7301,0,0.3333,0.5558,0.9152,0.995,0.1613,56.35,TIER_3_RESTRICTED_CAUTION,train
7302,0,0.3165,0.5712,0.8207,0.885,0.1271,51.92,TIER_3_RESTRICTED_CAUTION,train
7303,0,0.001,0.8012,0.9387,0.9585,0.0398,58.78,TIER_3_RESTRICTED_CAUTION,test
7304,0,0.9105,0.1476,0.8924,0.6913,0.4743,11.09,TIER_4_QUARANTINE_FRAUD,test
7305,1,0.9573,0.0943,0.8311,0.7271,0.1217,4.4,TIER_4_QUARANTINE_FRAUD,test
7306,1,0.688,0.239,0.8133,0.5959,0.1047,14.88,TIER_4_QUARANTINE_FRAUD,test
7307,1,0.8465,0.1719,0.8091,0.5693,0.1194,9.07,TIER_4_QUARANTINE_FRAUD,train
7308,0,0.0921,0.8339,0.8728,0.8577,0.1165,59.26,TIER_3_RESTRICTED_CAUTION,test
7309,0,0.652,0.3469,0.9057,0.7972,0.4169,38.5,TIER_4_QUARANTINE_FRAUD,train
7310,0,0.0123,0.8313,0.8592,0.8489,0.1213,59.0,TIER_3_RESTRICTED_CAUTION,val
7311,0,0.8472,0.171,0.8022,0.8043,0.0787,10.24,TIER_4_QUARANTINE_FRAUD,train
7312,0,0.7936,0.3463,0.8216,0.8761,0.531,42.04,TIER_4_QUARANTINE_FRAUD,test
7313,1,0.9059,0.1615,0.8835,0.6625,0.4459,12.1,TIER_4_QUARANTINE_FRAUD,train
7314,0,0.0566,0.8878,0.9212,0.7718,0.4179,69.77,TIER_2_STANDARD_TRUST,train
7315,0,0.9284,0.1058,0.8848,0.8852,0.1475,5.99,TIER_4_QUARANTINE_FRAUD,val
7316,0,0.2417,0.7316,0.9013,0.7855,0.9677,84.47,TIER_1_VERIFIED_SAFE,train
7317,1,0.9721,0.1104,0.8779,1.0,0.5412,9.02,TIER_4_QUARANTINE_FRAUD,train
7318,0,0.3689,0.526,0.8967,0.6867,0.0178,42.54,TIER_4_QUARANTINE_FRAUD,test
7319,0,0.0052,0.8038,0.8683,0.8908,0.1351,59.8,TIER_3_RESTRICTED_CAUTION,val
7320,1,0.9403,0.0993,0.8374,0.3112,0.0344,2.85,TIER_4_QUARANTINE_FRAUD,val
7321,0,0.8156,0.2002,0.871,0.95,0.056,14.1,TIER_4_QUARANTINE_FRAUD,train
7322,0,0.9034,0.233,0.9063,0.8301,0.4516,22.36,TIER_4_QUARANTINE_FRAUD,test
7323,0,0.5866,0.4935,0.919,0.86,0.4554,61.43,TIER_3_RESTRICTED_CAUTION,train
7324,1,0.9424,0.1303,0.8651,0.7175,0.4443,9.19,TIER_4_QUARANTINE_FRAUD,train
7325,0,0.0141,0.831,0.9213,0.8617,0.0932,58.95,TIER_3_RESTRICTED_CAUTION,train
7326,1,0.6122,0.2936,0.9004,1.0,0.1492,27.58,TIER_4_QUARANTINE_FRAUD,test
7327,1,0.9183,0.1145,0.7854,0.221,0.0172,2.94,TIER_4_QUARANTINE_FRAUD,test
7328,0,0.1042,0.8582,0.9191,0.995,0.4011,73.85,TIER_2_STANDARD_TRUST,val
7329,0,0.0065,0.8218,0.9258,0.8286,0.5238,72.96,TIER_2_STANDARD_TRUST,train
7330,1,0.9186,0.1422,0.8416,0.7163,0.4303,10.21,TIER_4_QUARANTINE_FRAUD,train
7331,0,0.4081,0.5185,0.9038,1.0,0.0347,50.81,TIER_3_RESTRICTED_CAUTION,train
7332,0,0.4304,0.4798,0.9275,0.7333,0.0413,43.45,TIER_4_QUARANTINE_FRAUD,train
7333,0,0.2024,0.6828,0.8733,0.9278,0.5118,70.32,TIER_2_STANDARD_TRUST,train
7334,0,0.0164,0.8251,0.8938,0.8147,0.1269,58.5,TIER_3_RESTRICTED_CAUTION,train
7335,0,0.0291,0.9,0.926,0.8192,0.4916,73.94,TIER_2_STANDARD_TRUST,train
7336,0,0.7506,0.2736,0.8194,0.8877,0.0317,20.79,TIER_4_QUARANTINE_FRAUD,train
7337,1,0.931,0.1306,0.8752,0.8942,0.1409,8.0,TIER_4_QUARANTINE_FRAUD,train
7338,0,0.0278,0.8982,0.9258,0.7773,0.4418,71.1,TIER_2_STANDARD_TRUST,train
7339,0,0.3874,0.5514,0.909,0.79,0.0518,47.2,TIER_3_RESTRICTED_CAUTION,train
7340,1,0.916,0.147,0.8679,0.8155,0.0265,8.04,TIER_4_QUARANTINE_FRAUD,train
7341,0,0.4513,0.4868,0.9065,0.6973,0.0569,43.09,TIER_4_QUARANTINE_FRAUD,train
7342,1,0.8428,0.2006,0.8763,0.7579,0.1108,13.15,TIER_4_QUARANTINE_FRAUD,test
7343,0,0.3808,0.5173,0.8997,0.8919,0.1312,51.41,TIER_3_RESTRICTED_CAUTION,train
7344,0,0.0077,0.797,0.9135,0.8129,0.056,55.33,TIER_3_RESTRICTED_CAUTION,test
7345,1,0.3135,0.6729,0.871,0.74,0.133,52.05,TIER_3_RESTRICTED_CAUTION,val
7346,0,0.0041,0.9027,0.9278,0.9669,0.1007,64.05,TIER_3_RESTRICTED_CAUTION,train
7347,1,0.9191,0.1419,0.8933,0.7044,0.0705,7.42,TIER_4_QUARANTINE_FRAUD,train
7348,0,0.0028,0.8123,0.9035,0.9371,0.1553,62.26,TIER_3_RESTRICTED_CAUTION,train
7349,0,0.9313,0.1065,0.877,0.7282,0.029,4.79,TIER_4_QUARANTINE_FRAUD,test
7350,0,0.0115,0.7946,0.9434,0.8942,0.0054,55.82,TIER_3_RESTRICTED_CAUTION,train
7351,0,0.8874,0.1447,0.769,0.3327,0.0205,4.82,TIER_4_QUARANTINE_FRAUD,train
7352,1,0.9482,0.1159,0.8959,1.0,0.1928,7.58,TIER_4_QUARANTINE_FRAUD,train
7353,0,0.8927,0.1556,0.8323,0.5821,0.0219,7.12,TIER_4_QUARANTINE_FRAUD,test
7354,0,0.02,0.8131,0.8359,0.8992,0.9701,89.19,TIER_1_VERIFIED_SAFE,train
7355,0,0.8807,0.1446,0.8197,0.8324,0.1204,8.59,TIER_4_QUARANTINE_FRAUD,train
7356,0,0.2634,0.7168,0.8614,0.7896,0.0714,52.36,TIER_3_RESTRICTED_CAUTION,train
7357,1,0.1989,0.6677,0.8475,0.5722,0.1142,46.81,TIER_3_RESTRICTED_CAUTION,test
7358,0,0.7227,0.2919,0.8481,0.8509,0.1224,24.38,TIER_4_QUARANTINE_FRAUD,train
7359,0,0.9113,0.0683,0.8169,0.5857,0.1352,2.55,TIER_4_QUARANTINE_FRAUD,train
7360,0,0.0136,0.9095,0.9072,0.9209,0.1179,63.51,TIER_3_RESTRICTED_CAUTION,train
7361,1,0.9056,0.0839,0.8156,0.9314,0.1633,4.47,TIER_4_QUARANTINE_FRAUD,test
7362,1,0.8998,0.1318,0.8398,0.7184,0.1137,6.95,TIER_4_QUARANTINE_FRAUD,train
7363,1,0.9395,0.1269,0.8656,1.0,0.5198,10.74,TIER_4_QUARANTINE_FRAUD,train
7364,0,0.0704,0.8787,0.9099,0.8053,0.5525,74.93,TIER_2_STANDARD_TRUST,val
7365,1,0.847,0.1767,0.9022,0.6213,0.1122,10.02,TIER_4_QUARANTINE_FRAUD,train
7366,1,0.9355,0.1104,0.8298,1.0,0.55,8.99,TIER_4_QUARANTINE_FRAUD,test
7367,0,0.0098,0.9829,0.9401,0.7621,0.4612,74.08,TIER_2_STANDARD_TRUST,train
7368,0,0.0025,0.9052,0.9292,0.8792,0.1267,62.86,TIER_3_RESTRICTED_CAUTION,train
7369,0,0.0127,0.8152,0.9392,0.8236,0.4141,68.93,TIER_2_STANDARD_TRUST,train
7370,0,0.0086,0.931,0.9273,0.7955,0.9695,91.02,TIER_1_VERIFIED_SAFE,val
7371,0,0.4064,0.6173,0.8449,0.9128,0.0383,51.13,TIER_3_RESTRICTED_CAUTION,train
7372,0,0.1833,0.6698,0.9013,1.0,0.1962,60.97,TIER_3_RESTRICTED_CAUTION,train
7373,0,0.014,0.9123,0.9332,0.8811,0.0959,62.09,TIER_3_RESTRICTED_CAUTION,test
7374,0,0.3278,0.569,0.8635,0.7633,0.1689,50.7,TIER_3_RESTRICTED_CAUTION,train
7375,0,0.9588,0.0343,0.8027,0.7482,0.1604,1.17,TIER_4_QUARANTINE_FRAUD,test
7376,0,0.1815,0.6505,0.8999,0.9863,0.6676,76.54,TIER_2_STANDARD_TRUST,val
7377,0,0.0942,0.7509,0.9234,0.6558,0.55,67.4,TIER_2_STANDARD_TRUST,train
7378,0,0.0566,0.7624,0.9433,0.5629,0.0965,49.75,TIER_3_RESTRICTED_CAUTION,train
7379,0,0.4052,0.5028,0.8731,0.8066,0.0963,47.35,TIER_3_RESTRICTED_CAUTION,train
7380,1,0.7196,0.2975,0.8356,0.7403,0.438,29.85,TIER_4_QUARANTINE_FRAUD,train
7381,1,0.9265,0.1336,0.8258,0.7233,0.0417,6.56,TIER_4_QUARANTINE_FRAUD,train
7382,0,0.0125,0.8094,0.9035,0.8729,0.1205,59.36,TIER_3_RESTRICTED_CAUTION,train
7383,0,0.018,0.9768,0.9212,0.846,0.0959,63.02,TIER_3_RESTRICTED_CAUTION,train
7384,1,0.9325,0.106,0.8791,1.0,0.0651,5.99,TIER_4_QUARANTINE_FRAUD,train
7385,0,0.8041,0.3296,0.8485,0.9119,0.4618,38.25,TIER_4_QUARANTINE_FRAUD,test
7386,0,0.0009,0.8025,0.9229,0.9554,0.1161,61.25,TIER_3_RESTRICTED_CAUTION,train
7387,0,0.0409,0.899,0.9107,0.7165,0.0461,55.6,TIER_3_RESTRICTED_CAUTION,test
7388,0,0.1065,0.7607,0.8667,0.8482,0.0682,55.08,TIER_3_RESTRICTED_CAUTION,train
7389,1,0.8471,0.1221,0.6682,0.6862,0.0384,5.29,TIER_4_QUARANTINE_FRAUD,test
7390,0,0.131,0.7342,0.9059,0.7926,0.4675,67.26,TIER_2_STANDARD_TRUST,train
7391,0,0.0809,0.7805,0.9297,0.7109,0.5019,68.05,TIER_2_STANDARD_TRUST,train
7392,0,0.0371,0.8026,0.906,0.7448,0.55,71.01,TIER_2_STANDARD_TRUST,train
7393,0,0.004,0.9247,0.9309,0.89,0.0253,60.19,TIER_3_RESTRICTED_CAUTION,train
7394,0,0.2409,0.623,0.9174,0.6107,0.0147,43.65,TIER_4_QUARANTINE_FRAUD,train
7395,0,0.1115,0.8576,0.9235,0.7487,0.4986,71.13,TIER_2_STANDARD_TRUST,val
7396,0,0.0006,0.9446,0.9078,0.9313,0.4139,75.19,TIER_2_STANDARD_TRUST,train
7397,0,0.513,0.4394,0.8727,0.9023,0.0424,44.55,TIER_4_QUARANTINE_FRAUD,train
7398,0,0.0008,0.9223,0.9188,0.9545,0.4271,75.67,TIER_2_STANDARD_TRUST,train
7399,0,0.7744,0.224,0.8904,0.8356,0.1427,16.76,TIER_4_QUARANTINE_FRAUD,train
7400,0,0.8879,0.1452,0.8524,0.7841,0.0492,7.86,TIER_4_QUARANTINE_FRAUD,train
7401,0,0.2811,0.6002,0.8892,0.8475,0.1416,53.04,TIER_3_RESTRICTED_CAUTION,train
7402,0,0.2088,0.6092,0.8416,0.8219,0.6461,69.85,TIER_2_STANDARD_TRUST,test
7403,1,0.2042,0.6526,0.8505,0.8622,0.1405,54.55,TIER_3_RESTRICTED_CAUTION,train
7404,0,0.9104,0.1213,0.9144,0.83,0.1561,7.09,TIER_4_QUARANTINE_FRAUD,train
7405,0,0.0295,0.782,0.9299,0.9052,0.1275,59.85,TIER_3_RESTRICTED_CAUTION,test
7406,1,0.1125,0.7513,0.9035,0.85,0.4274,67.78,TIER_2_STANDARD_TRUST,train
7407,0,0.773,0.3268,0.8719,0.8162,0.0966,27.92,TIER_4_QUARANTINE_FRAUD,train
7408,0,0.025,0.9139,0.9295,0.95,0.4199,75.16,TIER_2_STANDARD_TRUST,train
7409,1,0.8893,0.0884,0.8855,0.8378,0.1377,4.49,TIER_4_QUARANTINE_FRAUD,train
7410,0,0.0721,0.782,0.8954,0.6866,0.9562,83.04,TIER_1_VERIFIED_SAFE,test
7411,0,0.0012,0.8076,0.8738,0.836,0.1398,58.76,TIER_3_RESTRICTED_CAUTION,test
7412,1,0.2865,0.5913,0.8593,0.86,0.0958,51.19,TIER_3_RESTRICTED_CAUTION,train
7413,0,0.4809,0.4712,0.8287,0.7195,0.2256,48.31,TIER_3_RESTRICTED_CAUTION,train
7414,0,0.6095,0.3631,0.8955,0.7576,0.1266,32.7,TIER_4_QUARANTINE_FRAUD,val
7415,1,0.9069,0.2446,0.8745,0.7346,0.0912,17.04,TIER_4_QUARANTINE_FRAUD,train
7416,0,0.0088,0.7972,0.9371,0.8908,0.1205,59.77,TIER_3_RESTRICTED_CAUTION,train
7417,0,0.0078,0.9341,0.907,0.6895,0.5075,72.09,TIER_2_STANDARD_TRUST,train
7418,0,0.2258,0.6335,0.902,0.99,0.1234,57.09,TIER_3_RESTRICTED_CAUTION,test
7419,0,0.8538,0.1842,0.9157,0.6785,0.4601,14.95,TIER_4_QUARANTINE_FRAUD,train
7420,1,0.9437,0.1181,0.8858,0.69,0.1261,5.98,TIER_4_QUARANTINE_FRAUD,val
7421,0,0.6364,0.461,0.8723,0.6478,0.4315,53.85,TIER_3_RESTRICTED_CAUTION,train
7422,1,0.6341,0.3356,0.8759,1.0,0.0449,31.01,TIER_4_QUARANTINE_FRAUD,test
7423,0,0.4802,0.4442,0.9115,0.9939,0.2512,55.15,TIER_3_RESTRICTED_CAUTION,val
7424,0,0.0195,0.8068,0.9272,0.9286,0.4193,71.37,TIER_2_STANDARD_TRUST,train
7425,0,0.8719,0.2546,0.8823,0.733,0.0572,17.54,TIER_4_QUARANTINE_FRAUD,val
7426,0,0.0037,0.9021,0.9296,0.9345,0.1501,64.98,TIER_3_RESTRICTED_CAUTION,train
7427,0,0.0049,0.8238,0.9215,0.9348,0.4353,72.54,TIER_2_STANDARD_TRUST,train
7428,0,0.734,0.252,0.9139,0.8415,0.0451,18.5,TIER_4_QUARANTINE_FRAUD,train
7429,1,0.8781,0.1461,0.7973,0.54,0.026,6.2,TIER_4_QUARANTINE_FRAUD,train
7430,0,0.0087,0.8987,0.944,0.8596,0.1459,63.0,TIER_3_RESTRICTED_CAUTION,train
7431,0,0.1717,0.7017,0.8512,0.92,0.159,58.13,TIER_3_RESTRICTED_CAUTION,train
7432,0,0.0711,0.785,0.9158,0.8862,0.0968,58.25,TIER_3_RESTRICTED_CAUTION,train
7433,0,0.8524,0.1673,0.8672,0.7376,0.1108,9.95,TIER_4_QUARANTINE_FRAUD,train
7434,0,0.5834,0.3996,0.9217,0.475,0.4132,40.74,TIER_4_QUARANTINE_FRAUD,test
7435,0,0.155,0.6864,0.879,0.8879,0.1147,55.59,TIER_3_RESTRICTED_CAUTION,train
7436,0,0.1858,0.6926,0.8866,0.7538,0.1473,53.65,TIER_3_RESTRICTED_CAUTION,train
7437,0,0.6497,0.4464,0.9215,0.6569,0.4435,53.98,TIER_3_RESTRICTED_CAUTION,val
7438,0,0.0016,0.8011,0.9114,0.9675,0.1101,61.19,TIER_3_RESTRICTED_CAUTION,test
7439,0,0.87,0.116,0.851,0.8824,0.0306,6.03,TIER_4_QUARANTINE_FRAUD,train
7440,0,0.1026,0.7435,0.9324,0.8456,0.6704,76.23,TIER_2_STANDARD_TRUST,test
7441,0,0.0093,0.802,0.9217,0.9395,0.1018,60.33,TIER_3_RESTRICTED_CAUTION,train
7442,0,0.1388,0.7016,0.9108,0.7032,0.0167,48.32,TIER_3_RESTRICTED_CAUTION,train
7443,0,0.0057,0.8202,0.9135,0.8955,0.4607,72.25,TIER_2_STANDARD_TRUST,train
7444,0,0.1859,0.6955,0.8669,0.92,0.1269,56.98,TIER_3_RESTRICTED_CAUTION,test
7445,0,0.1098,0.909,0.9121,0.9218,0.4042,73.58,TIER_2_STANDARD_TRUST,test
7446,0,0.1709,0.6759,0.8856,0.9346,0.1193,56.68,TIER_3_RESTRICTED_CAUTION,train
7447,0,0.0072,0.927,0.9163,0.9458,0.1163,64.69,TIER_3_RESTRICTED_CAUTION,train
7448,0,0.0092,0.795,0.9081,0.9153,0.0987,59.27,TIER_3_RESTRICTED_CAUTION,train
7449,0,0.1409,0.6966,0.8697,0.9416,0.1268,57.57,TIER_3_RESTRICTED_CAUTION,train
7450,0,0.1855,0.6873,0.8921,0.8991,0.1179,56.14,TIER_3_RESTRICTED_CAUTION,train
7451,0,0.8948,0.1332,0.9156,0.7313,0.053,6.84,TIER_4_QUARANTINE_FRAUD,train
7452,0,0.0498,0.7769,0.8978,0.9348,0.0171,56.25,TIER_3_RESTRICTED_CAUTION,train
7453,1,0.6832,0.293,0.804,0.8833,0.1519,25.32,TIER_4_QUARANTINE_FRAUD,train
7454,0,0.9139,0.1412,0.9046,0.5962,0.1144,7.13,TIER_4_QUARANTINE_FRAUD,train
7455,0,0.0281,0.911,0.8808,0.9741,0.1252,64.87,TIER_3_RESTRICTED_CAUTION,train
7456,0,0.4641,0.4566,0.943,0.9264,0.1825,52.68,TIER_3_RESTRICTED_CAUTION,train
7457,0,0.5064,0.4233,0.918,0.9514,0.0291,43.11,TIER_4_QUARANTINE_FRAUD,train
7458,0,0.0145,0.9294,0.9187,0.925,0.4364,75.47,TIER_2_STANDARD_TRUST,train
7459,1,0.9621,0.0853,0.6601,0.8612,0.1282,4.05,TIER_4_QUARANTINE_FRAUD,val
7460,0,0.0081,0.804,0.9111,0.8614,0.1159,58.82,TIER_3_RESTRICTED_CAUTION,test
7461,0,0.7803,0.3205,0.8746,0.7306,0.133,26.56,TIER_4_QUARANTINE_FRAUD,train
7462,0,0.6662,0.3091,0.8363,0.9293,0.1356,27.99,TIER_4_QUARANTINE_FRAUD,train
7463,0,0.0017,0.936,0.9303,0.8007,0.4552,73.33,TIER_2_STANDARD_TRUST,train
7464,0,0.7894,0.2231,0.8428,0.8284,0.1357,16.3,TIER_4_QUARANTINE_FRAUD,val
7465,0,0.0244,0.7852,0.8676,0.9453,0.1634,61.58,TIER_3_RESTRICTED_CAUTION,test
7466,0,0.173,0.6769,0.8598,0.894,0.0983,54.69,TIER_3_RESTRICTED_CAUTION,train
7467,1,0.9838,0.1022,0.8941,1.0,0.4935,7.9,TIER_4_QUARANTINE_FRAUD,test
7468,0,0.4355,0.5996,0.8919,0.8292,0.4978,65.06,TIER_2_STANDARD_TRUST,train
7469,1,0.9396,0.1232,0.7588,1.0,0.0363,6.97,TIER_4_QUARANTINE_FRAUD,train
7470,0,0.7682,0.2416,0.9105,0.7449,0.071,16.69,TIER_4_QUARANTINE_FRAUD,train
7471,0,0.0084,0.7976,0.95,0.8746,0.0929,58.55,TIER_3_RESTRICTED_CAUTION,train
7472,0,0.5166,0.4152,0.9047,0.8738,0.1824,44.78,TIER_4_QUARANTINE_FRAUD,train
7473,0,0.4286,0.4982,0.9045,0.5274,0.066,39.49,TIER_4_QUARANTINE_FRAUD,train
7474,1,0.9085,0.1225,0.8873,0.9119,0.1294,7.34,TIER_4_QUARANTINE_FRAUD,train
7475,0,0.0382,0.8933,0.9533,0.8392,0.4353,72.55,TIER_2_STANDARD_TRUST,val
7476,0,0.3021,0.7049,0.9071,0.897,0.4134,67.11,TIER_2_STANDARD_TRUST,train
7477,0,0.142,0.8095,0.9125,0.7741,0.4491,68.48,TIER_2_STANDARD_TRUST,train
7478,1,0.8944,0.1603,0.905,1.0,0.1151,11.21,TIER_4_QUARANTINE_FRAUD,test
7479,0,0.0003,0.9116,0.9057,0.8452,0.4882,74.62,TIER_2_STANDARD_TRUST,train
7480,0,0.4621,0.4919,0.8851,0.847,0.427,59.73,TIER_3_RESTRICTED_CAUTION,val
7481,0,0.3847,0.5176,0.9078,0.746,0.0317,44.36,TIER_4_QUARANTINE_FRAUD,train
7482,0,0.2695,0.6386,0.8572,0.8619,0.5275,67.74,TIER_2_STANDARD_TRUST,train
7483,0,0.0081,0.9322,0.9285,0.8661,0.4075,73.17,TIER_2_STANDARD_TRUST,train
7484,1,0.9459,0.1138,0.835,0.6944,0.1257,5.61,TIER_4_QUARANTINE_FRAUD,train
7485,0,0.4194,0.5167,0.9235,0.5364,0.0078,38.42,TIER_4_QUARANTINE_FRAUD,train
7486,1,0.9136,0.1541,0.8806,0.7679,0.4965,12.41,TIER_4_QUARANTINE_FRAUD,val
7487,0,0.2433,0.7472,0.8986,0.875,0.5,70.78,TIER_2_STANDARD_TRUST,train
7488,1,0.8933,0.1364,0.8124,0.7156,0.1086,7.18,TIER_4_QUARANTINE_FRAUD,test
7489,0,0.7014,0.2792,0.8996,0.7382,0.1264,21.64,TIER_4_QUARANTINE_FRAUD,train
7490,0,0.3821,0.5203,0.8309,0.9119,0.0464,48.34,TIER_3_RESTRICTED_CAUTION,test
7491,0,0.0293,0.789,0.9053,0.746,0.4776,68.09,TIER_2_STANDARD_TRUST,train
7492,0,0.6895,0.3891,0.8291,0.8241,0.1556,38.08,TIER_4_QUARANTINE_FRAUD,train
7493,0,0.012,0.8196,0.9123,0.9427,0.1007,60.8,TIER_3_RESTRICTED_CAUTION,train
7494,0,0.9032,0.1297,0.8376,0.867,0.0506,7.09,TIER_4_QUARANTINE_FRAUD,val
7495,1,0.954,0.1113,0.8361,0.6181,0.4343,6.89,TIER_4_QUARANTINE_FRAUD,test
7496,0,0.0208,0.7889,0.8795,0.8985,0.1448,59.99,TIER_3_RESTRICTED_CAUTION,train
7497,1,0.9877,0.0836,0.8673,0.61,0.1131,3.4,TIER_4_QUARANTINE_FRAUD,train
7498,0,0.0158,0.8938,0.8618,0.8207,0.1584,61.49,TIER_3_RESTRICTED_CAUTION,train
7499,0,0.0024,0.9383,0.8961,0.8005,0.0334,58.29,TIER_3_RESTRICTED_CAUTION,train
7500,0,0.0636,0.8739,0.9097,0.9323,0.0484,60.32,TIER_3_RESTRICTED_CAUTION,train
7501,1,0.8875,0.0942,0.8067,0.7098,0.0284,3.88,TIER_4_QUARANTINE_FRAUD,val
7502,0,0.007,0.9032,0.9584,0.9118,0.2731,69.03,TIER_2_STANDARD_TRUST,train
7503,1,0.6542,0.3181,0.8424,0.746,0.1183,25.96,TIER_4_QUARANTINE_FRAUD,train
7504,1,0.8982,0.1402,0.9067,0.6971,0.0346,7.0,TIER_4_QUARANTINE_FRAUD,val
7505,0,0.7904,0.2278,0.9209,0.52,0.1042,13.49,TIER_4_QUARANTINE_FRAUD,val
7506,0,0.0295,0.8072,0.8965,0.9353,0.4395,71.95,TIER_2_STANDARD_TRUST,test
7507,0,0.6775,0.3227,0.9124,0.7139,0.0744,25.48,TIER_4_QUARANTINE_FRAUD,train
7508,0,0.2861,0.6112,0.8059,0.9536,0.4659,66.54,TIER_2_STANDARD_TRUST,train
7509,1,0.8643,0.1764,0.8603,0.6502,0.0555,9.5,TIER_4_QUARANTINE_FRAUD,train
7510,0,0.1321,0.7272,0.9087,0.7607,0.1,53.42,TIER_3_RESTRICTED_CAUTION,train
7511,0,0.5168,0.4187,0.874,0.7625,0.0888,39.59,TIER_4_QUARANTINE_FRAUD,train
7512,0,0.8933,0.1464,0.8641,0.77,0.4561,11.21,TIER_4_QUARANTINE_FRAUD,train
7513,1,0.8966,0.1576,0.8737,0.8092,0.4566,12.7,TIER_4_QUARANTINE_FRAUD,train
7514,0,0.822,0.186,0.8611,1.0,0.1698,14.31,TIER_4_QUARANTINE_FRAUD,train
7515,0,0.8996,0.128,0.7307,0.3094,0.0324,3.9,TIER_4_QUARANTINE_FRAUD,test
7516,0,0.0133,0.7915,0.9146,0.8999,0.1194,59.57,TIER_3_RESTRICTED_CAUTION,train
7517,1,0.8962,0.1345,0.7885,0.7475,0.1326,7.33,TIER_4_QUARANTINE_FRAUD,train
7518,0,0.2321,0.6307,0.8495,0.985,0.1525,57.38,TIER_3_RESTRICTED_CAUTION,test
7519,0,0.3078,0.5951,0.8546,0.8458,0.4456,63.14,TIER_3_RESTRICTED_CAUTION,train
7520,0,0.3372,0.5707,0.8903,0.8212,0.1478,51.73,TIER_3_RESTRICTED_CAUTION,train
7521,0,0.6128,0.3467,0.8681,0.7864,0.1072,30.28,TIER_4_QUARANTINE_FRAUD,train
7522,0,0.5868,0.3643,0.8665,0.8839,0.1391,35.39,TIER_4_QUARANTINE_FRAUD,train
7523,0,0.0017,0.8031,0.8708,0.9302,0.0231,56.87,TIER_3_RESTRICTED_CAUTION,test
7524,0,0.0075,0.9366,0.9132,0.9408,0.0094,61.08,TIER_3_RESTRICTED_CAUTION,test
7525,0,0.0558,0.8945,0.9252,0.7517,0.4464,70.5,TIER_2_STANDARD_TRUST,train
7526,0,0.0759,0.7465,0.8833,0.8265,0.1257,56.29,TIER_3_RESTRICTED_CAUTION,test
7527,0,0.4935,0.4347,0.8855,0.995,0.1594,50.04,TIER_3_RESTRICTED_CAUTION,train
7528,1,0.9089,0.0811,0.7024,0.8267,0.1229,3.71,TIER_4_QUARANTINE_FRAUD,train
7529,0,0.001,0.9313,0.8774,0.8893,0.4077,73.22,TIER_2_STANDARD_TRUST,val
7530,0,0.0514,0.7904,0.921,0.6383,0.4108,63.26,TIER_3_RESTRICTED_CAUTION,train
7531,0,0.0079,0.7957,0.8321,0.8822,0.1411,59.18,TIER_3_RESTRICTED_CAUTION,train
7532,0,0.7788,0.2228,0.8133,0.7865,0.1533,15.98,TIER_4_QUARANTINE_FRAUD,test
7533,0,0.0031,0.9788,0.9316,0.9269,0.4331,77.01,TIER_2_STANDARD_TRUST,train
7534,0,0.0077,0.8982,0.9165,0.8458,0.0897,60.39,TIER_3_RESTRICTED_CAUTION,train
7535,1,0.8825,0.1492,0.8368,0.6372,0.109,7.76,TIER_4_QUARANTINE_FRAUD,val
7536,0,0.1008,0.7649,0.849,0.8406,0.1308,57.03,TIER_3_RESTRICTED_CAUTION,train
7537,1,0.4348,0.4811,0.8256,0.8178,0.1348,47.85,TIER_3_RESTRICTED_CAUTION,train
7538,0,0.002,0.9344,0.9357,0.8402,0.4276,73.36,TIER_2_STANDARD_TRUST,train
7539,0,0.0035,0.8133,0.9315,0.8361,0.4243,69.47,TIER_2_STANDARD_TRUST,test
7540,0,0.0826,0.7658,0.9081,0.8286,0.5025,70.36,TIER_2_STANDARD_TRUST,test
7541,0,0.8515,0.1897,0.8203,0.8927,0.1799,13.83,TIER_4_QUARANTINE_FRAUD,test
7542,0,0.4266,0.4855,0.8869,0.8952,0.2218,53.58,TIER_3_RESTRICTED_CAUTION,train
7543,0,0.2752,0.5712,0.8684,0.8528,0.1106,51.01,TIER_3_RESTRICTED_CAUTION,train
7544,1,0.7392,0.2516,0.7092,0.8503,0.1244,18.9,TIER_4_QUARANTINE_FRAUD,train
7545,0,0.7501,0.2436,0.898,0.9634,0.1686,20.84,TIER_4_QUARANTINE_FRAUD,test
7546,0,0.0008,0.9338,0.8803,0.8591,0.4317,73.41,TIER_2_STANDARD_TRUST,val
7547,0,0.7154,0.2732,0.9052,0.8258,0.1392,22.35,TIER_4_QUARANTINE_FRAUD,train
7548,0,0.0026,0.9162,0.9275,0.9435,0.0108,60.73,TIER_3_RESTRICTED_CAUTION,train
7549,0,0.4898,0.4374,0.8552,0.8406,0.186,47.42,TIER_3_RESTRICTED_CAUTION,train
7550,0,0.05,0.8988,0.8657,0.9119,0.4724,74.95,TIER_2_STANDARD_TRUST,test
7551,0,0.006,0.8035,0.924,0.675,0.023,51.03,TIER_3_RESTRICTED_CAUTION,val
7552,0,0.3824,0.4696,0.8612,0.8266,0.0952,46.7,TIER_3_RESTRICTED_CAUTION,test
7553,0,0.2089,0.6508,0.8631,0.94,0.0728,54.2,TIER_3_RESTRICTED_CAUTION,train
7554,1,0.9359,0.0633,0.8648,0.8612,0.0288,2.59,TIER_4_QUARANTINE_FRAUD,train
7555,0,0.1455,0.8121,0.9223,0.814,0.5203,72.15,TIER_2_STANDARD_TRUST,train
7556,1,0.8634,0.1886,0.8484,0.903,0.4535,16.98,TIER_4_QUARANTINE_FRAUD,train
7557,0,0.2262,0.6617,0.9404,0.962,0.4241,68.15,TIER_2_STANDARD_TRUST,test
7558,0,0.003,0.9121,0.9135,0.8259,0.4524,72.98,TIER_2_STANDARD_TRUST,train
7559,0,0.0068,0.984,0.938,0.7792,0.4347,73.59,TIER_2_STANDARD_TRUST,test
7560,0,0.1363,0.7118,0.8982,0.9196,0.1231,57.63,TIER_3_RESTRICTED_CAUTION,train
7561,0,0.4487,0.491,0.8713,0.7302,0.1017,45.26,TIER_3_RESTRICTED_CAUTION,train
7562,0,0.8616,0.1591,0.8313,0.811,0.147,9.97,TIER_4_QUARANTINE_FRAUD,train
7563,0,0.0051,0.9902,0.9428,0.8582,0.4274,75.55,TIER_2_STANDARD_TRUST,val
7564,0,0.0971,0.8663,0.9271,0.8,0.4674,71.62,TIER_2_STANDARD_TRUST,train
7565,0,0.3664,0.6381,0.9068,0.82,0.4874,65.77,TIER_2_STANDARD_TRUST,train
7566,0,0.7967,0.2217,0.891,0.8798,0.1089,16.48,TIER_4_QUARANTINE_FRAUD,train
7567,0,0.0396,0.7985,0.9413,0.8112,0.0509,55.43,TIER_3_RESTRICTED_CAUTION,train
7568,0,0.0972,0.7336,0.9019,0.8663,0.0924,55.92,TIER_3_RESTRICTED_CAUTION,train
7569,0,0.0523,0.7845,0.8987,0.78,0.4616,68.18,TIER_2_STANDARD_TRUST,train
7570,1,0.7356,0.2546,0.8059,0.5964,0.1157,16.53,TIER_4_QUARANTINE_FRAUD,train
7571,0,0.2606,0.7152,0.9114,0.8438,0.1914,58.36,TIER_3_RESTRICTED_CAUTION,train
7572,0,0.0089,0.9292,0.9294,0.7711,0.1213,60.69,TIER_3_RESTRICTED_CAUTION,train
7573,0,0.0346,0.9141,0.932,0.7634,0.4828,72.73,TIER_2_STANDARD_TRUST,test
7574,0,0.0157,0.8056,0.9557,0.8404,0.1662,60.55,TIER_3_RESTRICTED_CAUTION,train
7575,0,0.0473,0.7694,0.8836,0.8685,0.1424,58.61,TIER_3_RESTRICTED_CAUTION,test
7576,0,0.34,0.5742,0.847,0.86,0.4518,63.01,TIER_3_RESTRICTED_CAUTION,train
7577,1,0.8869,0.143,0.8837,0.3632,0.0328,5.26,TIER_4_QUARANTINE_FRAUD,train
7578,0,0.4842,0.4435,0.8688,0.845,0.0975,45.65,TIER_3_RESTRICTED_CAUTION,train
7579,1,0.8501,0.1778,0.8374,0.8486,0.0536,11.01,TIER_4_QUARANTINE_FRAUD,train
7580,0,0.4206,0.4902,0.9008,0.8386,0.1801,50.98,TIER_3_RESTRICTED_CAUTION,test
7581,1,0.9484,0.1216,0.8993,0.621,0.435,7.92,TIER_4_QUARANTINE_FRAUD,test
7582,0,0.01,0.7995,0.8685,0.8605,0.1344,58.89,TIER_3_RESTRICTED_CAUTION,val
7583,0,0.0134,0.7944,0.9023,0.8958,0.1128,59.2,TIER_3_RESTRICTED_CAUTION,train
7584,0,0.6664,0.4423,0.8705,0.9214,0.5122,61.54,TIER_3_RESTRICTED_CAUTION,train
7585,0,0.5573,0.3864,0.8947,0.9446,0.1688,41.06,TIER_4_QUARANTINE_FRAUD,train
7586,0,0.0015,0.9539,0.9334,0.9432,0.1195,65.71,TIER_2_STANDARD_TRUST,train
7587,0,0.0028,0.9361,0.9196,0.9008,0.1262,64.21,TIER_3_RESTRICTED_CAUTION,test
7588,0,0.4864,0.4564,0.9253,0.7035,0.4402,55.94,TIER_3_RESTRICTED_CAUTION,train
7589,0,0.8748,0.1491,0.8622,0.7511,0.0309,7.84,TIER_4_QUARANTINE_FRAUD,test
7590,1,0.8229,0.1941,0.8505,0.7091,0.1101,12.04,TIER_4_QUARANTINE_FRAUD,test
7591,0,0.7918,0.2114,0.85,0.8605,0.1275,15.29,TIER_4_QUARANTINE_FRAUD,train
7592,0,0.0612,0.7589,0.8727,0.84,0.137,57.29,TIER_3_RESTRICTED_CAUTION,test
7593,0,0.0022,0.9885,0.9118,0.8579,0.4251,75.1,TIER_2_STANDARD_TRUST,test
7594,0,0.6327,0.3579,0.8364,0.8474,0.4649,42.0,TIER_4_QUARANTINE_FRAUD,train
7595,0,0.0033,0.9283,0.9272,0.8839,0.43,74.27,TIER_2_STANDARD_TRUST,train
7596,1,0.9846,0.0901,0.8717,1.0,0.5101,6.7,TIER_4_QUARANTINE_FRAUD,train
7597,0,0.6936,0.2868,0.8731,0.8946,0.0191,22.47,TIER_4_QUARANTINE_FRAUD,train
7598,1,0.9674,0.0335,0.823,0.7568,0.0552,1.03,TIER_4_QUARANTINE_FRAUD,val
7599,0,0.1767,0.7004,0.9059,0.7039,0.1506,52.94,TIER_3_RESTRICTED_CAUTION,train
7600,0,0.0048,0.7989,0.9162,0.9478,0.0998,60.32,TIER_3_RESTRICTED_CAUTION,val
7601,1,0.7439,0.2476,0.8503,0.6971,0.1104,17.12,TIER_4_QUARANTINE_FRAUD,test
7602,0,0.0215,0.7882,0.9015,0.9089,0.1038,59.02,TIER_3_RESTRICTED_CAUTION,train
7603,1,0.9549,0.1,0.8929,1.0,0.55,7.95,TIER_4_QUARANTINE_FRAUD,train
7604,0,0.1122,0.8566,0.9102,0.6431,0.4163,65.45,TIER_2_STANDARD_TRUST,train
7605,1,0.3343,0.5812,0.8437,0.829,0.1121,50.52,TIER_3_RESTRICTED_CAUTION,train
7606,0,0.4281,0.4903,0.8583,0.7391,0.0869,44.81,TIER_4_QUARANTINE_FRAUD,test
7607,1,0.9461,0.097,0.8167,0.678,0.126,4.41,TIER_4_QUARANTINE_FRAUD,train
7608,0,0.6784,0.2446,0.8177,0.8928,0.1703,19.83,TIER_4_QUARANTINE_FRAUD,train
7609,0,0.0007,0.9069,0.9108,0.9227,0.1344,64.09,TIER_3_RESTRICTED_CAUTION,test
7610,0,0.8753,0.1602,0.8747,0.8256,0.4697,13.22,TIER_4_QUARANTINE_FRAUD,val
7611,0,0.242,0.6374,0.898,0.6717,0.0196,45.58,TIER_3_RESTRICTED_CAUTION,val
7612,1,0.7227,0.263,0.8633,0.6738,0.0831,18.04,TIER_4_QUARANTINE_FRAUD,train
7613,0,0.0071,0.9356,0.9292,0.9061,0.3997,74.0,TIER_2_STANDARD_TRUST,train
7614,0,0.5583,0.4051,0.8722,0.9092,0.196,44.02,TIER_4_QUARANTINE_FRAUD,train
7615,0,0.6404,0.3383,0.864,0.9006,0.1142,31.27,TIER_4_QUARANTINE_FRAUD,val
7616,0,0.1853,0.7892,0.9245,0.6621,0.4631,65.68,TIER_2_STANDARD_TRUST,train
7617,1,0.8962,0.1404,0.8552,0.8203,0.1327,8.35,TIER_4_QUARANTINE_FRAUD,val
7618,0,0.0955,0.859,0.9212,0.8713,0.4956,74.11,TIER_2_STANDARD_TRUST,test
7619,0,0.0034,0.8378,0.9264,0.923,0.429,72.49,TIER_2_STANDARD_TRUST,val
7620,0,0.2198,0.6422,0.9319,0.84,0.2223,57.37,TIER_3_RESTRICTED_CAUTION,train
7621,0,0.4222,0.4952,0.7686,0.8083,0.0227,43.54,TIER_4_QUARANTINE_FRAUD,test
7622,0,0.0137,0.7959,0.9297,0.805,0.0947,56.61,TIER_3_RESTRICTED_CAUTION,train
7623,0,0.0085,0.8159,0.9399,0.9088,0.1212,60.84,TIER_3_RESTRICTED_CAUTION,val
7624,0,0.8915,0.1685,0.8601,0.715,0.1057,9.83,TIER_4_QUARANTINE_FRAUD,train
7625,0,0.1867,0.6651,0.9259,0.7148,0.0232,47.9,TIER_3_RESTRICTED_CAUTION,train
7626,0,0.015,0.7949,0.918,0.8271,0.0945,57.01,TIER_3_RESTRICTED_CAUTION,train
7627,0,0.2231,0.6691,0.8716,0.9025,0.1551,56.78,TIER_3_RESTRICTED_CAUTION,test
7628,1,0.9139,0.1023,0.888,0.8041,0.1185,5.28,TIER_4_QUARANTINE_FRAUD,train
7629,0,0.0019,0.8061,0.9307,0.8992,0.1636,61.7,TIER_3_RESTRICTED_CAUTION,train
7630,0,0.0465,0.8955,0.8867,0.7721,0.1065,58.76,TIER_3_RESTRICTED_CAUTION,train
7631,0,0.706,0.2736,0.8369,0.4678,0.0398,15.53,TIER_4_QUARANTINE_FRAUD,train
7632,1,0.9629,0.0917,0.8734,1.0,0.1379,5.22,TIER_4_QUARANTINE_FRAUD,val
7633,0,0.0224,0.7938,0.9233,0.9296,0.1061,60.0,TIER_3_RESTRICTED_CAUTION,test
7634,0,0.2736,0.5978,0.7953,0.7565,0.1314,49.4,TIER_3_RESTRICTED_CAUTION,train
7635,0,0.012,0.8945,0.9201,0.9327,0.0934,62.62,TIER_3_RESTRICTED_CAUTION,train
7636,0,0.3118,0.7054,0.9051,0.7021,0.4857,64.76,TIER_3_RESTRICTED_CAUTION,train
7637,0,0.8379,0.1302,0.8824,0.7687,0.0332,6.6,TIER_4_QUARANTINE_FRAUD,test
7638,1,0.957,0.0865,0.7895,0.585,0.1281,3.47,TIER_4_QUARANTINE_FRAUD,train
7639,1,0.9386,0.1035,0.8753,1.0,0.0676,5.8,TIER_4_QUARANTINE_FRAUD,test
7640,0,0.5144,0.5246,0.9186,0.6973,0.095,45.68,TIER_3_RESTRICTED_CAUTION,train
7641,1,0.9143,0.1419,0.8379,0.7897,0.0978,7.99,TIER_4_QUARANTINE_FRAUD,train
7642,1,0.9326,0.1087,0.8582,0.74,0.1177,5.43,TIER_4_QUARANTINE_FRAUD,train
7643,0,0.0817,0.8575,0.8872,0.7841,0.5096,72.03,TIER_2_STANDARD_TRUST,train
7644,0,0.2068,0.6471,0.9069,0.9798,0.6676,76.34,TIER_2_STANDARD_TRUST,train
7645,0,0.9138,0.1178,0.4387,0.1897,0.0308,2.41,TIER_4_QUARANTINE_FRAUD,train
7646,1,0.7627,0.2019,0.7942,0.7263,0.1259,12.9,TIER_4_QUARANTINE_FRAUD,train
7647,0,0.7242,0.3854,0.8693,0.859,0.4243,46.25,TIER_3_RESTRICTED_CAUTION,train
7648,1,0.8527,0.127,0.7498,0.9242,0.1242,7.48,TIER_4_QUARANTINE_FRAUD,train
7649,1,0.9512,0.1207,0.9003,1.0,0.957,12.86,TIER_4_QUARANTINE_FRAUD,test
7650,1,0.3108,0.6003,0.862,0.7791,0.1141,50.1,TIER_3_RESTRICTED_CAUTION,test
7651,1,0.9266,0.1197,0.8522,0.7383,0.1053,6.13,TIER_4_QUARANTINE_FRAUD,train
7652,0,0.0054,0.9361,0.9384,0.8592,0.4762,75.61,TIER_2_STANDARD_TRUST,val
7653,0,0.0036,0.9067,0.923,0.9369,0.4402,75.26,TIER_2_STANDARD_TRUST,test
7654,0,0.2351,0.632,0.8793,0.8399,0.1182,52.89,TIER_3_RESTRICTED_CAUTION,train
7655,1,0.9554,0.0471,0.8158,0.6428,0.0234,1.41,TIER_4_QUARANTINE_FRAUD,test
7656,1,0.9839,0.09,0.8951,0.7103,0.4301,5.49,TIER_4_QUARANTINE_FRAUD,train
7657,0,0.0784,0.8814,0.8961,0.8548,0.4412,72.22,TIER_2_STANDARD_TRUST,train
7658,1,0.9375,0.1031,0.8207,0.7336,0.1004,4.89,TIER_4_QUARANTINE_FRAUD,test
7659,0,0.9408,0.1028,0.6008,0.8537,0.1548,5.26,TIER_4_QUARANTINE_FRAUD,train
7660,1,0.9297,0.143,0.8386,0.7551,0.0476,7.48,TIER_4_QUARANTINE_FRAUD,train
7661,0,0.8183,0.219,0.9048,0.6543,0.0329,12.99,TIER_4_QUARANTINE_FRAUD,val
7662,0,0.9182,0.1328,0.7995,0.9657,0.133,8.34,TIER_4_QUARANTINE_FRAUD,test
7663,0,0.2332,0.7504,0.9061,0.9345,0.455,70.86,TIER_2_STANDARD_TRUST,train
7664,0,0.0049,0.8223,0.9273,0.9705,0.1132,62.17,TIER_3_RESTRICTED_CAUTION,test
7665,0,0.0869,0.8557,0.9288,0.78,0.105,58.13,TIER_3_RESTRICTED_CAUTION,test
7666,1,0.7964,0.2163,0.829,0.9303,0.1449,16.63,TIER_4_QUARANTINE_FRAUD,train
7667,1,0.3379,0.5512,0.8955,0.9399,0.1287,53.49,TIER_3_RESTRICTED_CAUTION,train
7668,0,0.0593,0.7634,0.9247,0.8428,0.0323,54.35,TIER_3_RESTRICTED_CAUTION,train
7669,0,0.2511,0.7251,0.8624,0.6992,0.4973,65.26,TIER_2_STANDARD_TRUST,train
7670,0,0.0969,0.7523,0.8894,0.7133,0.0657,51.6,TIER_3_RESTRICTED_CAUTION,test
7671,0,0.7002,0.3101,0.9085,0.6383,0.0307,21.83,TIER_4_QUARANTINE_FRAUD,train
7672,1,0.9426,0.099,0.8086,0.7628,0.1027,4.71,TIER_4_QUARANTINE_FRAUD,test
7673,0,0.0179,0.9052,0.89,0.895,0.117,62.53,TIER_3_RESTRICTED_CAUTION,train
7674,0,0.1965,0.7349,0.8973,0.7028,0.4361,63.85,TIER_3_RESTRICTED_CAUTION,test
7675,1,0.9509,0.093,0.8964,1.0,0.55,7.21,TIER_4_QUARANTINE_FRAUD,train
7676,0,0.0582,0.7938,0.9156,0.8486,0.045,55.76,TIER_3_RESTRICTED_CAUTION,train
7677,0,0.0769,0.8559,0.8988,0.8691,0.4791,73.16,TIER_2_STANDARD_TRUST,train
7678,0,0.7853,0.2466,0.8658,0.9761,0.1337,20.65,TIER_4_QUARANTINE_FRAUD,train
7679,0,0.5672,0.383,0.8516,0.9671,0.1495,40.08,TIER_4_QUARANTINE_FRAUD,train
7680,0,0.1256,0.7078,0.9259,1.0,0.1185,59.64,TIER_3_RESTRICTED_CAUTION,val
7681,1,0.9428,0.0967,0.892,1.0,0.1517,5.71,TIER_4_QUARANTINE_FRAUD,train
7682,0,0.0927,0.8578,0.9083,0.8393,0.4556,71.75,TIER_2_STANDARD_TRUST,train
7683,0,0.0562,0.7867,0.9086,0.9124,0.1027,59.09,TIER_3_RESTRICTED_CAUTION,train
7684,0,0.0184,0.965,0.9464,0.8975,0.0945,64.16,TIER_3_RESTRICTED_CAUTION,train
7685,0,0.0092,0.813,0.9514,0.9056,0.1483,61.74,TIER_3_RESTRICTED_CAUTION,train
7686,1,0.9605,0.0454,0.6839,0.6539,0.122,1.46,TIER_4_QUARANTINE_FRAUD,train
7687,1,0.8967,0.1305,0.8072,0.8006,0.1249,7.28,TIER_4_QUARANTINE_FRAUD,train
7688,0,0.2564,0.6487,0.9242,0.7581,0.4483,63.35,TIER_3_RESTRICTED_CAUTION,train
7689,0,0.0107,0.7981,0.8608,0.8303,0.1266,57.74,TIER_3_RESTRICTED_CAUTION,test
7690,0,0.7416,0.348,0.8967,0.7302,0.0535,28.3,TIER_4_QUARANTINE_FRAUD,val
7691,0,0.4976,0.4388,0.7783,0.9584,0.1576,48.79,TIER_3_RESTRICTED_CAUTION,train
7692,0,0.0048,0.9367,0.9327,0.8214,0.43,73.01,TIER_2_STANDARD_TRUST,train
7693,0,0.8906,0.1551,0.8706,0.8615,0.4497,12.68,TIER_4_QUARANTINE_FRAUD,test
7694,1,0.8767,0.1458,0.814,0.2759,0.0413,4.82,TIER_4_QUARANTINE_FRAUD,test
7695,1,0.8566,0.1186,0.8578,0.6743,0.0822,5.63,TIER_4_QUARANTINE_FRAUD,test
7696,0,0.8795,0.1436,0.7468,0.2943,0.0197,4.49,TIER_4_QUARANTINE_FRAUD,train
7697,1,0.8758,0.1606,0.8472,0.7041,0.1229,9.22,TIER_4_QUARANTINE_FRAUD,train
7698,0,0.2028,0.6015,0.8665,0.8524,0.1251,52.4,TIER_3_RESTRICTED_CAUTION,train
7699,0,0.0244,0.7846,0.9,0.8701,0.0562,56.26,TIER_3_RESTRICTED_CAUTION,train
7700,0,0.0021,0.9824,0.9527,0.9393,0.1366,67.26,TIER_2_STANDARD_TRUST,test
7701,0,0.0081,0.8002,0.8709,0.8058,0.1008,56.39,TIER_3_RESTRICTED_CAUTION,test
7702,0,0.0726,0.7511,0.8734,0.8482,0.0943,55.77,TIER_3_RESTRICTED_CAUTION,train
7703,0,0.3598,0.5528,0.8618,0.7568,0.0365,45.4,TIER_3_RESTRICTED_CAUTION,train
7704,1,0.9384,0.1026,0.8486,0.8825,0.1148,5.51,TIER_4_QUARANTINE_FRAUD,test
7705,0,0.9291,0.1083,0.8311,0.7626,0.1285,5.52,TIER_4_QUARANTINE_FRAUD,train
7706,1,0.6957,0.2871,0.8471,0.2775,0.0211,13.8,TIER_4_QUARANTINE_FRAUD,test
7707,0,0.2654,0.6389,0.9071,0.6525,0.0439,46.09,TIER_3_RESTRICTED_CAUTION,train
7708,1,0.8649,0.1564,0.86,0.5857,0.0523,7.53,TIER_4_QUARANTINE_FRAUD,train
7709,0,0.0224,0.7878,0.9249,0.8643,0.1139,58.48,TIER_3_RESTRICTED_CAUTION,train
7710,1,0.8231,0.186,0.7115,0.2346,0.0398,6.33,TIER_4_QUARANTINE_FRAUD,train
7711,0,0.2872,0.7172,0.9144,0.8049,0.4882,67.87,TIER_2_STANDARD_TRUST,val
7712,0,0.196,0.6623,0.7997,0.8215,0.1193,52.58,TIER_3_RESTRICTED_CAUTION,train
7713,0,0.0087,0.8215,0.9346,0.87,0.4272,70.69,TIER_2_STANDARD_TRUST,train
7714,0,0.1017,0.7299,0.8758,0.729,0.0949,52.2,TIER_3_RESTRICTED_CAUTION,train
7715,0,0.0052,0.7986,0.8643,0.88,0.1199,58.8,TIER_3_RESTRICTED_CAUTION,train
7716,0,0.0964,0.8525,0.8786,0.8246,0.1749,61.1,TIER_3_RESTRICTED_CAUTION,val
7717,0,0.6039,0.4663,0.8733,0.6821,0.4417,55.23,TIER_3_RESTRICTED_CAUTION,test
7718,0,0.0179,0.801,0.867,0.8683,0.1235,58.73,TIER_3_RESTRICTED_CAUTION,train
7719,1,0.9661,0.0995,0.8776,1.0,0.1338,5.83,TIER_4_QUARANTINE_FRAUD,train
7720,0,0.7898,0.2133,0.8945,0.8805,0.1735,16.45,TIER_4_QUARANTINE_FRAUD,train
7721,0,0.3074,0.5242,0.8309,0.995,0.1722,54.94,TIER_3_RESTRICTED_CAUTION,train
7722,0,0.8432,0.2014,0.9218,0.7592,0.0926,13.18,TIER_4_QUARANTINE_FRAUD,train
7723,0,0.0266,0.9475,0.9474,0.8976,0.1271,64.79,TIER_3_RESTRICTED_CAUTION,train
7724,0,0.0009,0.9349,0.9121,0.828,0.4575,73.88,TIER_2_STANDARD_TRUST,train
7725,1,0.6096,0.3472,0.8228,0.9033,0.1653,33.55,TIER_4_QUARANTINE_FRAUD,val
7726,1,0.8928,0.17,0.8831,1.0,0.1191,12.16,TIER_4_QUARANTINE_FRAUD,test
7727,1,0.9599,0.0863,0.891,0.5114,0.0675,3.12,TIER_4_QUARANTINE_FRAUD,test
7728,0,0.0119,0.8987,0.8958,0.849,0.1175,61.26,TIER_3_RESTRICTED_CAUTION,train
7729,1,0.8156,0.2125,0.8306,0.6559,0.0576,12.48,TIER_4_QUARANTINE_FRAUD,test
7730,0,0.877,0.1551,0.8792,0.8542,0.1658,10.17,TIER_4_QUARANTINE_FRAUD,train
7731,0,0.005,0.8294,0.8761,0.4778,0.1284,50.08,TIER_3_RESTRICTED_CAUTION,train
7732,0,0.8789,0.1454,0.8752,0.635,0.0441,7.03,TIER_4_QUARANTINE_FRAUD,test
7733,0,0.2994,0.6088,0.9263,0.8211,0.465,64.33,TIER_3_RESTRICTED_CAUTION,train
7734,1,0.9541,0.1028,0.828,0.635,0.1237,4.63,TIER_4_QUARANTINE_FRAUD,train
7735,0,0.679,0.3022,0.9197,0.9813,0.1789,29.24,TIER_4_QUARANTINE_FRAUD,train
7736,1,0.9493,0.102,0.9021,1.0,0.1053,5.92,TIER_4_QUARANTINE_FRAUD,test
7737,0,0.9451,0.1247,0.8529,0.9451,0.4671,9.85,TIER_4_QUARANTINE_FRAUD,train
7738,0,0.9028,0.1301,0.8593,0.2906,0.0253,4.12,TIER_4_QUARANTINE_FRAUD,train
7739,0,0.0347,0.803,0.8684,0.98,0.6616,80.43,TIER_1_VERIFIED_SAFE,train
7740,0,0.1268,0.8068,0.894,0.8724,0.1258,59.36,TIER_3_RESTRICTED_CAUTION,train
7741,0,0.9094,0.1223,0.849,0.292,0.1151,4.32,TIER_4_QUARANTINE_FRAUD,train
7742,0,0.0669,0.7547,0.9313,0.8591,0.1334,58.1,TIER_3_RESTRICTED_CAUTION,test
7743,0,0.7078,0.2901,0.9092,0.7765,0.088,22.77,TIER_4_QUARANTINE_FRAUD,train
7744,1,0.8376,0.1935,0.8834,0.8212,0.0909,12.8,TIER_4_QUARANTINE_FRAUD,train
7745,1,0.5438,0.3933,0.8526,0.8723,0.1113,38.63,TIER_4_QUARANTINE_FRAUD,test
7746,0,0.7754,0.2239,0.9011,0.7348,0.1166,15.41,TIER_4_QUARANTINE_FRAUD,train
7747,0,0.9501,0.0512,0.8673,0.8811,0.0405,1.99,TIER_4_QUARANTINE_FRAUD,train
7748,0,0.1109,0.726,0.9157,0.8566,0.1385,57.2,TIER_3_RESTRICTED_CAUTION,train
7749,0,0.8095,0.221,0.8534,0.9526,0.4404,21.59,TIER_4_QUARANTINE_FRAUD,train
7750,0,0.0193,0.915,0.9082,0.9388,0.4097,74.34,TIER_2_STANDARD_TRUST,train
7751,0,0.0034,0.8021,0.883,0.8715,0.1346,59.39,TIER_3_RESTRICTED_CAUTION,train
7752,0,0.1533,0.691,0.8719,0.8015,0.0975,52.9,TIER_3_RESTRICTED_CAUTION,train
7753,1,0.9699,0.0778,0.8113,0.7591,0.0271,3.1,TIER_4_QUARANTINE_FRAUD,train
7754,0,0.0402,0.8012,0.8996,0.9077,0.4322,70.85,TIER_2_STANDARD_TRUST,train
7755,1,0.2364,0.6432,0.886,0.59,0.0389,44.27,TIER_4_QUARANTINE_FRAUD,train
7756,1,0.7453,0.2826,0.8611,0.8255,0.4656,29.5,TIER_4_QUARANTINE_FRAUD,train
7757,0,0.9472,0.1138,0.8809,0.8606,0.0726,6.08,TIER_4_QUARANTINE_FRAUD,test
7758,0,0.0162,0.9024,0.9241,0.7139,0.1997,61.15,TIER_3_RESTRICTED_CAUTION,train
7759,0,0.8483,0.1379,0.8664,0.582,0.4391,9.18,TIER_4_QUARANTINE_FRAUD,train
7760,0,0.7858,0.2499,0.9048,0.7371,0.45,23.62,TIER_4_QUARANTINE_FRAUD,train
7761,0,0.9041,0.0806,0.8008,0.9711,0.1367,4.22,TIER_4_QUARANTINE_FRAUD,train
7762,0,0.2176,0.6598,0.8478,0.7662,0.1177,51.55,TIER_3_RESTRICTED_CAUTION,val
7763,0,0.3793,0.4942,0.8991,0.665,0.0368,41.73,TIER_4_QUARANTINE_FRAUD,val
7764,0,0.0004,0.9383,0.9306,0.8647,0.0071,59.32,TIER_3_RESTRICTED_CAUTION,train
7765,0,0.0309,0.789,0.912,0.9084,0.1012,59.04,TIER_3_RESTRICTED_CAUTION,train
7766,0,0.0086,0.9043,0.9326,0.8822,0.4575,74.52,TIER_2_STANDARD_TRUST,train
7767,0,0.0028,0.8042,0.9152,0.9293,0.0549,58.43,TIER_3_RESTRICTED_CAUTION,test
7768,0,0.429,0.6243,0.9316,0.8362,0.431,64.04,TIER_3_RESTRICTED_CAUTION,train
7769,0,0.0765,0.8844,0.8987,0.77,0.5045,72.43,TIER_2_STANDARD_TRUST,train
7770,0,0.0107,0.8961,0.9512,0.9064,0.1336,63.73,TIER_3_RESTRICTED_CAUTION,train
7771,1,0.8268,0.21,0.8995,0.7117,0.4185,17.72,TIER_4_QUARANTINE_FRAUD,train
7772,1,0.8964,0.263,0.896,0.9292,0.067,21.1,TIER_4_QUARANTINE_FRAUD,test
7773,0,0.5057,0.4459,0.8478,0.8192,0.1107,45.67,TIER_3_RESTRICTED_CAUTION,test
7774,1,0.9548,0.1098,0.8703,1.0,0.1099,6.53,TIER_4_QUARANTINE_FRAUD,test
7775,1,0.8384,0.1772,0.8191,0.7897,0.1133,11.08,TIER_4_QUARANTINE_FRAUD,train
7776,0,0.0092,0.8015,0.9169,0.7955,0.0115,53.5,TIER_3_RESTRICTED_CAUTION,train
7777,0,0.8694,0.1964,0.885,0.9698,0.4202,18.28,TIER_4_QUARANTINE_FRAUD,train
7778,0,0.748,0.3422,0.8981,0.9171,0.1149,32.36,TIER_4_QUARANTINE_FRAUD,train
7779,0,0.0058,0.8041,0.9164,0.9042,0.1307,60.46,TIER_3_RESTRICTED_CAUTION,test
7780,0,0.966,0.1052,0.9067,0.6917,0.0227,4.58,TIER_4_QUARANTINE_FRAUD,train
7781,0,0.8806,0.2555,0.8594,0.6431,0.4578,23.17,TIER_4_QUARANTINE_FRAUD,train
7782,1,0.9599,0.0959,0.8803,1.0,0.1286,5.52,TIER_4_QUARANTINE_FRAUD,train
7783,1,0.9706,0.209,0.897,1.0,0.0795,15.88,TIER_4_QUARANTINE_FRAUD,train
7784,0,0.6657,0.3323,0.8142,0.6464,0.0242,23.68,TIER_4_QUARANTINE_FRAUD,test
7785,0,0.0371,0.7795,0.8116,0.7041,0.1133,53.07,TIER_3_RESTRICTED_CAUTION,test
7786,0,0.0154,0.9096,0.9146,0.7309,0.4637,70.94,TIER_2_STANDARD_TRUST,train
7787,0,0.4093,0.5998,0.8725,0.8226,0.0947,50.6,TIER_3_RESTRICTED_CAUTION,train
7788,0,0.818,0.226,0.9206,0.6795,0.0738,14.53,TIER_4_QUARANTINE_FRAUD,train
7789,0,0.7828,0.2199,0.9114,0.5937,0.0229,12.36,TIER_4_QUARANTINE_FRAUD,train
7790,0,0.1465,0.731,0.9104,0.933,0.1016,57.91,TIER_3_RESTRICTED_CAUTION,train
7791,1,0.9095,0.0963,0.7888,0.7082,0.0488,4.07,TIER_4_QUARANTINE_FRAUD,test
7792,0,0.0058,0.9204,0.9452,0.893,0.017,59.98,TIER_3_RESTRICTED_CAUTION,val
7793,0,0.0055,0.9214,0.8935,0.9682,0.4263,75.7,TIER_2_STANDARD_TRUST,train
7794,1,0.8137,0.2087,0.7927,0.6685,0.1534,13.35,TIER_4_QUARANTINE_FRAUD,val
7795,0,0.0151,0.7935,0.8351,0.9725,0.1209,60.7,TIER_3_RESTRICTED_CAUTION,train
7796,0,0.5711,0.3758,0.9285,0.811,0.1231,35.71,TIER_4_QUARANTINE_FRAUD,train
7797,0,0.5578,0.4874,0.9242,0.7163,0.088,44.85,TIER_4_QUARANTINE_FRAUD,train
7798,1,0.9202,0.1146,0.8336,0.3016,0.0275,3.43,TIER_4_QUARANTINE_FRAUD,train
7799,0,0.7455,0.2695,0.9099,0.675,0.4316,25.25,TIER_4_QUARANTINE_FRAUD,train
7800,1,0.994,0.0673,0.7943,0.47,0.0312,1.93,TIER_4_QUARANTINE_FRAUD,train
7801,0,0.104,0.7244,0.9048,0.9183,0.1276,58.2,TIER_3_RESTRICTED_CAUTION,train
7802,0,0.2756,0.5476,0.8532,0.8836,0.1256,51.45,TIER_3_RESTRICTED_CAUTION,train
7803,0,0.0829,0.7705,1.0,0.8158,0.55,72.76,TIER_2_STANDARD_TRUST,train
7804,0,0.3221,0.5988,0.906,0.6262,0.4944,59.98,TIER_3_RESTRICTED_CAUTION,train
7805,0,0.807,0.2316,0.9096,0.8341,0.4638,22.4,TIER_4_QUARANTINE_FRAUD,train
7806,0,0.015,0.8222,0.8907,0.7969,0.0493,55.22,TIER_3_RESTRICTED_CAUTION,train
7807,0,0.2466,0.6195,0.8826,0.9196,0.1333,55.07,TIER_3_RESTRICTED_CAUTION,test
7808,0,0.7953,0.31,0.874,0.8039,0.0974,25.59,TIER_4_QUARANTINE_FRAUD,test
7809,0,0.2005,0.777,0.9021,0.8628,0.4261,68.81,TIER_2_STANDARD_TRUST,test
7810,0,0.0973,0.7297,0.8078,0.9526,0.1178,57.91,TIER_3_RESTRICTED_CAUTION,train
7811,0,0.4541,0.583,0.9101,0.8165,0.1727,53.05,TIER_3_RESTRICTED_CAUTION,train
7812,1,0.9333,0.122,0.8542,0.6982,0.1264,6.25,TIER_4_QUARANTINE_FRAUD,train
7813,0,0.4331,0.5098,0.8769,0.825,0.0077,44.96,TIER_4_QUARANTINE_FRAUD,test
7814,1,0.9725,0.1068,0.88,0.6663,0.051,4.69,TIER_4_QUARANTINE_FRAUD,test
7815,0,0.0147,0.8972,0.8857,0.9237,0.1283,63.36,TIER_3_RESTRICTED_CAUTION,test
7816,0,0.855,0.1176,0.8405,0.8005,0.1209,6.32,TIER_4_QUARANTINE_FRAUD,test
7817,1,0.978,0.0999,0.8526,0.7283,0.1386,4.89,TIER_4_QUARANTINE_FRAUD,train
7818,1,0.8874,0.1048,0.8441,0.6868,0.0344,4.51,TIER_4_QUARANTINE_FRAUD,train
7819,0,0.0201,0.972,0.9235,0.8754,0.4758,76.93,TIER_2_STANDARD_TRUST,train
7820,0,0.8605,0.164,0.8823,0.7438,0.0617,9.29,TIER_4_QUARANTINE_FRAUD,val
7821,1,0.8597,0.1796,0.8713,0.7591,0.1278,11.38,TIER_4_QUARANTINE_FRAUD,test
7822,0,0.2621,0.7127,0.9092,0.6907,0.0382,49.08,TIER_3_RESTRICTED_CAUTION,train
7823,0,0.2569,0.7455,0.894,0.7476,0.953,83.35,TIER_1_VERIFIED_SAFE,train
7824,1,0.8979,0.1335,0.8304,0.7465,0.1187,7.24,TIER_4_QUARANTINE_FRAUD,test
7825,0,0.1865,0.6834,0.8902,0.8893,0.4827,68.53,TIER_2_STANDARD_TRUST,train
7826,0,0.2166,0.7685,0.8539,0.9203,0.6498,77.35,TIER_2_STANDARD_TRUST,train
7827,0,0.0083,0.9034,0.9143,0.9359,0.093,62.9,TIER_3_RESTRICTED_CAUTION,val
7828,0,0.3166,0.6061,0.8813,0.8986,0.4753,66.09,TIER_2_STANDARD_TRUST,train
7829,1,0.8352,0.1752,0.8847,0.6867,0.0358,9.54,TIER_4_QUARANTINE_FRAUD,train
7830,0,0.2153,0.6485,0.8874,0.9417,0.137,56.67,TIER_3_RESTRICTED_CAUTION,train
7831,0,0.0068,0.9015,0.9287,0.9662,0.0943,63.79,TIER_3_RESTRICTED_CAUTION,test
7832,0,0.543,0.409,0.845,0.935,0.1454,43.44,TIER_4_QUARANTINE_FRAUD,train
7833,0,0.003,0.9597,0.9187,0.8937,0.115,64.35,TIER_3_RESTRICTED_CAUTION,train
7834,0,0.5504,0.5086,0.8841,0.9243,0.1719,53.22,TIER_3_RESTRICTED_CAUTION,test
7835,0,0.0015,0.8157,0.9208,0.9099,0.1932,63.19,TIER_3_RESTRICTED_CAUTION,test
7836,0,0.1922,0.6751,0.8891,0.8193,0.4811,66.46,TIER_2_STANDARD_TRUST,train
7837,1,0.9511,0.116,0.876,0.829,0.4394,8.3,TIER_4_QUARANTINE_FRAUD,val
7838,0,0.0092,0.9815,0.925,0.9626,0.4229,77.56,TIER_2_STANDARD_TRUST,train
7839,1,0.7898,0.2125,0.8518,0.6967,0.1548,14.23,TIER_4_QUARANTINE_FRAUD,train
7840,0,0.0387,0.9003,0.9145,0.925,0.983,93.68,TIER_1_VERIFIED_SAFE,train
7841,0,0.0256,0.9624,0.9263,0.8878,0.1522,65.65,TIER_2_STANDARD_TRUST,val
7842,0,0.6245,0.4675,0.8908,0.8969,0.4409,60.79,TIER_3_RESTRICTED_CAUTION,train
7843,0,0.0073,0.804,0.9282,0.9208,0.1386,61.28,TIER_3_RESTRICTED_CAUTION,train
7844,0,0.0078,0.9279,0.9269,0.8929,0.4132,73.89,TIER_2_STANDARD_TRUST,train
7845,0,0.0099,0.7979,0.8957,0.8995,0.1084,59.18,TIER_3_RESTRICTED_CAUTION,test
7846,1,0.6223,0.34,0.8381,0.7693,0.1031,28.77,TIER_4_QUARANTINE_FRAUD,train
7847,0,0.1594,0.6851,0.8918,0.9641,0.1077,57.34,TIER_3_RESTRICTED_CAUTION,train
7848,1,0.7034,0.2916,0.8424,0.621,0.0183,18.96,TIER_4_QUARANTINE_FRAUD,train
7849,1,0.8914,0.1456,0.8941,1.0,0.0845,9.52,TIER_4_QUARANTINE_FRAUD,train
7850,0,0.0089,0.8063,0.926,0.8473,0.1329,59.29,TIER_3_RESTRICTED_CAUTION,train
7851,0,0.0859,0.7497,0.8958,0.9081,0.4431,69.66,TIER_2_STANDARD_TRUST,val
7852,0,0.0017,0.8064,0.8506,0.9193,0.1066,59.41,TIER_3_RESTRICTED_CAUTION,train
7853,0,0.011,0.9206,0.8994,0.9543,0.4237,75.3,TIER_2_STANDARD_TRUST,test
7854,1,0.9103,0.0714,0.8123,0.8512,0.1224,3.27,TIER_4_QUARANTINE_FRAUD,test
7855,1,0.8924,0.2616,0.8793,1.0,0.1216,22.67,TIER_4_QUARANTINE_FRAUD,train
7856,0,0.0521,0.7921,0.876,0.8419,0.47,70.02,TIER_2_STANDARD_TRUST,val
7857,0,0.0488,0.7761,0.9188,0.975,0.1171,60.94,TIER_3_RESTRICTED_CAUTION,train
7858,0,0.5742,0.3819,0.9108,0.7427,0.0595,33.3,TIER_4_QUARANTINE_FRAUD,train
7859,0,0.0081,0.8762,0.9192,0.8638,0.1529,62.42,TIER_3_RESTRICTED_CAUTION,train
7860,1,0.9398,0.0477,0.8352,0.625,0.0275,1.43,TIER_4_QUARANTINE_FRAUD,test
7861,1,0.9814,0.0677,0.874,1.0,0.0557,3.21,TIER_4_QUARANTINE_FRAUD,train
7862,0,0.3285,0.681,0.8881,0.7375,0.1445,52.81,TIER_3_RESTRICTED_CAUTION,test
7863,0,0.489,0.44,0.8907,0.694,0.1041,41.86,TIER_4_QUARANTINE_FRAUD,test
7864,0,0.006,0.8278,0.9281,0.8753,0.0156,56.55,TIER_3_RESTRICTED_CAUTION,train
7865,0,0.0078,0.8026,0.9368,0.931,0.1798,63.01,TIER_3_RESTRICTED_CAUTION,train
7866,0,0.164,0.7924,0.8529,0.8788,0.9761,88.44,TIER_1_VERIFIED_SAFE,train
7867,0,0.6112,0.3469,0.8954,0.9275,0.1449,33.95,TIER_4_QUARANTINE_FRAUD,train
7868,0,0.1973,0.6753,0.9055,0.9739,0.4342,68.86,TIER_2_STANDARD_TRUST,train
7869,1,0.9857,0.0746,0.89,0.4977,0.0183,2.34,TIER_4_QUARANTINE_FRAUD,train
7870,0,0.5554,0.3971,0.8378,0.938,0.1628,42.02,TIER_4_QUARANTINE_FRAUD,train
7871,0,0.6466,0.3179,0.8629,0.9415,0.1466,29.81,TIER_4_QUARANTINE_FRAUD,test
7872,0,0.0805,0.7796,0.8357,0.95,0.9526,88.84,TIER_1_VERIFIED_SAFE,train
7873,0,0.8429,0.1743,0.783,1.0,0.1782,12.9,TIER_4_QUARANTINE_FRAUD,train
7874,1,0.9777,0.0739,0.9039,1.0,0.0719,3.7,TIER_4_QUARANTINE_FRAUD,train
7875,0,0.0221,0.8027,0.8726,0.9262,0.1157,60.01,TIER_3_RESTRICTED_CAUTION,test
7876,0,0.0116,0.7957,0.9263,0.8498,0.1006,57.9,TIER_3_RESTRICTED_CAUTION,train
7877,0,0.3824,0.468,0.8532,0.8786,0.1382,49.37,TIER_3_RESTRICTED_CAUTION,train
7878,0,0.0122,0.7965,0.8816,0.8104,0.0326,54.11,TIER_3_RESTRICTED_CAUTION,val
7879,0,0.5995,0.3554,0.8785,0.8713,0.1365,33.85,TIER_4_QUARANTINE_FRAUD,val
7880,0,0.0094,0.9818,0.9385,0.9027,0.4176,76.02,TIER_2_STANDARD_TRUST,train
7881,0,0.0175,0.9257,0.9013,0.8741,0.5096,76.47,TIER_2_STANDARD_TRUST,train
7882,1,0.8686,0.175,0.8405,0.8493,0.1086,11.34,TIER_4_QUARANTINE_FRAUD,train
7883,0,0.0066,0.8348,0.9066,0.8739,0.4585,72.01,TIER_2_STANDARD_TRUST,train
7884,0,0.0011,0.9886,0.942,0.8587,0.4233,75.36,TIER_2_STANDARD_TRUST,train
7885,0,0.6186,0.4724,0.8608,0.7977,0.4371,58.02,TIER_3_RESTRICTED_CAUTION,train
7886,0,0.0021,0.9157,0.9218,0.8609,0.1225,62.5,TIER_3_RESTRICTED_CAUTION,train
7887,1,0.9498,0.2035,0.896,0.6667,0.033,11.72,TIER_4_QUARANTINE_FRAUD,train
7888,0,0.0081,0.8005,0.8994,0.8878,0.1104,59.07,TIER_3_RESTRICTED_CAUTION,train
7889,0,0.3149,0.6004,0.8596,0.8656,0.4382,63.58,TIER_3_RESTRICTED_CAUTION,train
7890,0,0.4844,0.439,0.8988,0.9834,0.1674,50.94,TIER_3_RESTRICTED_CAUTION,test
7891,1,0.6899,0.3138,0.7876,0.91,0.448,34.87,TIER_4_QUARANTINE_FRAUD,test
7892,0,0.2214,0.7633,0.9305,0.8766,0.0124,54.56,TIER_3_RESTRICTED_CAUTION,train
7893,1,0.9084,0.1355,0.8799,0.7938,0.1099,7.68,TIER_4_QUARANTINE_FRAUD,val
7894,0,0.1151,0.8482,0.9216,0.7611,0.6027,74.78,TIER_2_STANDARD_TRUST,train
7895,0,0.0078,0.7981,0.8917,0.8988,0.1203,59.54,TIER_3_RESTRICTED_CAUTION,test
7896,0,0.4305,0.4393,0.8143,0.99,0.1711,50.46,TIER_3_RESTRICTED_CAUTION,train
7897,0,0.6811,0.4036,0.9144,0.525,0.4904,44.74,TIER_4_QUARANTINE_FRAUD,train
7898,0,0.0047,0.8272,0.9078,0.9335,0.4327,72.38,TIER_2_STANDARD_TRUST,test
7899,0,0.868,0.1505,0.7767,0.8753,0.1386,9.39,TIER_4_QUARANTINE_FRAUD,test
7900,0,0.0114,0.9327,0.9345,0.8918,0.4455,75.21,TIER_2_STANDARD_TRUST,test
7901,0,0.1276,0.711,0.8735,0.8601,0.1284,56.06,TIER_3_RESTRICTED_CAUTION,test
7902,0,0.0029,0.9011,0.927,0.8586,0.1478,62.94,TIER_3_RESTRICTED_CAUTION,train
7903,0,0.3038,0.6129,0.9154,0.7321,0.4692,62.26,TIER_3_RESTRICTED_CAUTION,train
7904,1,0.9417,0.1101,0.868,0.8061,0.116,5.8,TIER_4_QUARANTINE_FRAUD,train
7905,1,0.917,0.0698,0.8297,0.4953,0.1253,2.41,TIER_4_QUARANTINE_FRAUD,train
7906,0,0.9554,0.0862,0.7855,0.3996,0.0443,2.56,TIER_4_QUARANTINE_FRAUD,test
7907,0,0.0013,0.9804,0.9276,0.7989,0.4223,73.44,TIER_2_STANDARD_TRUST,test
7908,0,0.5986,0.3805,0.8892,0.9875,0.1171,39.48,TIER_4_QUARANTINE_FRAUD,train
7909,0,0.0964,0.7479,0.8442,0.9791,0.1506,60.63,TIER_3_RESTRICTED_CAUTION,train
7910,1,0.959,0.0369,0.8424,0.8483,0.1292,1.36,TIER_4_QUARANTINE_FRAUD,train
7911,0,0.0122,0.8036,0.9377,0.9653,0.4313,72.71,TIER_2_STANDARD_TRUST,train
7912,1,0.8863,0.1372,0.8402,0.8796,0.1311,8.35,TIER_4_QUARANTINE_FRAUD,train
7913,0,0.0327,0.9159,0.9273,0.79,0.5548,75.92,TIER_2_STANDARD_TRUST,train
7914,0,0.1882,0.6657,0.8789,0.7948,0.1007,52.16,TIER_3_RESTRICTED_CAUTION,train
7915,0,0.3524,0.5512,0.861,0.9446,0.1035,52.39,TIER_3_RESTRICTED_CAUTION,train
7916,0,0.6666,0.3131,0.8779,0.8537,0.1706,28.39,TIER_4_QUARANTINE_FRAUD,train
7917,0,0.0368,0.7751,0.9247,0.7917,0.131,56.88,TIER_3_RESTRICTED_CAUTION,train
7918,0,0.557,0.3887,0.8642,0.576,0.069,30.68,TIER_4_QUARANTINE_FRAUD,train
7919,1,0.7968,0.2156,0.903,0.5156,0.0257,11.25,TIER_4_QUARANTINE_FRAUD,train
7920,0,0.8359,0.1777,0.7138,0.9328,0.016,10.86,TIER_4_QUARANTINE_FRAUD,val
7921,1,0.8592,0.1712,0.8572,0.571,0.1193,9.16,TIER_4_QUARANTINE_FRAUD,val
7922,1,0.4635,0.4596,0.8613,0.5788,0.0223,37.65,TIER_4_QUARANTINE_FRAUD,train
7923,0,0.9437,0.0989,0.8671,0.7729,0.0889,4.76,TIER_4_QUARANTINE_FRAUD,train
7924,1,0.9471,0.1051,0.8475,0.74,0.0545,4.84,TIER_4_QUARANTINE_FRAUD,test
7925,1,0.8321,0.2069,0.8836,1.0,0.1822,16.9,TIER_4_QUARANTINE_FRAUD,train
7926,0,0.8763,0.0984,0.8583,0.7181,0.1064,4.6,TIER_4_QUARANTINE_FRAUD,train
7927,0,0.0316,0.9066,0.876,0.928,0.5095,76.99,TIER_2_STANDARD_TRUST,train
7928,0,0.1346,0.7377,0.8198,0.9264,0.9706,87.46,TIER_1_VERIFIED_SAFE,train
7929,1,0.7421,0.2479,0.8793,0.975,0.1289,20.79,TIER_4_QUARANTINE_FRAUD,val
7930,0,0.0115,0.9326,0.9263,0.8069,0.0168,58.0,TIER_3_RESTRICTED_CAUTION,train
7931,0,0.0163,0.9311,0.9205,0.9285,0.4488,76.06,TIER_2_STANDARD_TRUST,train
7932,0,0.0329,0.7837,0.8817,0.9228,0.1259,59.8,TIER_3_RESTRICTED_CAUTION,train
7933,0,0.5573,0.3866,0.9174,0.5452,0.0181,28.75,TIER_4_QUARANTINE_FRAUD,train
7934,0,0.0071,0.8027,0.9204,0.9687,0.1,61.0,TIER_3_RESTRICTED_CAUTION,train
7935,0,0.0474,0.7729,0.871,0.7812,0.1338,56.11,TIER_3_RESTRICTED_CAUTION,train
7936,1,0.9533,0.1178,0.8796,1.0,0.5311,9.79,TIER_4_QUARANTINE_FRAUD,train
7937,1,0.9524,0.0537,0.8515,1.0,0.1139,2.46,TIER_4_QUARANTINE_FRAUD,test
7938,1,0.8572,0.1665,0.894,0.5524,0.5348,12.75,TIER_4_QUARANTINE_FRAUD,train
7939,0,0.0039,0.9072,0.9242,0.8856,0.1402,63.5,TIER_3_RESTRICTED_CAUTION,train
7940,0,0.013,0.7944,0.9341,0.925,0.0981,59.73,TIER_3_RESTRICTED_CAUTION,train
7941,0,0.0015,0.9318,0.9229,0.9288,0.4385,75.75,TIER_2_STANDARD_TRUST,train
7942,0,0.1315,0.8279,0.8375,0.9452,0.4324,71.97,TIER_2_STANDARD_TRUST,train
7943,0,0.1178,0.8261,0.879,0.8183,0.5133,72.0,TIER_2_STANDARD_TRUST,train
7944,1,0.96,0.1057,0.9086,0.7475,0.0469,4.96,TIER_4_QUARANTINE_FRAUD,train
7945,0,0.2934,0.7711,0.9338,0.7439,0.4984,68.51,TIER_2_STANDARD_TRUST,train
7946,0,0.0531,0.8673,0.9057,0.7892,0.5006,72.33,TIER_2_STANDARD_TRUST,train
7947,0,0.1015,0.7658,0.8904,0.8291,0.2499,61.35,TIER_3_RESTRICTED_CAUTION,train
7948,1,0.9281,0.1192,0.8657,0.8203,0.113,6.53,TIER_4_QUARANTINE_FRAUD,train
7949,0,0.8577,0.1721,0.8579,0.8747,0.1017,11.23,TIER_4_QUARANTINE_FRAUD,train
7950,0,0.0862,0.868,0.9058,0.7109,0.975,86.99,TIER_1_VERIFIED_SAFE,train
7951,0,0.0021,0.8105,0.9208,0.9566,0.1339,62.12,TIER_3_RESTRICTED_CAUTION,train
7952,0,0.263,0.6183,0.8643,0.7538,0.55,65.29,TIER_2_STANDARD_TRUST,train
7953,1,0.8417,0.2904,0.8933,0.4896,0.0175,17.25,TIER_4_QUARANTINE_FRAUD,train
7954,0,0.1117,0.7566,0.9201,0.8529,0.498,70.65,TIER_2_STANDARD_TRUST,train
7955,0,0.0335,0.887,0.9284,0.8152,0.4167,70.86,TIER_2_STANDARD_TRUST,train
7956,0,0.0029,0.7991,0.9103,0.9319,0.1275,60.83,TIER_3_RESTRICTED_CAUTION,train
7957,0,0.0045,0.827,0.9118,0.9654,0.1112,61.95,TIER_3_RESTRICTED_CAUTION,train
7958,0,0.0686,0.772,0.8786,0.98,0.6604,79.56,TIER_2_STANDARD_TRUST,train
7959,1,0.8531,0.1977,0.8924,0.7875,0.4827,17.66,TIER_4_QUARANTINE_FRAUD,train
7960,0,0.6014,0.3528,0.8975,0.873,0.1486,33.95,TIER_4_QUARANTINE_FRAUD,train
7961,0,0.4226,0.4887,0.9196,0.937,0.1749,53.41,TIER_3_RESTRICTED_CAUTION,train
7962,0,0.0012,0.8204,0.8859,0.6743,0.0379,51.66,TIER_3_RESTRICTED_CAUTION,train
7963,1,0.8629,0.196,0.8838,0.6558,0.484,16.31,TIER_4_QUARANTINE_FRAUD,train
7964,0,0.8427,0.1757,0.8971,0.5445,0.4527,12.87,TIER_4_QUARANTINE_FRAUD,train
7965,0,0.137,0.6531,0.8236,0.8652,0.1232,53.77,TIER_3_RESTRICTED_CAUTION,train
7966,0,0.1037,0.7322,0.9191,0.9315,0.1119,58.36,TIER_3_RESTRICTED_CAUTION,train
7967,0,0.0023,0.8278,0.9325,0.9012,0.4315,71.79,TIER_2_STANDARD_TRUST,train
7968,1,0.9359,0.054,0.8186,0.723,0.0477,1.88,TIER_4_QUARANTINE_FRAUD,train
7969,0,0.3726,0.5234,0.8617,0.9613,0.1154,52.39,TIER_3_RESTRICTED_CAUTION,train
7970,1,0.9648,0.0831,0.8138,0.6945,0.1096,3.54,TIER_4_QUARANTINE_FRAUD,train
7971,0,0.0053,0.9245,0.9232,0.8721,0.4067,73.0,TIER_2_STANDARD_TRUST,test
7972,0,0.8105,0.2265,0.86,0.8333,0.4445,21.22,TIER_4_QUARANTINE_FRAUD,test
7973,0,0.037,0.7779,0.8092,0.8347,0.1321,56.92,TIER_3_RESTRICTED_CAUTION,train
7974,0,0.0042,0.8213,0.9035,0.8963,0.1294,60.61,TIER_3_RESTRICTED_CAUTION,train
7975,0,0.0015,0.8045,0.9126,0.9281,0.1435,61.49,TIER_3_RESTRICTED_CAUTION,test
7976,0,0.827,0.1823,0.8655,0.9269,0.1315,12.94,TIER_4_QUARANTINE_FRAUD,train
7977,1,0.7996,0.1618,0.8723,0.4925,0.1302,8.06,TIER_4_QUARANTINE_FRAUD,train
7978,0,0.0243,0.9008,0.9096,0.6551,0.0817,55.36,TIER_3_RESTRICTED_CAUTION,test
7979,0,0.0098,0.9733,0.9394,0.9633,0.0985,66.12,TIER_2_STANDARD_TRUST,val
7980,0,0.4541,0.4953,0.8704,0.7676,0.1131,46.71,TIER_3_RESTRICTED_CAUTION,test
7981,0,0.4375,0.5937,0.9238,0.7561,0.4272,60.9,TIER_3_RESTRICTED_CAUTION,train
7982,0,0.2523,0.6316,0.8763,0.7439,0.55,65.56,TIER_2_STANDARD_TRUST,train
7983,0,0.1028,0.7525,0.8862,0.985,0.5762,76.23,TIER_2_STANDARD_TRUST,train
7984,0,0.4999,0.4482,0.8732,0.7113,0.4372,54.98,TIER_3_RESTRICTED_CAUTION,test
7985,0,0.2669,0.6381,0.903,0.9283,0.1233,55.7,TIER_3_RESTRICTED_CAUTION,train
7986,1,0.8624,0.1551,0.8832,0.6431,0.1181,8.44,TIER_4_QUARANTINE_FRAUD,train
7987,1,0.8968,0.0971,0.8469,0.7812,0.1086,4.73,TIER_4_QUARANTINE_FRAUD,train
7988,1,0.4371,0.4618,0.8537,0.7548,0.5039,58.9,TIER_3_RESTRICTED_CAUTION,train
7989,1,0.8274,0.2088,0.8915,0.78,0.4604,18.72,TIER_4_QUARANTINE_FRAUD,train
7990,1,0.8751,0.1692,0.8614,0.64,0.0285,8.61,TIER_4_QUARANTINE_FRAUD,test
7991,1,0.9408,0.1092,0.8389,0.7491,0.0416,5.06,TIER_4_QUARANTINE_FRAUD,train
7992,1,0.8504,0.1191,0.8177,0.865,0.0459,6.21,TIER_4_QUARANTINE_FRAUD,test
7993,1,0.9392,0.1197,0.8938,1.0,0.55,10.15,TIER_4_QUARANTINE_FRAUD,test
7994,0,0.0615,0.7874,0.9287,0.9213,0.4208,70.67,TIER_2_STANDARD_TRUST,train
7995,0,0.2973,0.5833,0.8711,0.8416,0.0937,50.53,TIER_3_RESTRICTED_CAUTION,train
7996,0,0.0147,0.7947,0.8491,0.7756,0.1238,56.05,TIER_3_RESTRICTED_CAUTION,test
7997,0,0.014,0.8913,0.9196,0.9011,0.0538,60.35,TIER_3_RESTRICTED_CAUTION,test
7998,1,0.7359,0.2623,0.8839,0.5462,0.0199,15.39,TIER_4_QUARANTINE_FRAUD,train
7999,0,0.0065,0.7996,0.9155,0.949,0.1211,61.11,TIER_3_RESTRICTED_CAUTION,train
8000,0,0.009,0.8304,0.9182,0.9573,0.0984,61.47,TIER_3_RESTRICTED_CAUTION,train
8001,0,0.0218,0.8245,0.9238,0.8129,0.4305,69.36,TIER_2_STANDARD_TRUST,train
8002,0,0.684,0.3317,0.886,0.7641,0.0298,26.2,TIER_4_QUARANTINE_FRAUD,test
8003,0,0.5806,0.3692,0.9137,0.9906,0.1808,39.67,TIER_4_QUARANTINE_FRAUD,test
8004,0,0.0022,0.9344,0.9358,0.8727,0.4409,74.64,TIER_2_STANDARD_TRUST,test
8005,0,0.0004,0.9363,0.9189,0.9583,0.4169,75.82,TIER_2_STANDARD_TRUST,train
8006,0,0.0749,0.883,0.9292,0.8099,0.447,71.68,TIER_2_STANDARD_TRUST,train
8007,0,0.4002,0.5061,0.8569,0.8482,0.13,49.51,TIER_3_RESTRICTED_CAUTION,train
8008,0,0.0546,0.793,0.8462,0.7738,0.5158,69.65,TIER_2_STANDARD_TRUST,val
8009,0,0.0063,0.9292,0.8907,0.8847,0.4158,73.45,TIER_2_STANDARD_TRUST,train
8010,0,0.0246,0.8105,0.907,0.8168,0.0927,57.05,TIER_3_RESTRICTED_CAUTION,train
8011,0,0.1113,0.7232,0.947,0.8812,0.2124,60.63,TIER_3_RESTRICTED_CAUTION,test
8012,0,0.0004,0.9329,0.9213,0.9067,0.4648,76.13,TIER_2_STANDARD_TRUST,test
8013,0,0.0082,0.9016,0.9426,0.9564,0.1243,64.73,TIER_3_RESTRICTED_CAUTION,train
8014,0,0.9408,0.0994,0.8608,0.2631,0.0178,2.64,TIER_4_QUARANTINE_FRAUD,train
8015,1,0.7603,0.234,0.8819,0.958,0.1467,19.2,TIER_4_QUARANTINE_FRAUD,train
8016,1,0.9417,0.1343,0.9049,1.0,0.9525,14.84,TIER_4_QUARANTINE_FRAUD,train
8017,1,0.908,0.126,0.847,0.8688,0.146,7.47,TIER_4_QUARANTINE_FRAUD,train
8018,0,0.0494,0.8898,0.9058,0.8979,0.4541,74.09,TIER_2_STANDARD_TRUST,test
8019,0,0.487,0.4452,0.877,0.8648,0.1491,48.28,TIER_3_RESTRICTED_CAUTION,train
8020,0,0.0441,0.8969,0.9239,0.8737,0.4176,72.6,TIER_2_STANDARD_TRUST,val
8021,1,0.5291,0.4053,0.7442,0.9264,0.143,41.68,TIER_4_QUARANTINE_FRAUD,train
8022,0,0.0668,0.7864,0.926,0.7984,0.5036,70.44,TIER_2_STANDARD_TRUST,test
8023,0,0.1568,0.719,0.8921,0.7517,0.0341,50.48,TIER_3_RESTRICTED_CAUTION,train
8024,1,0.9552,0.1109,0.8966,1.0,0.1961,7.15,TIER_4_QUARANTINE_FRAUD,train
8025,0,0.4529,0.5767,0.8371,0.8686,0.1234,51.71,TIER_3_RESTRICTED_CAUTION,test
8026,0,0.1516,0.7279,0.8549,0.902,0.0297,53.97,TIER_3_RESTRICTED_CAUTION,train
8027,0,0.0027,0.9233,0.8878,0.9631,0.0162,61.22,TIER_3_RESTRICTED_CAUTION,train
8028,0,0.8534,0.1878,0.8468,0.721,0.1042,11.48,TIER_4_QUARANTINE_FRAUD,test
8029,1,0.9461,0.0965,0.825,0.8656,0.1565,5.17,TIER_4_QUARANTINE_FRAUD,train
8030,1,0.0446,0.7882,0.8964,0.6478,0.45,64.55,TIER_3_RESTRICTED_CAUTION,train
8031,1,0.537,0.4137,0.8934,0.5822,0.0387,33.4,TIER_4_QUARANTINE_FRAUD,train
8032,0,0.1134,0.8378,0.9061,0.8556,0.419,70.25,TIER_2_STANDARD_TRUST,test
8033,1,0.8138,0.212,0.8433,0.8896,0.1287,15.61,TIER_4_QUARANTINE_FRAUD,train
8034,0,0.0031,0.9057,0.8937,0.9344,0.1249,63.84,TIER_3_RESTRICTED_CAUTION,train
8035,1,0.8924,0.0873,0.8174,0.6598,0.1124,3.7,TIER_4_QUARANTINE_FRAUD,train
8036,1,0.9354,0.0496,0.891,1.0,0.0605,2.14,TIER_4_QUARANTINE_FRAUD,val
8037,1,0.8476,0.1688,0.8898,0.6773,0.037,9.0,TIER_4_QUARANTINE_FRAUD,test
8038,0,0.0078,0.9007,0.9348,0.8969,0.1109,62.67,TIER_3_RESTRICTED_CAUTION,val
8039,0,0.1633,0.6843,0.8778,0.8024,0.1268,53.8,TIER_3_RESTRICTED_CAUTION,train
8040,1,0.5016,0.4413,0.8377,0.8821,0.1359,47.21,TIER_3_RESTRICTED_CAUTION,train
8041,0,0.8371,0.1851,0.844,0.8111,0.1577,12.53,TIER_4_QUARANTINE_FRAUD,train
8042,0,0.1505,0.8125,0.9153,0.65,0.5182,67.92,TIER_2_STANDARD_TRUST,test
8043,1,0.9417,0.1002,0.8364,0.8613,0.1241,5.28,TIER_4_QUARANTINE_FRAUD,train
8044,0,0.4931,0.5458,0.8768,0.7965,0.068,47.44,TIER_3_RESTRICTED_CAUTION,train
8045,0,0.0102,0.8152,0.8976,0.929,0.1042,60.3,TIER_3_RESTRICTED_CAUTION,train
8046,1,0.9815,0.0926,0.8858,0.7511,0.4658,5.98,TIER_4_QUARANTINE_FRAUD,train
8047,0,0.2675,0.6114,0.4086,0.6312,0.1714,44.21,TIER_4_QUARANTINE_FRAUD,val
8048,1,0.9645,0.1172,0.852,1.0,0.0352,6.66,TIER_4_QUARANTINE_FRAUD,val
8049,0,0.0027,0.8385,0.9156,0.9117,0.4316,72.21,TIER_2_STANDARD_TRUST,train
8050,1,0.9098,0.1232,0.7599,0.7512,0.1195,6.36,TIER_4_QUARANTINE_FRAUD,test
8051,0,0.3926,0.5266,0.9039,0.6603,0.0218,42.11,TIER_4_QUARANTINE_FRAUD,train
8052,1,0.8082,0.2006,0.8534,0.6667,0.0535,11.58,TIER_4_QUARANTINE_FRAUD,train
8053,0,0.486,0.5579,0.9129,0.8936,0.1317,52.82,TIER_3_RESTRICTED_CAUTION,train
8054,0,0.1598,0.6951,0.8829,0.8711,0.1597,57.05,TIER_3_RESTRICTED_CAUTION,train
8055,0,0.0812,0.8728,0.9311,0.8083,0.5587,75.26,TIER_2_STANDARD_TRUST,train
8056,0,0.0144,0.831,0.938,0.8174,0.1069,58.49,TIER_3_RESTRICTED_CAUTION,train
8057,1,0.5955,0.4631,0.8755,0.8564,0.4249,58.93,TIER_3_RESTRICTED_CAUTION,train
8058,0,0.0793,0.7426,0.9096,0.9014,0.1248,58.28,TIER_3_RESTRICTED_CAUTION,train
8059,0,0.0105,0.7942,0.9202,0.9277,0.1075,59.98,TIER_3_RESTRICTED_CAUTION,test
8060,0,0.7614,0.2345,0.8451,0.9092,0.1618,18.8,TIER_4_QUARANTINE_FRAUD,train
8061,1,0.8853,0.1392,0.8301,0.2775,0.0269,4.43,TIER_4_QUARANTINE_FRAUD,train
8062,0,0.8658,0.19,0.8332,0.8328,0.0242,11.64,TIER_4_QUARANTINE_FRAUD,train
8063,0,0.8784,0.1474,0.8456,0.8491,0.1289,9.05,TIER_4_QUARANTINE_FRAUD,train
8064,0,0.0536,0.7899,0.9143,0.7828,0.0373,53.72,TIER_3_RESTRICTED_CAUTION,train
8065,0,0.4458,0.4249,0.8871,0.9884,0.1019,46.31,TIER_3_RESTRICTED_CAUTION,train
8066,1,0.9515,0.0445,0.8596,0.795,0.0303,1.53,TIER_4_QUARANTINE_FRAUD,val
8067,1,0.7603,0.2537,0.8489,0.7198,0.0411,16.86,TIER_4_QUARANTINE_FRAUD,train
8068,0,0.0183,0.7923,0.9011,0.8889,0.0333,56.17,TIER_3_RESTRICTED_CAUTION,test
8069,0,0.0239,0.8118,0.9339,0.8132,0.0178,54.65,TIER_3_RESTRICTED_CAUTION,train
8070,0,0.0096,0.7959,0.8508,0.8816,0.1196,58.61,TIER_3_RESTRICTED_CAUTION,train
8071,1,0.9282,0.1102,0.8286,0.6969,0.1114,5.28,TIER_4_QUARANTINE_FRAUD,test
8072,0,0.391,0.5098,0.8717,0.9874,0.145,53.77,TIER_3_RESTRICTED_CAUTION,test
8073,0,0.6342,0.3298,0.8562,0.7482,0.0301,25.51,TIER_4_QUARANTINE_FRAUD,train
8074,0,0.0055,0.9435,0.9301,0.9386,0.392,74.79,TIER_2_STANDARD_TRUST,test
8075,1,0.7326,0.2841,0.8468,0.8458,0.0998,22.9,TIER_4_QUARANTINE_FRAUD,train
8076,0,0.5862,0.4937,0.902,0.7955,0.4806,60.54,TIER_3_RESTRICTED_CAUTION,train
8077,0,0.4653,0.5892,0.8993,0.8061,0.1701,52.77,TIER_3_RESTRICTED_CAUTION,val
8078,0,0.3204,0.5651,0.9131,0.7725,0.0439,46.93,TIER_3_RESTRICTED_CAUTION,train
8079,0,0.0072,0.803,0.9208,0.9575,0.1287,61.74,TIER_3_RESTRICTED_CAUTION,train
8080,0,0.2691,0.6028,0.9162,0.9,0.1406,54.67,TIER_3_RESTRICTED_CAUTION,train
8081,0,0.6159,0.4651,0.88,0.6668,0.1435,44.44,TIER_4_QUARANTINE_FRAUD,train
8082,0,0.1218,0.7154,0.8699,0.7974,0.0969,53.49,TIER_3_RESTRICTED_CAUTION,train
8083,0,0.0012,0.9102,0.9422,0.9379,0.0985,63.62,TIER_3_RESTRICTED_CAUTION,train
8084,0,0.2199,0.638,0.9269,0.8391,0.1238,53.72,TIER_3_RESTRICTED_CAUTION,train
8085,0,0.0122,0.7947,0.921,0.9419,0.1492,61.82,TIER_3_RESTRICTED_CAUTION,train
8086,0,0.2706,0.6055,0.8581,0.8672,0.1222,52.7,TIER_3_RESTRICTED_CAUTION,train
8087,0,0.7572,0.2382,0.8665,0.8281,0.1657,18.51,TIER_4_QUARANTINE_FRAUD,train
8088,1,0.9838,0.0904,0.7801,0.79,0.1359,4.35,TIER_4_QUARANTINE_FRAUD,train
8089,1,0.5725,0.3901,0.8295,0.9673,0.4467,49.68,TIER_3_RESTRICTED_CAUTION,train
8090,1,0.8866,0.2684,0.8421,0.4629,0.4507,22.39,TIER_4_QUARANTINE_FRAUD,train
8091,0,0.1462,0.7212,0.9253,0.6021,0.5157,63.99,TIER_3_RESTRICTED_CAUTION,train
8092,1,0.8612,0.1107,0.8248,0.7091,0.11,5.36,TIER_4_QUARANTINE_FRAUD,train
8093,0,0.0984,0.7563,0.8803,0.9123,0.4521,70.13,TIER_2_STANDARD_TRUST,train
8094,0,0.0054,0.8015,0.8859,0.9598,0.1124,60.83,TIER_3_RESTRICTED_CAUTION,test
8095,1,0.8499,0.2871,0.8484,0.7784,0.1007,22.35,TIER_4_QUARANTINE_FRAUD,train
8096,1,0.9654,0.092,0.8797,0.6569,0.0471,3.76,TIER_4_QUARANTINE_FRAUD,train
8097,0,0.9026,0.1259,0.7365,0.304,0.0562,3.95,TIER_4_QUARANTINE_FRAUD,train
8098,0,0.9112,0.1208,0.764,0.3277,0.0203,3.65,TIER_4_QUARANTINE_FRAUD,train
8099,0,0.8024,0.2103,0.8813,0.7772,0.0566,13.59,TIER_4_QUARANTINE_FRAUD,train
8100,0,0.0033,0.8059,0.9004,0.9708,0.1781,63.69,TIER_3_RESTRICTED_CAUTION,train
8101,1,0.9782,0.1071,0.8666,1.0,0.094,6.21,TIER_4_QUARANTINE_FRAUD,test
8102,1,0.9778,0.1,0.8903,1.0,0.0728,5.58,TIER_4_QUARANTINE_FRAUD,test
8103,0,0.5863,0.3627,0.873,0.9223,0.1532,36.29,TIER_4_QUARANTINE_FRAUD,train
8104,0,0.0076,0.9103,0.9314,0.8315,0.1475,62.58,TIER_3_RESTRICTED_CAUTION,val
8105,0,0.0747,0.8788,0.9153,0.7098,0.1387,58.12,TIER_3_RESTRICTED_CAUTION,train
8106,0,0.1513,0.7271,0.9397,0.7523,0.5016,67.58,TIER_2_STANDARD_TRUST,train
8107,0,0.3276,0.7004,0.8602,0.8537,0.4333,66.12,TIER_2_STANDARD_TRUST,train
8108,0,0.0018,0.9376,0.9219,0.9177,0.4361,75.55,TIER_2_STANDARD_TRUST,train
8109,0,0.7288,0.2569,0.7893,0.1841,0.0642,10.83,TIER_4_QUARANTINE_FRAUD,test
8110,0,0.2681,0.7219,0.9284,0.6578,0.9716,81.39,TIER_1_VERIFIED_SAFE,train
8111,0,0.0205,0.9231,0.936,0.8172,0.4397,72.87,TIER_2_STANDARD_TRUST,train
8112,0,0.0018,0.9335,0.9163,0.9878,0.5756,82.01,TIER_1_VERIFIED_SAFE,train
8113,0,0.0117,0.8974,0.9154,0.9485,0.1396,64.68,TIER_3_RESTRICTED_CAUTION,val
8114,0,0.0028,0.9212,0.9357,0.8431,0.4306,73.14,TIER_2_STANDARD_TRUST,test
8115,0,0.423,0.4971,0.9227,0.4538,0.0823,38.37,TIER_4_QUARANTINE_FRAUD,val
8116,0,0.0009,0.9395,0.9043,0.8506,0.4624,74.68,TIER_2_STANDARD_TRUST,train
8117,0,0.0048,0.9365,0.926,0.8821,0.4454,75.0,TIER_2_STANDARD_TRUST,val
8118,0,0.0029,0.9315,0.9252,0.8333,0.4239,72.87,TIER_2_STANDARD_TRUST,train
8119,0,0.0063,0.8037,0.8621,0.8831,0.1281,59.29,TIER_3_RESTRICTED_CAUTION,train
8120,0,0.124,0.7408,0.8928,0.7921,0.1104,54.82,TIER_3_RESTRICTED_CAUTION,test
8121,1,0.9378,0.1313,0.8973,1.0,0.0792,8.2,TIER_4_QUARANTINE_FRAUD,test
8122,0,0.2697,0.616,0.9239,0.8192,0.1253,52.59,TIER_3_RESTRICTED_CAUTION,train
8123,0,0.0349,0.8087,0.8906,0.9149,0.4273,71.0,TIER_2_STANDARD_TRUST,test
8124,0,0.0325,0.7823,0.8653,0.8743,0.1418,58.94,TIER_3_RESTRICTED_CAUTION,train
8125,0,0.0017,0.972,0.9272,0.8137,0.4207,73.5,TIER_2_STANDARD_TRUST,train
8126,0,0.0208,0.8046,0.8934,0.9672,0.0991,60.72,TIER_3_RESTRICTED_CAUTION,test
8127,1,0.7551,0.224,0.8345,0.7434,0.131,15.44,TIER_4_QUARANTINE_FRAUD,train
8128,0,0.1043,0.7531,0.8722,0.8806,0.1577,58.85,TIER_3_RESTRICTED_CAUTION,train
8129,0,0.529,0.5445,0.9249,0.8,0.4898,62.73,TIER_3_RESTRICTED_CAUTION,test
8130,1,0.9606,0.0344,0.723,0.8617,0.1172,1.2,TIER_4_QUARANTINE_FRAUD,train
8131,1,0.9607,0.098,0.7456,0.4743,0.1224,3.66,TIER_4_QUARANTINE_FRAUD,test
8132,1,0.9778,0.1075,0.834,1.0,0.0262,5.83,TIER_4_QUARANTINE_FRAUD,test
8133,0,0.76,0.2581,0.859,0.7263,0.0581,17.74,TIER_4_QUARANTINE_FRAUD,test
8134,0,0.3615,0.5406,0.8451,0.9311,0.4496,63.68,TIER_3_RESTRICTED_CAUTION,train
8135,1,0.9153,0.1207,0.8304,0.7483,0.1039,6.19,TIER_4_QUARANTINE_FRAUD,train
8136,0,0.0469,0.7741,0.9158,0.6717,0.0356,50.42,TIER_3_RESTRICTED_CAUTION,train
8137,0,0.9256,0.1088,0.8161,0.2372,0.0207,2.86,TIER_4_QUARANTINE_FRAUD,test
8138,0,0.4458,0.5078,0.8699,0.6512,0.1285,44.71,TIER_4_QUARANTINE_FRAUD,test
8139,0,0.2448,0.6416,0.9116,0.8334,0.1212,53.44,TIER_3_RESTRICTED_CAUTION,train
8140,0,0.0013,0.9618,0.9521,0.9267,0.4322,76.67,TIER_2_STANDARD_TRUST,train
8141,0,0.0092,0.8043,0.8692,0.9367,0.0954,59.57,TIER_3_RESTRICTED_CAUTION,train
8142,0,0.1749,0.6875,0.9066,0.9917,0.6749,78.11,TIER_2_STANDARD_TRUST,train
8143,1,0.858,0.1754,0.8387,0.6494,0.121,10.02,TIER_4_QUARANTINE_FRAUD,train
8144,0,0.1156,0.7488,0.9009,0.65,0.0137,48.2,TIER_3_RESTRICTED_CAUTION,val
8145,1,0.9526,0.1149,0.8938,1.0,0.4682,9.11,TIER_4_QUARANTINE_FRAUD,train
8146,0,0.4173,0.4955,0.8657,0.8548,0.143,49.9,TIER_3_RESTRICTED_CAUTION,train
8147,1,0.8378,0.2087,0.8284,0.5947,0.4429,16.54,TIER_4_QUARANTINE_FRAUD,train
8148,0,0.0043,0.8099,0.9357,0.8502,0.1219,59.18,TIER_3_RESTRICTED_CAUTION,train
8149,0,0.008,0.8112,0.8677,0.8902,0.4693,71.69,TIER_2_STANDARD_TRUST,train
8150,0,0.6884,0.2925,0.8785,0.9707,0.1331,26.55,TIER_4_QUARANTINE_FRAUD,test
8151,0,0.0786,0.7825,0.9221,0.975,0.4012,71.11,TIER_2_STANDARD_TRUST,train
8152,0,0.5251,0.4161,0.8749,0.6787,0.1583,39.51,TIER_4_QUARANTINE_FRAUD,test
8153,0,0.1484,0.6944,0.836,0.9673,0.1278,57.85,TIER_3_RESTRICTED_CAUTION,train
8154,0,0.0107,0.7973,0.9356,0.8808,0.1181,59.43,TIER_3_RESTRICTED_CAUTION,train
8155,1,0.9616,0.0876,0.8797,0.7332,0.0358,3.69,TIER_4_QUARANTINE_FRAUD,test
8156,1,0.775,0.2251,0.7537,0.406,0.0162,10.16,TIER_4_QUARANTINE_FRAUD,test
8157,0,0.0916,0.743,0.9014,0.9853,0.398,69.87,TIER_2_STANDARD_TRUST,val
8158,1,0.8505,0.1655,0.8833,0.576,0.1573,9.18,TIER_4_QUARANTINE_FRAUD,test
8159,0,0.1694,0.6817,0.9041,0.9895,0.6749,77.85,TIER_2_STANDARD_TRUST,train
8160,0,0.9329,0.104,0.6852,0.2687,0.0241,2.61,TIER_4_QUARANTINE_FRAUD,train
8161,1,0.9731,0.0896,0.8864,0.7135,0.1289,4.16,TIER_4_QUARANTINE_FRAUD,train
8162,1,0.9326,0.1061,0.877,0.7562,0.0281,4.87,TIER_4_QUARANTINE_FRAUD,train
8163,1,0.8783,0.1479,0.8943,0.3729,0.0181,5.49,TIER_4_QUARANTINE_FRAUD,test
8164,0,0.9122,0.1192,0.3581,0.3083,0.0221,2.78,TIER_4_QUARANTINE_FRAUD,train
8165,1,0.9339,0.1024,0.9028,1.0,0.088,5.87,TIER_4_QUARANTINE_FRAUD,train
8166,1,0.7871,0.2217,0.8883,0.8825,0.0364,15.48,TIER_4_QUARANTINE_FRAUD,train
8167,0,0.733,0.2531,0.8961,0.961,0.1637,21.92,TIER_4_QUARANTINE_FRAUD,test
8168,0,0.0763,0.7552,0.8487,0.8532,0.1242,56.82,TIER_3_RESTRICTED_CAUTION,train
8169,1,0.8691,0.1623,0.8687,0.6667,0.0651,8.63,TIER_4_QUARANTINE_FRAUD,train
8170,1,0.8311,0.2045,0.8277,0.9142,0.0209,13.63,TIER_4_QUARANTINE_FRAUD,train
8171,0,0.387,0.6206,0.8891,0.9646,0.4332,66.79,TIER_2_STANDARD_TRUST,val
8172,0,0.4726,0.4528,0.9177,0.865,0.1085,48.19,TIER_3_RESTRICTED_CAUTION,train
8173,0,0.5137,0.4232,0.9072,0.9414,0.1838,47.76,TIER_3_RESTRICTED_CAUTION,test
8174,0,0.2097,0.6778,0.8825,0.9269,0.4737,68.91,TIER_2_STANDARD_TRUST,test
8175,0,0.4832,0.4427,0.9523,0.9193,0.05,46.53,TIER_3_RESTRICTED_CAUTION,train
8176,0,0.0047,0.9175,0.9235,0.9395,0.0088,60.56,TIER_3_RESTRICTED_CAUTION,val
8177,1,0.9749,0.0318,0.8115,0.53,0.1238,0.85,TIER_4_QUARANTINE_FRAUD,train
8178,1,0.8465,0.1681,0.8203,0.8022,0.1193,10.42,TIER_4_QUARANTINE_FRAUD,train
8179,0,0.3455,0.5005,0.8298,0.9753,0.1282,52.18,TIER_3_RESTRICTED_CAUTION,test
8180,1,0.9771,0.0761,0.8817,1.0,0.0635,3.8,TIER_4_QUARANTINE_FRAUD,test
8181,1,0.5987,0.3092,0.8517,0.9103,0.1482,28.09,TIER_4_QUARANTINE_FRAUD,test
8182,0,0.1499,0.7057,0.872,0.8962,0.1494,57.53,TIER_3_RESTRICTED_CAUTION,train
8183,0,0.3312,0.6731,0.9245,0.7306,0.4594,63.78,TIER_3_RESTRICTED_CAUTION,train
8184,0,0.3825,0.5358,0.8186,0.8423,0.9731,79.38,TIER_2_STANDARD_TRUST,train
8185,0,0.8022,0.3296,0.8738,1.0,0.6721,44.8,TIER_4_QUARANTINE_FRAUD,test
8186,0,0.0053,0.9804,0.9292,0.9108,0.4299,76.52,TIER_2_STANDARD_TRUST,val
8187,0,0.1523,0.8201,0.9248,0.7155,0.4947,69.05,TIER_2_STANDARD_TRUST,val
8188,1,0.926,0.1181,0.8807,0.8996,0.4284,8.75,TIER_4_QUARANTINE_FRAUD,test
8189,0,0.0023,0.9163,0.9324,0.8967,0.0366,60.51,TIER_3_RESTRICTED_CAUTION,test
8190,0,0.0288,0.8069,0.9364,0.8691,0.4825,72.19,TIER_2_STANDARD_TRUST,test
8191,0,0.4606,0.5615,0.8645,1.0,0.0593,52.57,TIER_3_RESTRICTED_CAUTION,train
8192,0,0.9574,0.1094,0.8718,0.7883,0.0265,5.19,TIER_4_QUARANTINE_FRAUD,test
8193,0,0.0042,0.833,0.9188,0.8027,0.4204,68.96,TIER_2_STANDARD_TRUST,train
8194,1,0.7711,0.3251,0.8448,0.8,0.1147,27.67,TIER_4_QUARANTINE_FRAUD,train
8195,0,0.899,0.1383,0.7069,0.31,0.0429,4.41,TIER_4_QUARANTINE_FRAUD,train
8196,0,0.0153,0.8054,0.9318,0.9202,0.0914,59.69,TIER_3_RESTRICTED_CAUTION,train
8197,0,0.0199,0.801,0.8884,0.7427,0.5032,69.09,TIER_2_STANDARD_TRUST,train
8198,0,0.2739,0.6029,0.8931,0.7071,0.4682,61.08,TIER_3_RESTRICTED_CAUTION,train
8199,0,0.912,0.1469,0.8999,0.6543,0.1405,8.1,TIER_4_QUARANTINE_FRAUD,test
8200,0,0.8607,0.2679,0.8266,1.0,0.0979,22.79,TIER_4_QUARANTINE_FRAUD,train
8201,0,0.0485,0.8869,0.876,0.9291,0.6513,81.39,TIER_1_VERIFIED_SAFE,train
8202,0,0.264,0.6288,0.9084,0.7557,0.9692,80.76,TIER_1_VERIFIED_SAFE,train
8203,0,0.0617,0.7576,0.8158,0.9028,0.1354,58.2,TIER_3_RESTRICTED_CAUTION,train
8204,0,0.2507,0.6166,0.8603,0.8571,0.1262,52.95,TIER_3_RESTRICTED_CAUTION,train
8205,0,0.0942,0.8368,0.8926,0.8043,0.0905,57.3,TIER_3_RESTRICTED_CAUTION,train
8206,1,0.9627,0.0791,0.8359,0.7121,0.169,3.6,TIER_4_QUARANTINE_FRAUD,train
8207,0,0.8665,0.1586,0.8569,0.8588,0.1391,10.22,TIER_4_QUARANTINE_FRAUD,test
8208,1,0.8246,0.1937,0.8974,0.6431,0.0223,10.58,TIER_4_QUARANTINE_FRAUD,train
8209,0,0.6584,0.3084,0.7601,0.8592,0.1665,27.03,TIER_4_QUARANTINE_FRAUD,test
8210,0,0.008,0.7996,0.9267,0.9467,0.1011,60.46,TIER_3_RESTRICTED_CAUTION,train
8211,0,0.4709,0.5658,0.8621,0.7539,0.1089,48.26,TIER_3_RESTRICTED_CAUTION,train
8212,1,0.9276,0.1266,0.8405,0.7429,0.4367,8.86,TIER_4_QUARANTINE_FRAUD,train
8213,0,0.5498,0.4125,0.921,0.7139,0.0173,35.76,TIER_4_QUARANTINE_FRAUD,val
8214,1,0.9772,0.0731,0.8393,0.9142,0.1179,3.54,TIER_4_QUARANTINE_FRAUD,train
8215,0,0.2198,0.6609,0.8912,0.6578,0.0362,46.45,TIER_3_RESTRICTED_CAUTION,train
8216,0,0.5849,0.3844,0.8617,0.9745,0.1435,40.36,TIER_4_QUARANTINE_FRAUD,val
8217,0,0.0324,0.9,0.9243,0.7182,0.4931,71.46,TIER_2_STANDARD_TRUST,train
8218,1,0.8939,0.1455,0.8637,0.3067,0.0222,4.94,TIER_4_QUARANTINE_FRAUD,train
8219,1,0.8891,0.1624,0.9031,0.3325,0.0292,6.18,TIER_4_QUARANTINE_FRAUD,train
8220,0,0.043,0.8983,0.9231,0.8282,0.5153,74.92,TIER_2_STANDARD_TRUST,val
8221,0,0.4024,0.608,0.887,0.7094,0.1455,49.94,TIER_3_RESTRICTED_CAUTION,test
8222,0,0.1258,0.7113,0.888,0.7961,0.1791,56.39,TIER_3_RESTRICTED_CAUTION,train
8223,1,0.0056,0.9108,0.9078,0.98,0.0906,64.07,TIER_3_RESTRICTED_CAUTION,train
8224,0,0.9394,0.0984,0.8572,0.3633,0.0264,2.98,TIER_4_QUARANTINE_FRAUD,train
8225,0,0.011,0.8069,0.9247,0.9058,0.0967,59.48,TIER_3_RESTRICTED_CAUTION,train
8226,0,0.0558,0.8984,0.9068,0.8884,0.5635,77.95,TIER_2_STANDARD_TRUST,test
8227,1,0.2541,0.6243,0.8984,1.0,0.1097,56.55,TIER_3_RESTRICTED_CAUTION,test
8228,1,0.6951,0.2962,0.9046,1.0,0.1902,28.79,TIER_4_QUARANTINE_FRAUD,train
8229,0,0.0233,0.9134,0.922,0.8979,0.4532,74.93,TIER_2_STANDARD_TRUST,train
8230,0,0.058,0.884,0.9305,0.8767,0.0173,58.35,TIER_3_RESTRICTED_CAUTION,test
8231,0,0.0561,0.7968,0.9091,0.8914,0.0187,55.93,TIER_3_RESTRICTED_CAUTION,test
8232,0,0.1165,0.7194,0.9099,0.9292,0.1125,57.85,TIER_3_RESTRICTED_CAUTION,train
8233,0,0.0397,0.7771,0.9257,0.8807,0.0997,58.08,TIER_3_RESTRICTED_CAUTION,train
8234,1,0.9393,0.1071,0.8776,0.6809,0.036,4.69,TIER_4_QUARANTINE_FRAUD,train
8235,0,0.0885,0.7694,0.8994,0.9646,0.1631,61.9,TIER_3_RESTRICTED_CAUTION,train
8236,0,0.0713,0.7513,0.8692,0.9336,0.1709,60.55,TIER_3_RESTRICTED_CAUTION,test
8237,0,0.4754,0.4602,0.8622,0.635,0.1967,45.19,TIER_3_RESTRICTED_CAUTION,train
8238,0,0.3522,0.5742,0.9305,0.6013,0.4595,57.65,TIER_3_RESTRICTED_CAUTION,train
8239,0,0.0135,0.9147,0.8722,0.825,0.4672,73.14,TIER_2_STANDARD_TRUST,test
8240,0,0.0057,0.7981,0.9265,0.8555,0.108,58.38,TIER_3_RESTRICTED_CAUTION,test
8241,0,0.7732,0.2566,0.9228,0.975,0.4511,27.51,TIER_4_QUARANTINE_FRAUD,test
8242,0,0.2804,0.717,0.8899,0.7581,0.4916,66.57,TIER_2_STANDARD_TRUST,train
8243,1,0.3908,0.5224,0.8928,0.7675,0.4279,58.76,TIER_3_RESTRICTED_CAUTION,test
8244,0,0.5185,0.4313,0.8672,0.6867,0.1168,40.57,TIER_4_QUARANTINE_FRAUD,val
8245,0,0.0044,0.8279,0.9201,0.848,0.464,71.48,TIER_2_STANDARD_TRUST,train
8246,0,0.6266,0.3471,0.9135,0.9403,0.0324,31.54,TIER_4_QUARANTINE_FRAUD,train
8247,1,0.0786,0.7057,0.6217,0.8079,0.1309,52.17,TIER_3_RESTRICTED_CAUTION,test
8248,0,0.0146,0.7974,0.9326,0.865,0.1462,59.99,TIER_3_RESTRICTED_CAUTION,train
8249,1,0.9901,0.0677,0.8729,0.7012,0.1269,2.79,TIER_4_QUARANTINE_FRAUD,train
8250,0,0.0087,0.8263,0.933,0.9427,0.4237,72.52,TIER_2_STANDARD_TRUST,val
8251,1,0.9439,0.1255,0.7908,0.7009,0.0504,5.89,TIER_4_QUARANTINE_FRAUD,train
8252,0,0.9227,0.1205,0.8589,0.775,0.0279,5.87,TIER_4_QUARANTINE_FRAUD,train
8253,0,0.0051,0.9863,0.9202,0.9631,0.4208,77.6,TIER_2_STANDARD_TRUST,train
8254,1,0.9852,0.0827,0.7349,0.7189,0.1254,3.56,TIER_4_QUARANTINE_FRAUD,test
8255,0,0.013,0.8146,0.9107,0.9124,0.1082,60.14,TIER_3_RESTRICTED_CAUTION,train
8256,1,0.8789,0.1787,0.8497,0.6867,0.1226,10.63,TIER_4_QUARANTINE_FRAUD,train
8257,0,0.0689,0.8742,0.8509,0.9285,0.9835,92.37,TIER_1_VERIFIED_SAFE,train
8258,0,0.6302,0.3307,0.9189,1.0,0.1897,34.0,TIER_4_QUARANTINE_FRAUD,test
8259,0,0.8698,0.1853,0.878,0.7861,0.0986,11.82,TIER_4_QUARANTINE_FRAUD,test
8260,1,0.8957,0.2573,0.8912,0.5374,0.4529,22.2,TIER_4_QUARANTINE_FRAUD,test
8261,0,0.0084,0.8064,0.8977,0.9303,0.1272,60.88,TIER_3_RESTRICTED_CAUTION,train
8262,1,0.8784,0.102,0.7896,0.8803,0.1174,5.38,TIER_4_QUARANTINE_FRAUD,val
8263,0,0.0081,0.8118,0.9245,0.8445,0.031,55.8,TIER_3_RESTRICTED_CAUTION,train
8264,0,0.8025,0.2243,0.8599,0.78,0.1608,16.36,TIER_4_QUARANTINE_FRAUD,train
8265,0,0.4911,0.5718,0.8943,0.7332,0.4278,59.4,TIER_3_RESTRICTED_CAUTION,train
8266,0,0.8388,0.1455,0.8332,0.9673,0.1314,9.55,TIER_4_QUARANTINE_FRAUD,train
8267,1,0.6027,0.3531,0.8415,0.9225,0.1098,33.5,TIER_4_QUARANTINE_FRAUD,test
8268,0,0.8805,0.2751,0.8219,0.941,0.1323,23.53,TIER_4_QUARANTINE_FRAUD,train
8269,0,0.1413,0.8227,0.9214,0.917,0.4351,72.05,TIER_2_STANDARD_TRUST,test
8270,0,0.8125,0.1956,0.8407,0.8192,0.0428,12.27,TIER_4_QUARANTINE_FRAUD,train
8271,0,0.0037,0.8065,0.8992,0.9066,0.1161,59.92,TIER_3_RESTRICTED_CAUTION,train
8272,0,0.6334,0.3429,0.8764,0.995,0.1672,34.97,TIER_4_QUARANTINE_FRAUD,train
8273,1,0.8519,0.1636,0.839,0.8228,0.1204,10.22,TIER_4_QUARANTINE_FRAUD,train
8274,0,0.8988,0.1307,0.495,0.5907,0.0242,4.91,TIER_4_QUARANTINE_FRAUD,test
8275,0,0.6997,0.3025,0.8155,0.9142,0.1465,26.98,TIER_4_QUARANTINE_FRAUD,test
8276,1,0.9093,0.1589,0.8349,0.7951,0.1096,9.52,TIER_4_QUARANTINE_FRAUD,train
8277,0,0.0222,0.923,0.9371,0.7333,0.4499,71.14,TIER_2_STANDARD_TRUST,test
8278,1,0.839,0.161,0.7929,0.6995,0.1096,8.96,TIER_4_QUARANTINE_FRAUD,train
8279,1,0.9084,0.1387,0.829,0.8319,0.0392,7.5,TIER_4_QUARANTINE_FRAUD,train
8280,0,0.0481,0.9047,0.9065,0.8122,0.5074,74.27,TIER_2_STANDARD_TRUST,train
8281,0,0.1796,0.7017,0.884,0.8305,0.974,84.74,TIER_1_VERIFIED_SAFE,train
8282,0,0.0049,0.7987,0.8977,0.9063,0.103,59.2,TIER_3_RESTRICTED_CAUTION,train
8283,0,0.1119,0.844,0.892,0.98,0.1269,63.18,TIER_3_RESTRICTED_CAUTION,val
8284,0,0.0082,0.9266,0.9,0.9402,0.4688,76.71,TIER_2_STANDARD_TRUST,val
8285,1,0.4414,0.4592,0.8673,0.8816,0.1045,48.14,TIER_3_RESTRICTED_CAUTION,test
8286,0,0.5677,0.4143,0.8588,0.7425,0.4453,49.54,TIER_3_RESTRICTED_CAUTION,train
8287,1,0.9217,0.1194,0.8316,0.7812,0.4652,8.5,TIER_4_QUARANTINE_FRAUD,train
8288,0,0.1422,0.7213,0.8718,0.83,0.4467,66.74,TIER_2_STANDARD_TRUST,train
8289,0,0.5417,0.3954,0.9128,0.7233,0.0423,34.28,TIER_4_QUARANTINE_FRAUD,train
8290,0,0.6177,0.3413,0.85,0.8558,0.1317,31.23,TIER_4_QUARANTINE_FRAUD,train
8291,1,0.8241,0.194,0.875,0.5974,0.0137,10.04,TIER_4_QUARANTINE_FRAUD,train
8292,0,0.0006,0.9322,0.9349,0.9334,0.4443,76.2,TIER_2_STANDARD_TRUST,train
8293,0,0.2914,0.6161,0.8698,0.878,0.141,54.06,TIER_3_RESTRICTED_CAUTION,train
8294,0,0.6065,0.3781,0.8506,0.9528,0.1049,37.75,TIER_4_QUARANTINE_FRAUD,train
8295,0,0.0759,0.8879,0.9148,0.5824,0.9589,83.91,TIER_1_VERIFIED_SAFE,test
8296,0,0.0039,0.9874,0.9636,0.8967,0.4421,77.15,TIER_2_STANDARD_TRUST,train
8297,0,0.5158,0.4226,0.8516,0.6525,0.107,38.02,TIER_4_QUARANTINE_FRAUD,train
8298,0,0.1366,0.7186,0.9106,0.7756,0.0319,51.17,TIER_3_RESTRICTED_CAUTION,test
8299,0,0.4213,0.492,0.843,0.8777,0.1223,49.41,TIER_3_RESTRICTED_CAUTION,train
8300,1,0.9484,0.1227,0.901,1.0,0.9532,13.12,TIER_4_QUARANTINE_FRAUD,train
8301,1,0.9744,0.0753,0.8366,0.6328,0.0275,2.68,TIER_4_QUARANTINE_FRAUD,train
8302,0,0.3052,0.5978,0.8849,0.8747,0.442,64.12,TIER_3_RESTRICTED_CAUTION,train
8303,0,0.1595,0.8233,0.9544,0.7729,0.4671,69.91,TIER_2_STANDARD_TRUST,train
8304,0,0.1709,0.6936,0.9131,0.9375,0.4375,68.69,TIER_2_STANDARD_TRUST,val
8305,0,0.7695,0.2414,0.8819,0.7422,0.1003,16.97,TIER_4_QUARANTINE_FRAUD,train
8306,0,0.4337,0.4774,0.9177,0.9296,0.184,53.18,TIER_3_RESTRICTED_CAUTION,test
8307,1,0.3129,0.5702,0.8416,0.9453,0.0366,50.44,TIER_3_RESTRICTED_CAUTION,train
8308,0,0.0035,0.9116,0.9149,0.9444,0.4347,75.32,TIER_2_STANDARD_TRUST,train
8309,0,0.8156,0.1927,0.8423,0.3007,0.0442,7.72,TIER_4_QUARANTINE_FRAUD,train
8310,1,0.9899,0.0759,0.8634,0.5374,0.0219,2.48,TIER_4_QUARANTINE_FRAUD,train
8311,0,0.8134,0.1935,0.8327,0.9114,0.1479,14.06,TIER_4_QUARANTINE_FRAUD,test
8312,1,0.8612,0.1639,0.8145,0.9096,0.1409,10.96,TIER_4_QUARANTINE_FRAUD,train
8313,0,0.0859,0.8686,0.9196,0.77,0.9661,88.32,TIER_1_VERIFIED_SAFE,train
8314,0,0.9152,0.1203,0.8732,0.7818,0.1031,6.39,TIER_4_QUARANTINE_FRAUD,train
8315,0,0.7271,0.2124,0.8299,0.8372,0.1231,15.04,TIER_4_QUARANTINE_FRAUD,train
8316,0,0.4832,0.4391,0.7323,0.7825,0.2607,47.65,TIER_3_RESTRICTED_CAUTION,train
8317,1,0.6397,0.3578,0.8876,0.8467,0.1444,34.01,TIER_4_QUARANTINE_FRAUD,train
8318,1,0.9551,0.1153,0.8812,0.8392,0.1216,6.39,TIER_4_QUARANTINE_FRAUD,train
8319,1,0.8951,0.1127,0.8979,0.6586,0.0253,4.91,TIER_4_QUARANTINE_FRAUD,train
8320,0,0.0092,0.8336,1.0,0.8467,0.4261,71.09,TIER_2_STANDARD_TRUST,train
8321,0,0.0067,0.7998,0.9278,0.9724,0.0948,60.9,TIER_3_RESTRICTED_CAUTION,train
8322,0,0.0057,0.8016,0.8661,0.8737,0.1305,59.12,TIER_3_RESTRICTED_CAUTION,train
8323,0,0.571,0.4088,0.895,0.92,0.1405,43.37,TIER_4_QUARANTINE_FRAUD,train
8324,0,0.2625,0.6099,0.88,0.9525,0.1221,55.18,TIER_3_RESTRICTED_CAUTION,train
8325,0,0.9117,0.1469,0.836,1.0,0.0544,9.25,TIER_4_QUARANTINE_FRAUD,train
8326,0,0.0079,0.799,0.9241,0.8828,0.0919,58.5,TIER_3_RESTRICTED_CAUTION,train
8327,0,0.0647,0.7922,0.9189,0.8212,0.9634,87.2,TIER_1_VERIFIED_SAFE,test
8328,0,0.3897,0.6352,0.8335,0.948,0.132,55.71,TIER_3_RESTRICTED_CAUTION,train
8329,0,0.8132,0.1422,0.791,0.8451,0.1497,8.62,TIER_4_QUARANTINE_FRAUD,test
8330,0,0.7827,0.1712,0.8522,0.8487,0.1211,11.14,TIER_4_QUARANTINE_FRAUD,train
8331,1,0.6416,0.2937,0.8541,0.6424,0.1355,21.92,TIER_4_QUARANTINE_FRAUD,test
8332,0,0.8319,0.3,0.9273,0.5407,0.0212,19.2,TIER_4_QUARANTINE_FRAUD,train
8333,0,0.2612,0.637,0.8638,0.9052,0.4393,65.75,TIER_2_STANDARD_TRUST,train
8334,0,0.3258,0.5965,0.9196,0.7641,0.4866,63.22,TIER_3_RESTRICTED_CAUTION,train
8335,0,0.8247,0.184,0.9131,0.6919,0.1293,11.4,TIER_4_QUARANTINE_FRAUD,train
8336,0,0.0087,0.9051,0.9402,0.938,0.1209,64.23,TIER_3_RESTRICTED_CAUTION,train
8337,0,0.0657,0.76,0.8552,0.9695,0.1341,60.28,TIER_3_RESTRICTED_CAUTION,train
8338,1,0.8977,0.1389,0.9,0.635,0.0479,6.66,TIER_4_QUARANTINE_FRAUD,test
8339,0,0.0525,0.7757,0.8476,0.8,0.0308,52.83,TIER_3_RESTRICTED_CAUTION,train
8340,1,0.8546,0.168,0.8918,0.906,0.1273,11.41,TIER_4_QUARANTINE_FRAUD,train
8341,0,0.913,0.1204,0.8011,0.6517,0.0656,5.44,TIER_4_QUARANTINE_FRAUD,val
8342,0,0.0153,0.9251,0.9232,0.878,0.4195,73.62,TIER_2_STANDARD_TRUST,train
8343,0,0.0005,0.8041,0.897,0.995,0.112,61.89,TIER_3_RESTRICTED_CAUTION,train
8344,0,0.0064,0.9148,0.9338,0.81,0.4253,71.92,TIER_2_STANDARD_TRUST,train
8345,0,0.2256,0.6348,0.8629,0.8804,0.1154,53.72,TIER_3_RESTRICTED_CAUTION,val
8346,0,0.8787,0.147,0.8559,0.9464,0.1123,9.47,TIER_4_QUARANTINE_FRAUD,train
8347,0,0.2475,0.7471,0.9096,0.6795,0.9654,82.29,TIER_1_VERIFIED_SAFE,test
8348,0,0.088,0.7379,0.8614,0.7865,0.1084,54.21,TIER_3_RESTRICTED_CAUTION,val
8349,0,0.9388,0.1143,0.8528,0.6867,0.1354,5.7,TIER_4_QUARANTINE_FRAUD,train
8350,1,0.9345,0.1051,0.8444,1.0,0.1358,6.24,TIER_4_QUARANTINE_FRAUD,test
8351,1,0.8795,0.2783,0.8491,0.7967,0.0443,20.51,TIER_4_QUARANTINE_FRAUD,train
8352,1,0.3345,0.5796,0.8925,0.7906,0.0609,48.21,TIER_3_RESTRICTED_CAUTION,train
8353,0,0.0042,0.902,0.924,0.9051,0.1131,62.89,TIER_3_RESTRICTED_CAUTION,train
8354,0,0.0691,0.795,0.9283,0.8185,0.4324,68.73,TIER_2_STANDARD_TRUST,train
8355,1,0.9526,0.0909,0.8351,0.8422,0.0262,4.13,TIER_4_QUARANTINE_FRAUD,test
8356,0,0.6457,0.3314,0.869,0.7413,0.1235,27.87,TIER_4_QUARANTINE_FRAUD,train
8357,0,0.9106,0.131,0.7967,0.8122,0.1224,7.34,TIER_4_QUARANTINE_FRAUD,train
8358,1,0.9583,0.0512,0.7844,0.8308,0.113,2.02,TIER_4_QUARANTINE_FRAUD,train
8359,0,0.0371,0.7806,0.8966,0.9532,0.1805,62.53,TIER_3_RESTRICTED_CAUTION,test
8360,0,0.0636,0.8836,0.9118,0.7892,0.4999,72.85,TIER_2_STANDARD_TRUST,train
8361,1,0.742,0.1996,0.8854,0.7475,0.0623,12.41,TIER_4_QUARANTINE_FRAUD,train
8362,0,0.5676,0.3913,0.9385,0.8605,0.1684,40.46,TIER_4_QUARANTINE_FRAUD,train
8363,0,0.2503,0.6348,0.9377,0.7121,0.0747,48.84,TIER_3_RESTRICTED_CAUTION,train
8364,0,0.0412,0.7874,0.8874,0.7667,0.1901,58.32,TIER_3_RESTRICTED_CAUTION,val
8365,0,0.0409,0.8913,0.9069,0.8685,0.4237,72.35,TIER_2_STANDARD_TRUST,train
8366,0,0.0099,0.8668,0.9387,0.9762,0.4208,74.52,TIER_2_STANDARD_TRUST,test
8367,1,0.9217,0.1125,0.7239,0.7576,0.142,5.69,TIER_4_QUARANTINE_FRAUD,train
8368,0,0.1206,0.7155,0.9117,0.951,0.1278,58.83,TIER_3_RESTRICTED_CAUTION,train
8369,1,0.9453,0.098,0.8523,0.8081,0.1092,4.89,TIER_4_QUARANTINE_FRAUD,train
8370,0,0.0294,0.7882,0.9184,0.8713,0.0223,55.4,TIER_3_RESTRICTED_CAUTION,train
8371,0,0.7965,0.2333,0.912,0.6543,0.0941,15.22,TIER_4_QUARANTINE_FRAUD,train
8372,0,0.0017,0.9405,0.9232,0.9303,0.4446,76.27,TIER_2_STANDARD_TRUST,train
8373,0,0.6934,0.3137,0.8695,0.8971,0.5251,36.85,TIER_4_QUARANTINE_FRAUD,val
8374,0,0.0706,0.7566,0.9032,0.9458,0.0134,55.84,TIER_3_RESTRICTED_CAUTION,train
8375,0,0.9489,0.1124,0.9033,0.6543,0.0205,4.86,TIER_4_QUARANTINE_FRAUD,train
8376,0,0.3643,0.5335,0.8771,0.927,0.1137,51.93,TIER_3_RESTRICTED_CAUTION,train
8377,0,0.0277,0.9083,0.8255,0.943,0.3655,71.87,TIER_2_STANDARD_TRUST,test
8378,0,0.1927,0.6637,0.8977,1.0,0.6749,77.51,TIER_2_STANDARD_TRUST,test
8379,0,0.0805,0.7635,0.8651,0.905,0.1008,57.71,TIER_3_RESTRICTED_CAUTION,test
8380,1,0.959,0.1084,0.8793,0.6702,0.1294,5.24,TIER_4_QUARANTINE_FRAUD,train
8381,1,0.5862,0.3994,0.8741,0.8145,0.454,48.8,TIER_3_RESTRICTED_CAUTION,test
8382,0,0.001,0.8088,0.8902,0.9818,0.0463,59.33,TIER_3_RESTRICTED_CAUTION,train
8383,0,0.7225,0.2708,0.882,1.0,0.1973,25.24,TIER_4_QUARANTINE_FRAUD,train
8384,0,0.6451,0.3246,0.92,0.8578,0.1624,30.13,TIER_4_QUARANTINE_FRAUD,val
8385,0,0.8628,0.1647,0.9105,0.8286,0.0578,9.96,TIER_4_QUARANTINE_FRAUD,train
8386,0,0.0019,0.9163,0.8892,0.9475,0.4457,75.67,TIER_2_STANDARD_TRUST,test
8387,0,0.7483,0.2614,0.9155,0.7568,0.2052,21.27,TIER_4_QUARANTINE_FRAUD,train
8388,0,0.4594,0.4748,0.8678,0.8719,0.1437,49.75,TIER_3_RESTRICTED_CAUTION,train
8389,0,0.0007,0.804,0.9245,0.985,0.0084,58.28,TIER_3_RESTRICTED_CAUTION,train
8390,1,0.9562,0.0998,0.8808,1.0,0.0922,5.65,TIER_4_QUARANTINE_FRAUD,train
8391,0,0.4129,0.5087,0.8885,0.8675,0.1465,50.96,TIER_3_RESTRICTED_CAUTION,train
8392,0,0.4036,0.5018,0.8728,0.9044,0.133,51.05,TIER_3_RESTRICTED_CAUTION,train
8393,0,0.8125,0.2293,0.8385,0.7611,0.0951,15.66,TIER_4_QUARANTINE_FRAUD,train
8394,0,0.6051,0.4511,0.8733,0.8171,0.0967,46.08,TIER_3_RESTRICTED_CAUTION,train
8395,0,0.0067,0.9227,0.9243,0.7383,0.0664,57.71,TIER_3_RESTRICTED_CAUTION,train
8396,0,0.107,0.732,0.9249,0.6844,0.0909,51.5,TIER_3_RESTRICTED_CAUTION,train
8397,0,0.0974,0.7312,0.8635,0.9841,0.1378,60.0,TIER_3_RESTRICTED_CAUTION,test
8398,0,0.0078,0.9163,0.9181,0.8681,0.4661,74.69,TIER_2_STANDARD_TRUST,test
8399,0,0.0012,0.9105,0.9282,0.8599,0.4413,73.54,TIER_2_STANDARD_TRUST,train
8400,1,0.5108,0.4363,0.7925,0.4875,0.0215,32.62,TIER_4_QUARANTINE_FRAUD,train
8401,1,0.9737,0.0288,0.7763,0.9114,0.1222,1.0,TIER_4_QUARANTINE_FRAUD,train
8402,1,0.9428,0.1081,0.8386,0.4903,0.0201,3.85,TIER_4_QUARANTINE_FRAUD,test
8403,0,0.6088,0.3491,0.8871,0.8694,0.1287,32.78,TIER_4_QUARANTINE_FRAUD,train
8404,0,0.0012,0.8066,0.9239,0.8084,0.0364,54.92,TIER_3_RESTRICTED_CAUTION,train
8405,1,0.9621,0.0854,0.8963,1.0,0.1514,4.82,TIER_4_QUARANTINE_FRAUD,train
8406,1,0.9331,0.0544,0.8053,0.8172,0.04,2.02,TIER_4_QUARANTINE_FRAUD,val
8407,1,0.8494,0.272,0.872,0.7476,0.0191,18.83,TIER_4_QUARANTINE_FRAUD,train
8408,1,0.9785,0.1882,0.9003,1.0,0.1711,14.69,TIER_4_QUARANTINE_FRAUD,train
8409,0,0.9002,0.1316,0.8662,0.8564,0.0989,7.58,TIER_4_QUARANTINE_FRAUD,train
8410,1,0.7241,0.2877,0.8541,0.78,0.5459,31.18,TIER_4_QUARANTINE_FRAUD,train
8411,0,0.004,0.827,0.8837,1.0,0.104,62.29,TIER_3_RESTRICTED_CAUTION,val
8412,0,0.9266,0.1316,0.8546,0.8508,0.0333,7.06,TIER_4_QUARANTINE_FRAUD,train
8413,0,0.0534,0.794,0.9269,0.7071,0.5692,70.69,TIER_2_STANDARD_TRUST,test
8414,1,0.9467,0.1178,0.9048,0.4523,0.0134,4.27,TIER_4_QUARANTINE_FRAUD,train
8415,0,0.2117,0.6828,0.8514,0.925,0.495,69.45,TIER_2_STANDARD_TRUST,train
8416,0,0.6375,0.3365,0.9126,0.995,0.0153,30.59,TIER_4_QUARANTINE_FRAUD,val
8417,0,0.0165,0.7919,0.9156,0.9208,0.0937,59.21,TIER_3_RESTRICTED_CAUTION,train
8418,1,0.7904,0.2212,0.8012,0.9046,0.1312,16.62,TIER_4_QUARANTINE_FRAUD,test
8419,1,0.8803,0.1448,0.8479,0.3392,0.0257,5.08,TIER_4_QUARANTINE_FRAUD,train
8420,0,0.5826,0.4705,0.8857,0.9296,0.4014,60.26,TIER_3_RESTRICTED_CAUTION,val
8421,0,0.8905,0.1385,0.8333,0.3456,0.0395,4.86,TIER_4_QUARANTINE_FRAUD,train
8422,0,0.0047,0.8021,0.8704,0.8952,0.1351,59.87,TIER_3_RESTRICTED_CAUTION,test
8423,0,0.0116,0.9324,0.9107,0.848,0.4414,73.73,TIER_2_STANDARD_TRUST,train
8424,1,0.9059,0.1491,0.8584,0.8055,0.1145,8.85,TIER_4_QUARANTINE_FRAUD,train
8425,1,0.9502,0.0922,0.8977,1.0,0.55,7.13,TIER_4_QUARANTINE_FRAUD,val
8426,0,0.3631,0.5391,0.9202,0.9302,0.0465,50.26,TIER_3_RESTRICTED_CAUTION,test
8427,0,0.1653,0.7027,0.9242,0.7538,0.4965,66.55,TIER_2_STANDARD_TRUST,train
8428,0,0.9646,0.0842,0.8911,0.887,0.0477,3.99,TIER_4_QUARANTINE_FRAUD,train
8429,0,0.0258,0.9227,0.9205,0.8222,0.4427,72.94,TIER_2_STANDARD_TRUST,val
8430,1,0.8845,0.1607,0.8837,0.8586,0.1251,10.35,TIER_4_QUARANTINE_FRAUD,train
8431,1,0.9767,0.0734,0.884,1.0,0.1041,3.76,TIER_4_QUARANTINE_FRAUD,train
8432,0,0.9327,0.1057,0.8293,0.9033,0.1493,5.97,TIER_4_QUARANTINE_FRAUD,train
8433,0,0.1992,0.7669,0.9241,0.865,0.0702,56.33,TIER_3_RESTRICTED_CAUTION,train
8434,0,0.0072,0.9804,0.9434,0.8943,0.425,76.08,TIER_2_STANDARD_TRUST,train
8435,0,0.0183,0.7885,0.8805,0.8613,0.1116,57.9,TIER_3_RESTRICTED_CAUTION,val
8436,1,0.9535,0.096,0.8993,0.7221,0.0353,4.18,TIER_4_QUARANTINE_FRAUD,val
8437,0,0.8068,0.203,0.9151,0.7094,0.0205,11.97,TIER_4_QUARANTINE_FRAUD,train
8438,1,0.8756,0.1479,0.8466,0.7657,0.1074,8.43,TIER_4_QUARANTINE_FRAUD,train
8439,0,0.0179,0.92,0.8978,0.8,0.9654,90.37,TIER_1_VERIFIED_SAFE,train
8440,0,0.4344,0.4779,0.9134,0.98,0.1612,53.61,TIER_3_RESTRICTED_CAUTION,test
8441,0,0.3872,0.5423,0.8637,0.8273,0.0973,49.0,TIER_3_RESTRICTED_CAUTION,train
8442,0,0.0123,0.7996,0.9393,0.9542,0.1579,62.76,TIER_3_RESTRICTED_CAUTION,train
8443,0,0.5018,0.4286,0.8644,0.9637,0.1355,47.25,TIER_3_RESTRICTED_CAUTION,train
8444,0,0.0079,0.7992,0.945,0.8969,0.1195,60.03,TIER_3_RESTRICTED_CAUTION,train
8445,0,0.7963,0.2062,0.8376,0.786,0.1205,13.93,TIER_4_QUARANTINE_FRAUD,train
8446,0,0.3455,0.5456,0.8945,0.9967,0.1864,56.76,TIER_3_RESTRICTED_CAUTION,test
8447,1,0.6958,0.2839,0.8378,0.2958,0.0236,13.8,TIER_4_QUARANTINE_FRAUD,train
8448,0,0.7618,0.2424,0.8804,0.8938,0.0465,17.92,TIER_4_QUARANTINE_FRAUD,val
8449,0,0.0066,0.7976,0.9195,0.9683,0.1094,61.16,TIER_3_RESTRICTED_CAUTION,val
8450,0,0.9118,0.149,0.8764,0.7667,0.4564,11.5,TIER_4_QUARANTINE_FRAUD,train
8451,1,0.9152,0.0659,0.8711,0.9091,0.124,3.11,TIER_4_QUARANTINE_FRAUD,train
8452,0,0.0764,0.8492,0.9326,0.8065,0.0599,57.06,TIER_3_RESTRICTED_CAUTION,train
8453,0,0.0062,0.8021,0.8723,0.8536,0.0961,57.49,TIER_3_RESTRICTED_CAUTION,train
8454,0,0.1389,0.8318,0.9091,0.6409,0.4711,66.56,TIER_2_STANDARD_TRUST,val
8455,0,0.6395,0.4504,0.9239,0.635,0.155,44.05,TIER_4_QUARANTINE_FRAUD,val
8456,0,0.0002,0.9326,0.9267,0.8398,0.4362,73.51,TIER_2_STANDARD_TRUST,test
8457,0,0.2278,0.7702,0.9154,0.7463,0.4201,65.62,TIER_2_STANDARD_TRUST,train
8458,0,0.9,0.1534,0.8966,0.8122,0.0896,9.14,TIER_4_QUARANTINE_FRAUD,train
8459,1,0.7308,0.2661,0.8892,0.4596,0.0163,14.62,TIER_4_QUARANTINE_FRAUD,test
8460,1,0.2186,0.6657,0.8058,0.8805,0.1055,53.73,TIER_3_RESTRICTED_CAUTION,train
8461,0,0.0052,0.9725,0.9101,0.9877,0.4046,77.13,TIER_2_STANDARD_TRUST,train
8462,0,0.0129,0.8196,0.8839,0.81,0.1392,58.55,TIER_3_RESTRICTED_CAUTION,train
8463,0,0.0025,0.839,0.9134,0.9511,0.4333,73.25,TIER_2_STANDARD_TRUST,train
8464,0,0.1328,0.7021,0.8847,0.8969,0.1044,55.99,TIER_3_RESTRICTED_CAUTION,train
8465,0,0.0604,0.7611,0.8841,0.8103,0.105,55.6,TIER_3_RESTRICTED_CAUTION,test
8466,0,0.0106,0.8245,0.9294,0.9544,0.1064,61.61,TIER_3_RESTRICTED_CAUTION,train
8467,0,0.0074,0.927,0.9233,0.9614,0.4349,76.3,TIER_2_STANDARD_TRUST,train
8468,0,0.0978,0.7302,0.8749,0.8439,0.1008,55.28,TIER_3_RESTRICTED_CAUTION,train
8469,0,0.0865,0.7451,0.9129,0.8186,0.4288,66.95,TIER_2_STANDARD_TRUST,train
8470,0,0.569,0.3817,0.8542,0.97,0.1595,40.22,TIER_4_QUARANTINE_FRAUD,train
8471,0,0.982,0.099,0.9062,0.3842,0.0205,3.12,TIER_4_QUARANTINE_FRAUD,train
8472,0,0.9049,0.1242,0.7841,0.2674,0.0187,3.55,TIER_4_QUARANTINE_FRAUD,train
8473,0,0.0531,0.777,0.8791,0.995,0.0208,57.71,TIER_3_RESTRICTED_CAUTION,test
8474,1,0.9628,0.2187,0.8462,0.8,0.5245,20.89,TIER_4_QUARANTINE_FRAUD,train
8475,0,0.1752,0.6712,0.8881,0.7,0.0675,48.88,TIER_3_RESTRICTED_CAUTION,train
8476,1,0.9728,0.0449,0.8185,1.0,0.0392,1.8,TIER_4_QUARANTINE_FRAUD,test
8477,0,0.4343,0.4869,0.9289,0.8436,0.126,49.4,TIER_3_RESTRICTED_CAUTION,test
8478,0,0.0069,0.8216,0.9105,0.916,0.0401,58.06,TIER_3_RESTRICTED_CAUTION,train
8479,0,0.0242,0.9623,0.9022,0.9218,0.419,75.6,TIER_2_STANDARD_TRUST,train
8480,0,0.0071,0.9853,0.9284,0.9263,0.4205,76.72,TIER_2_STANDARD_TRUST,train
8481,0,0.3041,0.5844,0.91,0.6478,0.0468,44.46,TIER_4_QUARANTINE_FRAUD,train
8482,0,0.0088,0.8285,0.9228,0.9617,0.433,73.28,TIER_2_STANDARD_TRUST,train
8483,0,0.2754,0.6039,0.8759,0.7044,0.0305,45.55,TIER_3_RESTRICTED_CAUTION,train
8484,1,0.9224,0.062,0.8409,0.663,0.0626,2.21,TIER_4_QUARANTINE_FRAUD,train
8485,0,0.0008,0.9173,0.9311,0.8558,0.4455,73.82,TIER_2_STANDARD_TRUST,train
8486,0,0.014,0.7937,0.9266,0.9177,0.0924,59.26,TIER_3_RESTRICTED_CAUTION,train
8487,1,0.7801,0.2207,0.8461,0.7891,0.1115,15.34,TIER_4_QUARANTINE_FRAUD,train
8488,0,0.1159,0.853,0.8853,0.9488,0.4422,73.64,TIER_2_STANDARD_TRUST,val
8489,1,0.9068,0.1535,0.8471,0.7917,0.1095,9.07,TIER_4_QUARANTINE_FRAUD,val
8490,1,0.9532,0.0888,0.8955,1.0,0.0497,4.65,TIER_4_QUARANTINE_FRAUD,test
8491,1,0.99,0.0617,0.8816,0.46,0.1144,1.98,TIER_4_QUARANTINE_FRAUD,test
8492,1,0.282,0.5933,0.8661,0.2825,0.023,34.33,TIER_4_QUARANTINE_FRAUD,train
8493,0,0.033,0.9098,0.9146,0.64,0.4233,67.25,TIER_2_STANDARD_TRUST,train
8494,1,0.864,0.1634,0.8084,0.89,0.1592,10.93,TIER_4_QUARANTINE_FRAUD,train
8495,0,0.2909,0.5893,0.9002,0.7611,0.0705,48.18,TIER_3_RESTRICTED_CAUTION,train
8496,1,0.759,0.245,0.8599,0.2708,0.0522,11.13,TIER_4_QUARANTINE_FRAUD,train
8497,1,0.9581,0.0942,0.8752,0.6155,0.0506,3.76,TIER_4_QUARANTINE_FRAUD,train
8498,0,0.5654,0.4104,0.9018,0.8512,0.451,51.81,TIER_3_RESTRICTED_CAUTION,train
8499,0,0.0035,0.9018,0.9278,0.9343,0.1122,63.62,TIER_3_RESTRICTED_CAUTION,train
8500,0,0.008,0.9363,0.9239,0.8893,0.481,76.4,TIER_2_STANDARD_TRUST,val
8501,0,0.0452,0.7895,0.9275,0.5407,0.0773,49.18,TIER_3_RESTRICTED_CAUTION,train
8502,0,0.9369,0.1302,0.8048,0.8738,0.1202,7.58,TIER_4_QUARANTINE_FRAUD,test
8503,0,0.7053,0.3096,0.8623,0.995,0.0258,26.87,TIER_4_QUARANTINE_FRAUD,train
8504,0,0.0059,0.9293,0.9179,0.7806,0.4939,73.86,TIER_2_STANDARD_TRUST,test
8505,0,0.2764,0.6282,0.9214,0.7463,0.4046,60.88,TIER_3_RESTRICTED_CAUTION,train
8506,0,0.2009,0.656,0.8598,0.8714,0.1001,53.57,TIER_3_RESTRICTED_CAUTION,test
8507,0,0.004,0.8282,0.9168,0.9879,0.4413,74.16,TIER_2_STANDARD_TRUST,train
8508,0,0.4334,0.4818,0.8738,0.8083,0.0258,44.3,TIER_4_QUARANTINE_FRAUD,train
8509,0,0.0421,0.9083,0.8911,0.8762,0.444,73.61,TIER_2_STANDARD_TRUST,test
8510,0,0.5274,0.5201,0.9105,0.9757,0.2493,57.83,TIER_3_RESTRICTED_CAUTION,test
8511,1,0.7082,0.2297,0.8114,0.7725,0.126,16.15,TIER_4_QUARANTINE_FRAUD,train
8512,0,0.0108,0.9696,0.8825,0.9138,0.4299,75.81,TIER_2_STANDARD_TRUST,train
8513,0,0.0053,0.8098,0.8966,0.947,0.1039,60.57,TIER_3_RESTRICTED_CAUTION,test
8514,1,0.9248,0.1244,0.8189,0.6912,0.1167,6.26,TIER_4_QUARANTINE_FRAUD,val
8515,1,0.8726,0.1604,0.8441,0.474,0.0238,6.78,TIER_4_QUARANTINE_FRAUD,train
8516,0,0.4968,0.5544,0.8203,0.9634,0.0352,50.15,TIER_3_RESTRICTED_CAUTION,test
8517,0,0.0927,0.8387,0.9002,0.9225,0.1098,61.07,TIER_3_RESTRICTED_CAUTION,test
8518,0,0.0004,0.9397,0.9255,0.9793,0.4247,76.79,TIER_2_STANDARD_TRUST,train
8519,0,0.1025,0.8651,0.8507,0.8969,0.5932,77.64,TIER_2_STANDARD_TRUST,val
8520,1,0.9398,0.0796,0.8595,1.0,0.059,4.0,TIER_4_QUARANTINE_FRAUD,train
8521,0,0.0064,0.9068,0.8921,0.9305,0.111,63.27,TIER_3_RESTRICTED_CAUTION,val
8522,0,0.5188,0.4228,0.8638,0.8805,0.0957,43.05,TIER_4_QUARANTINE_FRAUD,train
8523,0,0.9237,0.1103,0.7103,0.2726,0.0245,2.91,TIER_4_QUARANTINE_FRAUD,train
8524,0,0.1425,0.809,0.9054,0.7,0.0702,53.28,TIER_3_RESTRICTED_CAUTION,train
8525,1,0.9778,0.0752,0.874,1.0,0.1617,4.07,TIER_4_QUARANTINE_FRAUD,train
8526,1,0.9521,0.0379,0.8489,0.52,0.1122,1.07,TIER_4_QUARANTINE_FRAUD,train
8527,0,0.0639,0.758,0.8911,0.8491,0.1486,58.08,TIER_3_RESTRICTED_CAUTION,train
8528,0,0.147,0.7105,0.9007,0.8667,0.3484,64.18,TIER_3_RESTRICTED_CAUTION,test
8529,0,0.1781,0.6958,0.9099,0.7233,0.5121,65.98,TIER_2_STANDARD_TRUST,train
8530,0,0.0061,0.8039,0.8959,0.9289,0.1465,61.43,TIER_3_RESTRICTED_CAUTION,train
8531,0,0.0091,0.9049,0.9251,0.8777,0.4013,72.38,TIER_2_STANDARD_TRUST,test
8532,1,0.8672,0.1543,0.8876,1.0,0.1117,10.55,TIER_4_QUARANTINE_FRAUD,train
8533,0,0.7996,0.1671,0.8752,1.0,0.2917,13.51,TIER_4_QUARANTINE_FRAUD,train
8534,1,0.9354,0.2263,0.8426,0.8815,0.0227,15.57,TIER_4_QUARANTINE_FRAUD,val
8535,1,0.8085,0.202,0.7805,0.8534,0.0546,13.1,TIER_4_QUARANTINE_FRAUD,train
8536,0,0.0115,0.9312,0.878,0.7955,0.4845,73.56,TIER_2_STANDARD_TRUST,val
8537,1,0.8843,0.1422,0.8837,0.5957,0.1093,7.11,TIER_4_QUARANTINE_FRAUD,train
8538,0,0.0092,0.7995,0.8946,0.9634,0.1091,60.84,TIER_3_RESTRICTED_CAUTION,test
8539,0,0.1747,0.7895,0.8543,0.8692,0.1142,57.95,TIER_3_RESTRICTED_CAUTION,train
8540,0,0.0296,0.9322,0.9531,0.8835,0.1094,63.41,TIER_3_RESTRICTED_CAUTION,train
8541,1,0.9761,0.0698,0.8796,0.705,0.1205,2.91,TIER_4_QUARANTINE_FRAUD,train
8542,0,0.98,0.0948,0.8989,0.6816,0.0501,4.04,TIER_4_QUARANTINE_FRAUD,val
8543,0,0.011,0.7984,0.8796,0.9505,0.1323,61.14,TIER_3_RESTRICTED_CAUTION,train
8544,1,0.8931,0.1437,0.9034,0.6867,0.1434,8.05,TIER_4_QUARANTINE_FRAUD,test
8545,0,0.8993,0.1596,0.8654,0.8644,0.0972,9.99,TIER_4_QUARANTINE_FRAUD,train
8546,0,0.005,0.8039,0.9337,0.98,0.1352,62.68,TIER_3_RESTRICTED_CAUTION,train
8547,0,0.7611,0.2574,0.8544,0.7629,0.4404,24.55,TIER_4_QUARANTINE_FRAUD,train
8548,0,0.1221,0.7164,0.8722,0.9325,0.1551,58.96,TIER_3_RESTRICTED_CAUTION,test
8549,1,0.9664,0.0987,0.8189,0.7089,0.1405,4.7,TIER_4_QUARANTINE_FRAUD,test
8550,0,0.6272,0.3423,0.8226,0.9391,0.1256,32.5,TIER_4_QUARANTINE_FRAUD,train
8551,1,0.8271,0.188,0.9041,0.6578,0.1098,11.25,TIER_4_QUARANTINE_FRAUD,test
8552,0,0.0575,0.777,0.9124,0.7911,0.9758,86.37,TIER_1_VERIFIED_SAFE,train
8553,0,0.077,0.8471,0.9089,0.9808,0.1982,65.96,TIER_2_STANDARD_TRUST,train
8554,0,0.4201,0.4916,0.8684,0.8062,0.0989,47.05,TIER_3_RESTRICTED_CAUTION,test
8555,0,0.8173,0.2138,0.8856,0.7398,0.4221,18.44,TIER_4_QUARANTINE_FRAUD,train
8556,0,0.0058,0.9869,0.9247,0.9388,0.0903,65.48,TIER_2_STANDARD_TRUST,train
8557,1,0.9032,0.0754,0.8652,0.4132,0.025,2.17,TIER_4_QUARANTINE_FRAUD,train
8558,0,0.0389,0.7835,0.9261,0.8264,0.0218,54.19,TIER_3_RESTRICTED_CAUTION,train
8559,0,0.0049,0.9399,0.9289,0.98,0.4362,77.25,TIER_2_STANDARD_TRUST,val
8560,1,0.8615,0.1582,0.8281,0.8739,0.1275,10.11,TIER_4_QUARANTINE_FRAUD,train
8561,1,0.8454,0.1728,0.8818,0.9075,0.1173,11.75,TIER_4_QUARANTINE_FRAUD,train
8562,1,0.8471,0.1908,0.87,0.8205,0.1453,13.11,TIER_4_QUARANTINE_FRAUD,train
8563,1,0.9511,0.0934,0.8053,0.8433,0.2391,5.22,TIER_4_QUARANTINE_FRAUD,train
8564,0,0.6961,0.2931,0.9051,0.7761,0.045,22.24,TIER_4_QUARANTINE_FRAUD,test
8565,0,0.1652,0.8167,0.9249,0.562,0.4692,64.22,TIER_3_RESTRICTED_CAUTION,train
8566,0,0.0065,0.9233,0.916,0.7829,0.5222,74.71,TIER_2_STANDARD_TRUST,train
8567,1,0.9756,0.0894,0.8709,0.8203,0.4377,5.78,TIER_4_QUARANTINE_FRAUD,train
8568,0,0.2365,0.6282,0.8978,0.8416,0.1809,55.2,TIER_3_RESTRICTED_CAUTION,train
8569,0,0.0009,0.9266,0.9261,0.9028,0.072,62.15,TIER_3_RESTRICTED_CAUTION,test
8570,1,0.9461,0.0562,0.8737,0.7233,0.0567,2.04,TIER_4_QUARANTINE_FRAUD,train
8571,1,0.6314,0.3283,0.8895,0.98,0.1318,31.76,TIER_4_QUARANTINE_FRAUD,train
8572,1,0.8295,0.285,0.8603,0.8514,0.0579,22.34,TIER_4_QUARANTINE_FRAUD,train
8573,0,0.03,0.786,0.8877,0.8851,0.1473,59.74,TIER_3_RESTRICTED_CAUTION,train
8574,0,0.1094,0.8494,0.9254,0.8341,0.4616,71.74,TIER_2_STANDARD_TRUST,train
8575,0,0.7092,0.273,0.8226,0.3448,0.0774,14.49,TIER_4_QUARANTINE_FRAUD,train
8576,1,0.8968,0.1387,0.8687,0.4596,0.1133,6.13,TIER_4_QUARANTINE_FRAUD,train
8577,0,0.6046,0.3042,0.8468,0.9325,0.1616,27.99,TIER_4_QUARANTINE_FRAUD,train
8578,1,0.9412,0.1233,0.898,0.3765,0.0144,4.2,TIER_4_QUARANTINE_FRAUD,train
8579,0,0.4229,0.5068,0.8462,0.9664,0.1294,52.36,TIER_3_RESTRICTED_CAUTION,test
8580,0,0.5893,0.3944,0.8957,0.78,0.522,49.34,TIER_3_RESTRICTED_CAUTION,train
8581,0,0.0038,0.9783,0.9466,0.905,0.4375,76.75,TIER_2_STANDARD_TRUST,train
8582,0,0.1453,0.7233,0.9106,0.9085,0.4343,68.72,TIER_2_STANDARD_TRUST,train
8583,0,0.0877,0.8673,0.9081,0.8145,0.4697,71.9,TIER_2_STANDARD_TRUST,val
8584,0,0.9494,0.0897,0.8659,1.0,0.1824,5.25,TIER_4_QUARANTINE_FRAUD,test
8585,0,0.012,0.9141,0.9125,0.9126,0.1042,63.01,TIER_3_RESTRICTED_CAUTION,train
8586,0,0.0213,0.9166,0.8764,0.9199,0.469,75.68,TIER_2_STANDARD_TRUST,train
8587,0,0.0059,0.8004,0.8571,0.9072,0.1237,59.59,TIER_3_RESTRICTED_CAUTION,train
8588,0,0.8879,0.1396,0.8748,0.8314,0.0947,8.09,TIER_4_QUARANTINE_FRAUD,train
8589,0,0.781,0.2202,0.8761,0.7397,0.1025,14.79,TIER_4_QUARANTINE_FRAUD,test
8590,0,0.0006,0.9083,0.9399,0.8938,0.1186,63.14,TIER_3_RESTRICTED_CAUTION,test
8591,1,0.9658,0.0887,0.8517,0.8977,0.4488,5.98,TIER_4_QUARANTINE_FRAUD,train
8592,0,0.4699,0.463,0.8533,0.9075,0.1331,49.77,TIER_3_RESTRICTED_CAUTION,test
8593,0,0.009,0.9139,0.9252,0.9327,0.4382,75.32,TIER_2_STANDARD_TRUST,train
8594,1,0.7566,0.2399,0.8366,0.6624,0.1233,16.08,TIER_4_QUARANTINE_FRAUD,train
8595,0,0.135,0.7118,0.8701,0.9265,0.1478,58.39,TIER_3_RESTRICTED_CAUTION,test
8596,0,0.2815,0.7279,0.9061,0.8926,0.0174,53.82,TIER_3_RESTRICTED_CAUTION,train
8597,0,0.0006,0.9362,0.8758,0.9229,0.4798,76.71,TIER_2_STANDARD_TRUST,train
8598,1,0.8327,0.1321,0.8109,1.0,0.1286,8.45,TIER_4_QUARANTINE_FRAUD,train
8599,0,0.0716,0.8825,0.9241,0.9027,0.4939,75.57,TIER_2_STANDARD_TRUST,train
8600,0,0.0172,0.8142,0.8629,0.98,0.1092,61.38,TIER_3_RESTRICTED_CAUTION,train
8601,1,0.9719,0.0735,0.8631,1.0,0.168,3.95,TIER_4_QUARANTINE_FRAUD,test
8602,1,0.9576,0.0718,0.8548,0.7611,0.0733,2.97,TIER_4_QUARANTINE_FRAUD,train
8603,0,0.0041,0.9337,0.9213,0.945,0.5513,80.15,TIER_1_VERIFIED_SAFE,train
8604,0,0.4232,0.521,0.876,0.7866,0.4243,58.91,TIER_3_RESTRICTED_CAUTION,val
8605,1,0.5447,0.3964,0.8393,0.889,0.1329,39.99,TIER_4_QUARANTINE_FRAUD,train
8606,0,0.883,0.1694,0.919,0.485,0.0102,7.51,TIER_4_QUARANTINE_FRAUD,train
8607,1,0.9124,0.123,0.6761,0.9056,0.0309,6.33,TIER_4_QUARANTINE_FRAUD,test
8608,1,0.3423,0.5559,0.8908,0.7296,0.0757,46.47,TIER_3_RESTRICTED_CAUTION,train
8609,0,0.5264,0.4147,0.8842,0.8717,0.1456,43.31,TIER_4_QUARANTINE_FRAUD,train
8610,0,0.0584,0.8857,0.8839,0.8819,0.4792,74.23,TIER_2_STANDARD_TRUST,train
8611,1,0.9944,0.0076,0.8907,0.6362,0.1587,0.15,TIER_4_QUARANTINE_FRAUD,train
8612,0,0.9719,0.1022,0.7838,0.7504,0.0283,4.46,TIER_4_QUARANTINE_FRAUD,train
8613,0,0.8581,0.161,0.74,1.0,0.1229,10.92,TIER_4_QUARANTINE_FRAUD,train
8614,0,0.7383,0.2571,0.8583,0.9382,0.4523,26.85,TIER_4_QUARANTINE_FRAUD,train
8615,0,0.9094,0.1344,0.8939,0.6007,0.0693,6.32,TIER_4_QUARANTINE_FRAUD,val
8616,1,0.979,0.0871,0.7762,0.8148,0.1385,4.21,TIER_4_QUARANTINE_FRAUD,test
8617,1,0.9076,0.1445,0.8765,0.62,0.0629,7.04,TIER_4_QUARANTINE_FRAUD,train
8618,0,0.0844,0.7509,0.8529,0.9531,0.1074,58.64,TIER_3_RESTRICTED_CAUTION,train
8619,0,0.3073,0.6086,0.9009,0.922,0.1239,54.66,TIER_3_RESTRICTED_CAUTION,train
8620,1,0.7926,0.2165,0.8305,0.8355,0.1059,15.21,TIER_4_QUARANTINE_FRAUD,train
8621,0,0.1638,0.7067,0.8525,0.9288,0.1325,57.58,TIER_3_RESTRICTED_CAUTION,val
8622,1,0.9121,0.2321,0.8635,0.815,0.0492,15.94,TIER_4_QUARANTINE_FRAUD,train
8623,0,0.0039,0.8061,0.9099,0.8822,0.1327,59.98,TIER_3_RESTRICTED_CAUTION,train
8624,0,0.7816,0.2278,0.9151,0.5387,0.0201,12.45,TIER_4_QUARANTINE_FRAUD,train
8625,0,0.0437,0.7803,0.9283,0.8736,0.0512,56.32,TIER_3_RESTRICTED_CAUTION,val
8626,0,0.0841,0.85,0.8755,0.9293,0.1699,63.43,TIER_3_RESTRICTED_CAUTION,train
8627,0,0.0124,0.8948,0.9369,0.9202,0.1175,63.33,TIER_3_RESTRICTED_CAUTION,train
8628,0,0.022,0.9236,0.8709,0.8889,0.448,74.32,TIER_2_STANDARD_TRUST,train
8629,0,0.1923,0.7933,0.8692,0.985,0.4504,72.88,TIER_2_STANDARD_TRUST,test
8630,0,0.0506,0.7963,0.9298,0.9503,0.107,60.69,TIER_3_RESTRICTED_CAUTION,test
8631,0,0.0044,0.9266,0.9631,0.944,0.5319,79.65,TIER_2_STANDARD_TRUST,train
8632,0,0.4413,0.4815,0.9036,0.8386,0.0391,45.81,TIER_3_RESTRICTED_CAUTION,train
8633,1,0.9869,0.0853,0.8197,0.6418,0.4434,4.87,TIER_4_QUARANTINE_FRAUD,test
8634,0,0.3207,0.6614,0.8862,0.6667,0.0695,47.8,TIER_3_RESTRICTED_CAUTION,train
8635,0,0.8139,0.1927,0.8284,0.9398,0.12,13.86,TIER_4_QUARANTINE_FRAUD,train
8636,0,0.1191,0.7212,0.8658,0.9682,0.4354,69.74,TIER_2_STANDARD_TRUST,train
8637,1,0.915,0.1478,0.8428,0.6995,0.433,10.71,TIER_4_QUARANTINE_FRAUD,train
8638,0,0.1611,0.6857,0.8666,0.9514,0.1127,56.96,TIER_3_RESTRICTED_CAUTION,test
8639,0,0.3775,0.5576,0.911,0.7475,0.1118,48.44,TIER_3_RESTRICTED_CAUTION,train
8640,0,0.7924,0.2241,0.8691,0.5768,0.0186,12.32,TIER_4_QUARANTINE_FRAUD,train
8641,1,0.8739,0.1502,0.8889,0.7484,0.0454,8.09,TIER_4_QUARANTINE_FRAUD,test
8642,0,0.4261,0.4711,0.8897,0.7321,0.0761,44.0,TIER_4_QUARANTINE_FRAUD,train
8643,0,0.7958,0.1562,0.8921,0.9046,0.1326,10.33,TIER_4_QUARANTINE_FRAUD,test
8644,0,0.0093,0.9142,0.932,0.869,0.0368,59.76,TIER_3_RESTRICTED_CAUTION,train
8645,1,0.8573,0.1865,0.8366,0.84,0.1165,12.43,TIER_4_QUARANTINE_FRAUD,train
8646,0,0.0829,0.7636,0.8803,0.985,0.1101,60.19,TIER_3_RESTRICTED_CAUTION,train
8647,0,0.0156,0.8202,0.871,0.8464,0.0979,57.9,TIER_3_RESTRICTED_CAUTION,train
8648,0,0.8412,0.1234,0.9052,1.0,0.1522,8.01,TIER_4_QUARANTINE_FRAUD,test
8649,0,0.1436,0.6956,0.8493,0.3517,0.0422,39.63,TIER_4_QUARANTINE_FRAUD,train
8650,0,0.1359,0.707,0.9178,0.9496,0.1024,57.71,TIER_3_RESTRICTED_CAUTION,train
8651,1,0.649,0.3228,0.8896,0.9202,0.0374,27.85,TIER_4_QUARANTINE_FRAUD,test
8652,1,0.9094,0.1361,0.823,0.8256,0.0978,7.69,TIER_4_QUARANTINE_FRAUD,train
8653,0,0.003,0.9294,0.9092,0.9156,0.4682,76.25,TIER_2_STANDARD_TRUST,train
8654,0,0.809,0.3371,0.8655,0.9183,0.4346,39.11,TIER_4_QUARANTINE_FRAUD,train
8655,0,0.0511,0.7676,0.9175,0.9246,0.113,59.27,TIER_3_RESTRICTED_CAUTION,train
8656,1,0.6038,0.3544,0.7914,0.8502,0.0298,29.95,TIER_4_QUARANTINE_FRAUD,train
8657,0,0.1411,0.8088,0.9295,0.8656,0.4384,70.54,TIER_2_STANDARD_TRUST,train
8658,1,0.9182,0.1157,0.8255,0.7801,0.1174,6.04,TIER_4_QUARANTINE_FRAUD,test
8659,0,0.0038,0.8008,0.9269,0.9279,0.1331,61.15,TIER_3_RESTRICTED_CAUTION,train
8660,0,0.0091,0.8275,0.9317,0.915,0.1007,60.54,TIER_3_RESTRICTED_CAUTION,train
8661,1,0.8806,0.1484,0.8863,0.938,0.142,9.86,TIER_4_QUARANTINE_FRAUD,train
8662,0,0.1506,0.6937,0.8717,0.8794,0.097,54.91,TIER_3_RESTRICTED_CAUTION,train
8663,0,0.0314,0.9673,0.9322,0.9817,0.4066,77.11,TIER_2_STANDARD_TRUST,train
8664,1,0.9101,0.1308,0.865,0.4687,0.1124,5.66,TIER_4_QUARANTINE_FRAUD,val
8665,1,0.1399,0.706,0.8448,0.995,0.1907,61.18,TIER_3_RESTRICTED_CAUTION,train
8666,1,0.7678,0.2514,0.8794,0.7339,0.4804,24.16,TIER_4_QUARANTINE_FRAUD,train
8667,0,0.9332,0.0564,0.8296,0.7877,0.1035,2.24,TIER_4_QUARANTINE_FRAUD,train
8668,0,0.0098,0.884,0.9194,0.9372,0.1199,63.34,TIER_3_RESTRICTED_CAUTION,train
8669,1,0.5478,0.4018,0.8969,0.2929,0.0142,24.89,TIER_4_QUARANTINE_FRAUD,train
8670,1,0.0082,0.8028,0.894,0.8835,0.4423,70.59,TIER_2_STANDARD_TRUST,test
8671,0,0.4947,0.4349,0.8738,0.7967,0.0971,43.14,TIER_4_QUARANTINE_FRAUD,train
8672,0,0.0045,0.8997,0.9477,0.9445,0.1464,65.21,TIER_2_STANDARD_TRUST,test
8673,0,0.005,0.8343,0.9109,0.8589,0.425,70.48,TIER_2_STANDARD_TRUST,test
8674,0,0.3838,0.5187,0.9058,0.9104,0.099,50.84,TIER_3_RESTRICTED_CAUTION,train
8675,0,0.0457,0.907,0.8984,0.962,0.1365,65.02,TIER_2_STANDARD_TRUST,train
8676,0,0.0555,0.8719,0.92,0.8255,0.4568,71.98,TIER_2_STANDARD_TRUST,train
8677,0,0.0079,0.8362,0.9095,0.7925,0.1035,57.61,TIER_3_RESTRICTED_CAUTION,train
8678,0,0.504,0.4286,0.8622,0.8765,0.1017,44.08,TIER_4_QUARANTINE_FRAUD,train
8679,0,0.3254,0.5752,0.9247,0.7182,0.0662,46.77,TIER_3_RESTRICTED_CAUTION,train
8680,1,0.9812,0.0233,0.6776,0.899,0.1339,0.74,TIER_4_QUARANTINE_FRAUD,train
8681,0,0.0948,0.7348,0.8578,0.8766,0.1247,56.9,TIER_3_RESTRICTED_CAUTION,train
8682,0,0.2337,0.7559,0.9251,0.8133,0.965,86.04,TIER_1_VERIFIED_SAFE,train
8683,0,0.0053,0.8225,0.8952,0.9887,0.1181,62.48,TIER_3_RESTRICTED_CAUTION,train
8684,0,0.5393,0.4263,0.9234,0.9525,0.5187,59.64,TIER_3_RESTRICTED_CAUTION,test
8685,0,0.1086,0.725,0.864,0.823,0.0962,54.34,TIER_3_RESTRICTED_CAUTION,train
8686,0,0.0264,0.8014,0.866,0.8551,0.0989,57.54,TIER_3_RESTRICTED_CAUTION,train
8687,0,0.8709,0.1531,0.8203,0.985,0.1108,10.17,TIER_4_QUARANTINE_FRAUD,val
8688,0,0.0057,0.9021,0.9164,0.9593,0.0063,60.43,TIER_3_RESTRICTED_CAUTION,train
8689,0,0.0013,0.9227,0.9276,0.948,0.4339,75.84,TIER_2_STANDARD_TRUST,train
8690,0,0.2159,0.5923,0.8624,0.898,0.1527,54.19,TIER_3_RESTRICTED_CAUTION,train
8691,0,0.006,0.8131,0.9224,0.9818,0.0083,58.45,TIER_3_RESTRICTED_CAUTION,train
8692,0,0.0022,0.8077,0.8914,0.9345,0.1517,61.82,TIER_3_RESTRICTED_CAUTION,val
8693,0,0.975,0.0748,0.809,0.99,0.1222,3.82,TIER_4_QUARANTINE_FRAUD,train
8694,1,0.9752,0.0573,0.8381,0.8553,0.4278,3.19,TIER_4_QUARANTINE_FRAUD,train
8695,0,0.0237,0.8229,0.9239,0.913,0.4368,72.04,TIER_2_STANDARD_TRUST,train
8696,0,0.1605,0.8086,0.9164,0.8519,0.0371,56.02,TIER_3_RESTRICTED_CAUTION,train
8697,1,0.7529,0.2398,0.8523,0.7438,0.1078,16.81,TIER_4_QUARANTINE_FRAUD,train
8698,0,0.0027,0.9037,0.9178,0.8556,0.0321,58.8,TIER_3_RESTRICTED_CAUTION,train
8699,0,0.7833,0.2145,0.8485,0.9425,0.1343,16.48,TIER_4_QUARANTINE_FRAUD,test
8700,1,0.0226,0.7979,0.9014,0.8691,0.1008,58.21,TIER_3_RESTRICTED_CAUTION,val
8701,0,1e-04,0.9136,0.9231,0.9593,0.1281,65.1,TIER_2_STANDARD_TRUST,test
8702,0,0.3247,0.6991,0.9303,0.7448,0.0939,52.18,TIER_3_RESTRICTED_CAUTION,test
8703,0,0.002,0.8077,0.8763,0.8759,0.1569,60.38,TIER_3_RESTRICTED_CAUTION,val
8704,0,0.3728,0.6495,0.915,0.7906,0.0305,49.47,TIER_3_RESTRICTED_CAUTION,train
8705,0,0.6655,0.3106,0.8574,0.8535,0.1367,27.18,TIER_4_QUARANTINE_FRAUD,train
8706,0,0.0174,0.9206,0.9199,0.7557,0.4191,70.38,TIER_2_STANDARD_TRUST,train
8707,0,0.9422,0.0963,0.8645,0.2667,0.026,2.58,TIER_4_QUARANTINE_FRAUD,test
8708,1,0.7362,0.2791,0.8906,0.4317,0.0422,15.88,TIER_4_QUARANTINE_FRAUD,train
8709,0,0.7927,0.2196,0.876,0.7874,0.108,15.27,TIER_4_QUARANTINE_FRAUD,test
8710,0,0.2704,0.6159,0.8662,1.0,0.9653,85.92,TIER_1_VERIFIED_SAFE,train
8711,0,0.0044,0.8177,0.9242,0.9435,0.1061,61.07,TIER_3_RESTRICTED_CAUTION,train
8712,0,0.0428,0.9029,0.9229,0.8083,0.5609,76.16,TIER_2_STANDARD_TRUST,train
8713,1,0.9275,0.0585,0.8899,0.9623,0.1417,2.8,TIER_4_QUARANTINE_FRAUD,train
8714,0,0.0157,0.8973,0.9255,0.9509,0.1355,64.69,TIER_3_RESTRICTED_CAUTION,train
8715,0,0.287,0.5926,0.8851,0.8801,0.1205,52.85,TIER_3_RESTRICTED_CAUTION,test
8716,0,0.9033,0.133,0.8418,0.8433,0.1331,7.83,TIER_4_QUARANTINE_FRAUD,train
8717,0,0.3441,0.682,0.9021,0.6985,0.4856,63.94,TIER_3_RESTRICTED_CAUTION,train
8718,0,0.1841,0.7057,0.9105,0.8305,0.1136,55.01,TIER_3_RESTRICTED_CAUTION,train
8719,0,0.0293,0.7828,0.923,0.9773,0.1201,61.35,TIER_3_RESTRICTED_CAUTION,test
8720,0,0.6932,0.4147,0.9128,0.7371,0.5293,52.62,TIER_3_RESTRICTED_CAUTION,train
8721,0,0.0163,0.7944,0.9226,0.8827,0.0951,58.45,TIER_3_RESTRICTED_CAUTION,train
8722,1,0.6386,0.3258,0.8088,0.685,0.0208,23.47,TIER_4_QUARANTINE_FRAUD,train
8723,0,0.8897,0.1466,0.7988,0.8531,0.4332,11.38,TIER_4_QUARANTINE_FRAUD,train
8724,1,0.9687,0.0904,0.9039,0.5178,0.1264,3.61,TIER_4_QUARANTINE_FRAUD,train
8725,1,0.6879,0.319,0.8403,1.0,0.1268,30.32,TIER_4_QUARANTINE_FRAUD,test
8726,0,0.2101,0.7745,0.9097,0.9278,0.5055,73.22,TIER_2_STANDARD_TRUST,train
8727,1,0.4433,0.4708,0.8013,0.9435,0.1115,49.63,TIER_3_RESTRICTED_CAUTION,val
8728,1,0.8493,0.1704,0.8833,0.9607,0.1191,11.92,TIER_4_QUARANTINE_FRAUD,train
8729,1,0.9602,0.1104,0.8984,1.0,0.6414,9.62,TIER_4_QUARANTINE_FRAUD,train
8730,1,0.6697,0.4035,0.83,0.9584,0.1412,42.79,TIER_4_QUARANTINE_FRAUD,test
8731,0,0.3245,0.5692,0.8389,0.8854,0.1538,52.98,TIER_3_RESTRICTED_CAUTION,train
8732,0,0.6797,0.2965,0.9017,0.54,0.0121,18.51,TIER_4_QUARANTINE_FRAUD,val
8733,0,0.0795,0.744,0.8914,0.9366,0.1239,58.99,TIER_3_RESTRICTED_CAUTION,val
8734,0,0.0849,0.8606,0.9139,0.6667,0.0356,52.87,TIER_3_RESTRICTED_CAUTION,test
8735,0,0.5434,0.3952,0.8756,0.4283,0.1989,32.33,TIER_4_QUARANTINE_FRAUD,train
8736,0,0.261,0.635,0.9337,0.8438,0.4671,65.83,TIER_2_STANDARD_TRUST,test
8737,0,0.0016,0.9826,0.9394,0.9829,0.4281,78.43,TIER_2_STANDARD_TRUST,test
8738,0,0.0023,0.8111,0.8805,0.923,0.1561,61.68,TIER_3_RESTRICTED_CAUTION,train
8739,0,0.0031,0.8087,0.8487,0.8694,0.1394,59.36,TIER_3_RESTRICTED_CAUTION,train
8740,1,0.922,0.2271,0.8819,0.8306,0.1141,16.6,TIER_4_QUARANTINE_FRAUD,train
8741,0,0.136,0.8308,0.9189,0.8985,0.4322,71.7,TIER_2_STANDARD_TRUST,train
8742,1,0.8817,0.0926,0.8098,0.8011,0.1033,4.42,TIER_4_QUARANTINE_FRAUD,train
8743,1,0.9585,0.0919,0.8125,0.79,0.1056,4.35,TIER_4_QUARANTINE_FRAUD,train
8744,0,0.1926,0.6835,0.866,0.8992,0.132,56.26,TIER_3_RESTRICTED_CAUTION,train
8745,0,0.6607,0.4077,0.8851,1.0,0.1609,45.48,TIER_3_RESTRICTED_CAUTION,train
8746,0,0.0047,0.8013,0.8753,0.8779,0.1241,59.08,TIER_3_RESTRICTED_CAUTION,val
8747,1,0.9357,0.0866,0.811,0.8834,0.1168,4.33,TIER_4_QUARANTINE_FRAUD,train
8748,1,0.8321,0.1815,0.8048,0.8719,0.1423,12.37,TIER_4_QUARANTINE_FRAUD,train
8749,0,0.9079,0.1374,0.8621,0.7557,0.1093,7.58,TIER_4_QUARANTINE_FRAUD,val
8750,0,0.0301,0.9124,0.9143,0.7343,0.1036,58.5,TIER_3_RESTRICTED_CAUTION,test
8751,0,0.1902,0.6726,0.8734,0.9483,0.1356,57.37,TIER_3_RESTRICTED_CAUTION,train
8752,0,0.3547,0.5507,0.917,0.7675,0.138,49.71,TIER_3_RESTRICTED_CAUTION,train
8753,1,0.3288,0.5597,0.9017,0.8556,0.036,48.46,TIER_3_RESTRICTED_CAUTION,train
8754,0,0.9255,0.0591,0.8573,0.8956,0.2129,2.87,TIER_4_QUARANTINE_FRAUD,train
8755,0,0.9237,0.1378,0.95,0.9207,0.4294,11.1,TIER_4_QUARANTINE_FRAUD,test
8756,0,0.0297,0.811,0.8595,0.8553,0.6488,77.02,TIER_2_STANDARD_TRUST,train
8757,1,0.6823,0.4213,0.9061,0.6367,0.4288,48.3,TIER_3_RESTRICTED_CAUTION,val
8758,0,0.0107,0.9224,0.909,0.7956,0.0906,59.82,TIER_3_RESTRICTED_CAUTION,train
8759,1,0.8543,0.1922,0.8705,1.0,0.0655,13.82,TIER_4_QUARANTINE_FRAUD,train
8760,0,0.002,0.8042,0.8989,0.8464,0.1,57.77,TIER_3_RESTRICTED_CAUTION,train
8761,1,0.4983,0.3819,0.85,0.9104,0.1394,38.45,TIER_4_QUARANTINE_FRAUD,train
8762,1,0.8827,0.1493,0.8082,0.8956,0.1663,9.72,TIER_4_QUARANTINE_FRAUD,train
8763,0,0.0596,0.8876,0.9323,0.7625,0.1082,58.8,TIER_3_RESTRICTED_CAUTION,train
8764,0,0.0015,0.9572,0.9321,0.9655,0.4275,77.14,TIER_2_STANDARD_TRUST,train
8765,1,0.9581,0.0606,0.8936,1.0,0.5137,3.96,TIER_4_QUARANTINE_FRAUD,train
8766,1,0.8986,0.1343,0.8857,0.8969,0.1675,8.55,TIER_4_QUARANTINE_FRAUD,train
8767,0,0.1702,0.708,0.891,0.9567,0.4071,68.31,TIER_2_STANDARD_TRUST,train
8768,0,0.5754,0.3768,0.8456,0.8778,0.1282,36.67,TIER_4_QUARANTINE_FRAUD,test
8769,0,0.2978,0.6063,0.8474,0.8245,0.114,51.27,TIER_3_RESTRICTED_CAUTION,train
8770,1,0.9571,0.0472,0.8393,1.0,0.0462,1.94,TIER_4_QUARANTINE_FRAUD,val
8771,0,0.0023,0.804,0.8851,0.9339,0.1427,61.31,TIER_3_RESTRICTED_CAUTION,train
8772,0,0.9229,0.111,0.8658,0.3346,0.0214,3.42,TIER_4_QUARANTINE_FRAUD,train
8773,0,0.0009,0.92,0.9286,0.895,0.4161,73.82,TIER_2_STANDARD_TRUST,train
8774,0,0.4041,0.5076,0.9176,0.8927,0.4342,61.92,TIER_3_RESTRICTED_CAUTION,train
8775,0,0.0006,0.9269,0.9289,0.9118,0.4836,76.82,TIER_2_STANDARD_TRUST,train
8776,1,0.9235,0.0708,0.7919,0.6835,0.0596,2.64,TIER_4_QUARANTINE_FRAUD,train
8777,0,0.0087,0.8379,0.932,0.9026,0.4263,71.94,TIER_2_STANDARD_TRUST,val
8778,0,0.0333,0.9053,0.8977,0.8913,0.4801,75.22,TIER_2_STANDARD_TRUST,train
8779,0,0.2341,0.5895,0.8878,1.0,0.0197,52.25,TIER_3_RESTRICTED_CAUTION,train
8780,0,0.008,0.8027,0.8954,0.9486,0.1276,61.21,TIER_3_RESTRICTED_CAUTION,train
8781,0,0.0947,0.7353,0.8715,0.8978,0.094,56.51,TIER_3_RESTRICTED_CAUTION,train
8782,0,0.0029,0.8099,0.9305,0.9542,0.122,61.73,TIER_3_RESTRICTED_CAUTION,val
8783,0,0.0831,0.744,0.9136,0.7619,0.0979,53.93,TIER_3_RESTRICTED_CAUTION,train
8784,0,0.3532,0.567,0.8941,0.9319,0.4383,64.59,TIER_3_RESTRICTED_CAUTION,train
8785,0,0.005,0.9295,0.9358,0.8246,0.4162,72.43,TIER_2_STANDARD_TRUST,train
8786,1,0.9262,0.1085,0.8589,0.2829,0.0276,3.13,TIER_4_QUARANTINE_FRAUD,train
8787,0,0.0671,0.7894,0.9271,0.78,0.9522,85.78,TIER_1_VERIFIED_SAFE,train
8788,0,0.4575,0.4617,0.9252,0.6057,0.0184,38.89,TIER_4_QUARANTINE_FRAUD,train
8789,0,0.0852,0.7146,0.8805,0.6967,0.9639,81.4,TIER_1_VERIFIED_SAFE,test
8790,0,0.1199,0.7293,0.91,0.8867,0.6692,76.57,TIER_2_STANDARD_TRUST,test
8791,0,0.0776,0.774,0.9157,0.8392,0.9658,87.16,TIER_1_VERIFIED_SAFE,train
8792,0,0.9503,0.0908,0.838,0.45,0.0149,2.85,TIER_4_QUARANTINE_FRAUD,train
8793,1,0.3665,0.5564,0.8398,0.9285,0.1412,53.25,TIER_3_RESTRICTED_CAUTION,train
8794,0,0.8748,0.1831,0.8308,0.594,0.1031,10.02,TIER_4_QUARANTINE_FRAUD,train
8795,0,0.0081,0.8804,0.8722,0.9568,0.136,63.81,TIER_3_RESTRICTED_CAUTION,train
8796,1,0.965,0.097,0.8163,0.7765,0.437,6.23,TIER_4_QUARANTINE_FRAUD,train
8797,0,0.636,0.3287,0.8548,0.8206,0.1202,28.68,TIER_4_QUARANTINE_FRAUD,train
8798,0,0.0409,0.9034,0.9329,0.7662,0.4193,70.26,TIER_2_STANDARD_TRUST,train
8799,0,0.0152,0.8091,0.927,0.9676,0.0943,61.03,TIER_3_RESTRICTED_CAUTION,train
8800,0,0.8413,0.1852,0.8975,0.995,0.4168,17.03,TIER_4_QUARANTINE_FRAUD,train
8801,0,0.4948,0.4366,0.878,0.9678,0.1814,50.41,TIER_3_RESTRICTED_CAUTION,test
8802,0,0.3246,0.5649,0.8955,1.0,0.4884,68.0,TIER_2_STANDARD_TRUST,train
8803,0,0.059,0.759,0.8744,0.8736,0.0277,54.32,TIER_3_RESTRICTED_CAUTION,test
8804,0,0.068,0.7576,0.8697,0.9387,0.1362,59.66,TIER_3_RESTRICTED_CAUTION,train
8805,1,0.961,0.0951,0.8663,0.902,0.1239,5.09,TIER_4_QUARANTINE_FRAUD,test
8806,0,0.8359,0.2118,0.8505,0.9525,0.4434,20.34,TIER_4_QUARANTINE_FRAUD,train
8807,0,0.0057,0.9364,0.915,0.9732,0.4206,76.3,TIER_2_STANDARD_TRUST,train
8808,1,0.2034,0.6499,0.8371,0.9205,0.1128,54.83,TIER_3_RESTRICTED_CAUTION,train
8809,0,0.5634,0.3967,0.8886,0.8555,0.1417,40.02,TIER_4_QUARANTINE_FRAUD,train
8810,0,0.0677,0.7592,0.9288,0.9519,0.1507,61.14,TIER_3_RESTRICTED_CAUTION,test
8811,0,0.9132,0.1234,0.8633,0.89,0.13,7.28,TIER_4_QUARANTINE_FRAUD,test
8812,0,0.1959,0.6631,0.8447,0.9102,0.1279,55.57,TIER_3_RESTRICTED_CAUTION,val
8813,1,0.9252,0.244,0.8772,0.9582,0.4565,25.28,TIER_4_QUARANTINE_FRAUD,train
8814,1,0.8583,0.1091,0.7442,0.7634,0.1306,5.45,TIER_4_QUARANTINE_FRAUD,train
8815,1,0.8715,0.178,0.8952,0.7662,0.4019,14.23,TIER_4_QUARANTINE_FRAUD,train
8816,0,0.8762,0.1458,0.8274,0.8586,0.1204,8.85,TIER_4_QUARANTINE_FRAUD,train
8817,0,0.0004,0.9222,0.9239,0.8486,0.1156,62.16,TIER_3_RESTRICTED_CAUTION,train
8818,0,0.022,0.8248,0.9302,0.9256,0.1022,60.76,TIER_3_RESTRICTED_CAUTION,test
8819,0,0.1087,0.7349,0.9187,0.8655,0.1036,56.5,TIER_3_RESTRICTED_CAUTION,test
8820,0,0.2147,0.7451,0.8794,0.9472,0.1516,60.13,TIER_3_RESTRICTED_CAUTION,train
8821,0,0.0109,0.9037,0.9193,0.8715,0.5249,76.47,TIER_2_STANDARD_TRUST,train
8822,1,0.9291,0.1299,0.8477,0.8167,0.427,9.5,TIER_4_QUARANTINE_FRAUD,train
8823,1,0.7607,0.2376,0.8479,0.8578,0.1278,18.1,TIER_4_QUARANTINE_FRAUD,train
8824,0,0.0258,0.978,0.9243,0.565,0.4535,68.58,TIER_2_STANDARD_TRUST,train
8825,0,0.1363,0.7235,0.9272,0.8006,0.4141,65.49,TIER_2_STANDARD_TRUST,train
8826,0,0.9125,0.1185,0.8866,0.2922,0.033,3.69,TIER_4_QUARANTINE_FRAUD,train
8827,1,0.9316,0.1156,0.7749,0.77,0.1245,5.95,TIER_4_QUARANTINE_FRAUD,train
8828,0,0.571,0.4768,0.8624,0.8994,0.127,49.86,TIER_3_RESTRICTED_CAUTION,train
8829,0,0.2952,0.5976,0.898,0.7166,0.4549,60.74,TIER_3_RESTRICTED_CAUTION,test
8830,0,0.0391,0.7767,0.8558,0.8993,0.1313,58.94,TIER_3_RESTRICTED_CAUTION,train
8831,0,0.5428,0.4131,0.8661,0.9567,0.1043,43.51,TIER_4_QUARANTINE_FRAUD,train
8832,0,0.0884,0.7103,0.8414,0.7931,0.55,68.8,TIER_2_STANDARD_TRUST,train
8833,0,0.6319,0.3304,0.8778,0.9606,0.1684,32.52,TIER_4_QUARANTINE_FRAUD,train
8834,0,0.6665,0.33,0.8664,0.8391,0.4847,37.75,TIER_4_QUARANTINE_FRAUD,test
8835,0,0.0082,0.9388,0.9142,0.9837,0.4231,76.71,TIER_2_STANDARD_TRUST,train
8836,0,0.0238,0.9081,0.8759,0.8462,0.4671,73.5,TIER_2_STANDARD_TRUST,train
8837,0,0.2545,0.6181,0.8308,0.8991,0.1129,53.28,TIER_3_RESTRICTED_CAUTION,train
8838,0,0.3411,0.5657,0.8838,0.8241,0.0746,49.02,TIER_3_RESTRICTED_CAUTION,test
8839,0,0.5183,0.4287,0.8965,0.7312,0.55,55.73,TIER_3_RESTRICTED_CAUTION,train
8840,0,0.3644,0.5372,0.9113,0.9138,0.0098,48.42,TIER_3_RESTRICTED_CAUTION,train
8841,0,0.1109,0.8349,0.9103,0.8636,0.4826,72.63,TIER_2_STANDARD_TRUST,train
8842,0,0.8074,0.2005,0.8625,0.7872,0.1015,13.24,TIER_4_QUARANTINE_FRAUD,train
8843,0,0.2114,0.6754,0.8531,1.0,0.1228,58.09,TIER_3_RESTRICTED_CAUTION,test
8844,1,0.9226,0.1123,0.8406,0.57,0.022,4.41,TIER_4_QUARANTINE_FRAUD,train
8845,0,0.0164,0.8032,0.9344,0.7212,0.466,67.78,TIER_2_STANDARD_TRUST,train
8846,0,0.0834,0.7053,0.8446,0.9019,0.143,57.16,TIER_3_RESTRICTED_CAUTION,val
8847,0,0.0123,0.7961,0.9165,0.9368,0.1599,62.06,TIER_3_RESTRICTED_CAUTION,train
8848,1,0.7271,0.2104,0.8737,0.7979,0.1255,14.66,TIER_4_QUARANTINE_FRAUD,train
8849,0,1e-04,0.9184,0.8929,0.9607,0.1702,66.45,TIER_2_STANDARD_TRUST,train
8850,0,0.1579,0.6939,0.8861,0.985,0.0932,57.56,TIER_3_RESTRICTED_CAUTION,train
8851,0,0.9175,0.1427,0.8523,0.9121,0.1075,8.85,TIER_4_QUARANTINE_FRAUD,train
8852,0,0.6942,0.3142,0.9103,0.6664,0.0122,22.33,TIER_4_QUARANTINE_FRAUD,val
8853,0,0.0195,0.7973,0.8932,0.8929,0.4604,71.29,TIER_2_STANDARD_TRUST,val
8854,0,0.9461,0.0964,0.901,0.505,0.0162,3.39,TIER_4_QUARANTINE_FRAUD,val
8855,1,0.9637,0.094,0.7663,0.7847,0.0385,4.11,TIER_4_QUARANTINE_FRAUD,train
8856,0,0.888,0.1411,0.8623,0.9335,0.1446,9.14,TIER_4_QUARANTINE_FRAUD,train
8857,0,0.0002,0.9344,0.9262,0.8996,0.4233,74.6,TIER_2_STANDARD_TRUST,train
8858,1,0.9437,0.1125,0.8942,1.0,0.55,9.33,TIER_4_QUARANTINE_FRAUD,test
8859,0,0.3316,0.561,0.8575,0.9491,0.1644,54.89,TIER_3_RESTRICTED_CAUTION,train
8860,0,0.6724,0.3004,0.9222,0.9034,0.1941,28.15,TIER_4_QUARANTINE_FRAUD,train
8861,1,0.8703,0.1513,0.8654,0.8328,0.1448,9.48,TIER_4_QUARANTINE_FRAUD,train
8862,0,0.1893,0.8139,0.9418,0.6543,0.1014,53.74,TIER_3_RESTRICTED_CAUTION,train
8863,1,0.4865,0.3936,0.7968,0.9273,0.1125,39.4,TIER_4_QUARANTINE_FRAUD,train
8864,0,0.0085,0.8202,0.9129,0.9322,0.0131,57.5,TIER_3_RESTRICTED_CAUTION,train
8865,1,0.8969,0.1306,0.8175,0.565,0.0348,5.49,TIER_4_QUARANTINE_FRAUD,train
8866,0,0.0069,0.8258,0.9096,0.99,0.0166,59.2,TIER_3_RESTRICTED_CAUTION,train
8867,0,0.0238,0.8053,0.932,0.7066,0.4171,65.74,TIER_2_STANDARD_TRUST,train
8868,0,0.9175,0.1219,0.9111,0.6525,0.0175,5.43,TIER_4_QUARANTINE_FRAUD,test
8869,0,0.3301,0.5643,0.9014,1.0,0.4886,68.04,TIER_2_STANDARD_TRUST,test
8870,0,0.3426,0.5469,0.9197,1.0,0.1626,56.3,TIER_3_RESTRICTED_CAUTION,train
8871,1,0.9639,0.0886,0.8697,0.4964,0.4275,4.68,TIER_4_QUARANTINE_FRAUD,train
8872,0,0.0791,0.7466,0.8624,0.9795,0.1456,60.6,TIER_3_RESTRICTED_CAUTION,train
8873,0,0.0121,0.7998,0.9133,0.9152,0.4628,72.21,TIER_2_STANDARD_TRUST,train
8874,0,0.0206,0.7865,0.9182,0.9641,0.1359,61.63,TIER_3_RESTRICTED_CAUTION,train
8875,0,0.4602,0.4798,0.9082,0.42,0.4185,48.62,TIER_3_RESTRICTED_CAUTION,train
8876,0,0.0506,0.779,0.8595,0.9228,0.1414,59.98,TIER_3_RESTRICTED_CAUTION,val
8877,1,0.8695,0.2806,0.9046,0.5581,0.0205,17.39,TIER_4_QUARANTINE_FRAUD,train
8878,0,0.0086,0.9298,0.9252,0.8911,0.4367,74.71,TIER_2_STANDARD_TRUST,train
8879,0,0.0048,0.9353,0.9319,0.9871,0.4141,76.55,TIER_2_STANDARD_TRUST,train
8880,1,0.9733,0.0799,0.8531,0.7333,0.1276,3.57,TIER_4_QUARANTINE_FRAUD,train
8881,0,0.0036,0.8391,0.9103,0.9556,0.0044,58.32,TIER_3_RESTRICTED_CAUTION,val
8882,0,0.0023,0.806,0.9246,0.8877,0.0791,58.39,TIER_3_RESTRICTED_CAUTION,train
8883,0,0.4937,0.4381,0.8412,0.8138,0.1634,45.99,TIER_3_RESTRICTED_CAUTION,val
8884,0,0.3552,0.6472,0.9007,0.8777,0.0279,51.34,TIER_3_RESTRICTED_CAUTION,train
8885,0,0.2239,0.6544,0.9217,1.0,0.1322,58.48,TIER_3_RESTRICTED_CAUTION,train
8886,0,0.0197,0.8075,0.8926,0.9816,0.0351,58.92,TIER_3_RESTRICTED_CAUTION,train
8887,0,0.1024,0.8645,0.8568,0.99,0.471,75.74,TIER_2_STANDARD_TRUST,test
8888,0,0.005,0.9299,0.8529,0.9546,0.2355,68.53,TIER_2_STANDARD_TRUST,train
8889,0,0.3005,0.7068,0.9087,0.6262,0.5336,64.62,TIER_3_RESTRICTED_CAUTION,train
8890,1,0.9489,0.1162,0.8311,0.7717,0.1157,6.04,TIER_4_QUARANTINE_FRAUD,test
8891,0,0.0482,0.888,0.8861,0.795,0.4774,72.09,TIER_2_STANDARD_TRUST,test
8892,0,0.252,0.7282,0.8815,0.7829,0.979,84.5,TIER_1_VERIFIED_SAFE,train
8893,0,0.2563,0.6288,0.8881,0.8492,0.1246,53.34,TIER_3_RESTRICTED_CAUTION,train
8894,0,0.7879,0.2292,0.8257,0.9318,0.1152,17.67,TIER_4_QUARANTINE_FRAUD,train
8895,0,0.9677,0.1154,0.9342,0.875,0.456,8.63,TIER_4_QUARANTINE_FRAUD,train
8896,0,0.0958,0.92,0.925,0.7741,0.458,72.23,TIER_2_STANDARD_TRUST,train
8897,1,0.767,0.2481,0.8292,0.305,0.0617,11.77,TIER_4_QUARANTINE_FRAUD,test
8898,1,0.9748,0.0812,0.8854,1.0,0.1415,4.45,TIER_4_QUARANTINE_FRAUD,test
8899,0,0.1934,0.7587,0.8849,0.8661,0.1141,57.25,TIER_3_RESTRICTED_CAUTION,train
8900,1,0.9517,0.093,0.7115,0.7569,0.1161,4.24,TIER_4_QUARANTINE_FRAUD,val
8901,1,0.8126,0.1972,0.779,0.7816,0.1172,12.78,TIER_4_QUARANTINE_FRAUD,train
8902,0,0.1287,0.8446,0.9308,0.9014,0.0943,60.48,TIER_3_RESTRICTED_CAUTION,train
8903,0,0.7517,0.2754,0.8597,0.935,0.4635,29.82,TIER_4_QUARANTINE_FRAUD,train
8904,0,0.0056,0.7995,0.9282,0.9417,0.0267,57.74,TIER_3_RESTRICTED_CAUTION,val
8905,1,0.3401,0.5492,0.7436,0.3264,0.0571,34.07,TIER_4_QUARANTINE_FRAUD,test
8906,0,0.0245,0.911,0.933,0.9796,0.9757,95.3,TIER_1_VERIFIED_SAFE,test
8907,1,0.8384,0.1747,0.8609,0.2914,0.059,6.78,TIER_4_QUARANTINE_FRAUD,train
8908,0,0.761,0.2668,0.8235,0.9314,0.1215,22.19,TIER_4_QUARANTINE_FRAUD,test
8909,0,0.022,0.7893,0.8818,0.8735,0.1335,59.01,TIER_3_RESTRICTED_CAUTION,test
8910,1,0.9001,0.1462,0.9022,0.9646,0.1018,9.53,TIER_4_QUARANTINE_FRAUD,train
8911,0,0.0217,0.8178,0.8321,0.9567,0.647,79.42,TIER_2_STANDARD_TRUST,train
8912,0,0.5266,0.4107,0.9081,0.955,0.1637,45.28,TIER_3_RESTRICTED_CAUTION,val
8913,0,0.5005,0.4579,0.924,0.8383,0.4403,59.35,TIER_3_RESTRICTED_CAUTION,test
8914,0,0.2589,0.6303,0.9226,0.9353,0.1777,57.74,TIER_3_RESTRICTED_CAUTION,train
8915,0,0.7006,0.2437,0.8255,1.0,0.2217,21.78,TIER_4_QUARANTINE_FRAUD,train
8916,0,0.0514,0.7762,0.8669,0.892,0.0753,56.89,TIER_3_RESTRICTED_CAUTION,train
8917,1,0.8189,0.1961,0.8617,0.9378,0.1548,14.73,TIER_4_QUARANTINE_FRAUD,test
8918,0,0.0142,0.795,0.8722,0.8036,0.1084,56.45,TIER_3_RESTRICTED_CAUTION,train
8919,0,0.8854,0.1566,0.8561,0.855,0.022,8.98,TIER_4_QUARANTINE_FRAUD,train
8920,0,0.5182,0.4181,0.8742,0.8864,0.0903,42.36,TIER_4_QUARANTINE_FRAUD,test
8921,0,0.7923,0.2264,0.7746,0.8934,0.128,16.93,TIER_4_QUARANTINE_FRAUD,test
8922,0,0.9298,0.1396,0.8987,0.3385,0.4316,8.02,TIER_4_QUARANTINE_FRAUD,val
8923,0,0.0043,0.9277,0.9258,0.746,0.0703,58.2,TIER_3_RESTRICTED_CAUTION,train
8924,1,0.9148,0.0761,0.8608,0.6759,0.1251,3.19,TIER_4_QUARANTINE_FRAUD,train
8925,0,0.6751,0.3322,0.9784,0.7517,0.4464,36.5,TIER_4_QUARANTINE_FRAUD,train
8926,1,0.3822,0.5199,0.7319,0.99,0.1272,52.12,TIER_3_RESTRICTED_CAUTION,train
8927,0,0.0008,0.8281,0.8473,0.9497,0.0909,60.24,TIER_3_RESTRICTED_CAUTION,test
8928,0,0.6492,0.3188,0.8639,0.8882,0.131,28.74,TIER_4_QUARANTINE_FRAUD,test
8929,1,0.2074,0.671,0.8996,0.8688,0.4271,65.79,TIER_2_STANDARD_TRUST,train
8930,0,0.0363,0.808,0.8713,0.9585,0.1281,61.4,TIER_3_RESTRICTED_CAUTION,train
8931,0,0.8163,0.224,0.922,0.8888,0.4329,21.53,TIER_4_QUARANTINE_FRAUD,train
8932,1,0.8321,0.1376,0.8839,0.985,0.1594,9.25,TIER_4_QUARANTINE_FRAUD,train
8933,0,0.0038,0.802,0.9324,0.9885,0.1643,63.84,TIER_3_RESTRICTED_CAUTION,test
8934,0,0.0004,0.8049,0.931,0.9841,0.1328,62.71,TIER_3_RESTRICTED_CAUTION,train
8935,0,0.0531,0.8,0.927,0.7829,0.9692,86.76,TIER_1_VERIFIED_SAFE,train
8936,0,0.7605,0.2363,0.8946,0.8364,0.1001,17.5,TIER_4_QUARANTINE_FRAUD,train
8937,0,0.0465,0.795,0.9012,0.7321,0.0383,52.51,TIER_3_RESTRICTED_CAUTION,train
8938,0,0.0155,0.793,0.9212,0.8879,0.1107,59.07,TIER_3_RESTRICTED_CAUTION,train
8939,1,0.7353,0.2601,0.868,0.8965,0.4397,26.62,TIER_4_QUARANTINE_FRAUD,test
8940,0,0.0083,0.9547,0.9585,0.8785,0.1205,64.41,TIER_3_RESTRICTED_CAUTION,train
8941,1,0.9425,0.1216,0.8522,0.8533,0.1192,6.88,TIER_4_QUARANTINE_FRAUD,train
8942,0,0.0755,0.7492,0.9265,0.9761,0.1875,62.71,TIER_3_RESTRICTED_CAUTION,train
8943,0,0.2234,0.6366,0.8475,0.8695,0.1211,53.55,TIER_3_RESTRICTED_CAUTION,train
8944,1,0.2822,0.5994,0.9049,0.55,0.0391,42.15,TIER_4_QUARANTINE_FRAUD,train
8945,0,0.0077,0.9135,0.9143,0.9003,0.4232,73.87,TIER_2_STANDARD_TRUST,train
8946,0,0.0027,0.8885,0.8771,0.9519,0.4247,74.09,TIER_2_STANDARD_TRUST,train
8947,0,0.449,0.4785,0.9097,0.8436,0.4864,61.56,TIER_3_RESTRICTED_CAUTION,train
8948,0,0.077,0.7692,0.8866,0.8656,0.2447,62.15,TIER_3_RESTRICTED_CAUTION,train
8949,0,0.1293,0.6681,0.9238,0.9133,0.0103,52.47,TIER_3_RESTRICTED_CAUTION,train
8950,0,0.0394,0.906,0.8946,0.9552,0.4379,75.34,TIER_2_STANDARD_TRUST,train
8951,1,0.9592,0.0876,0.8991,1.0,0.0748,4.68,TIER_4_QUARANTINE_FRAUD,train
8952,0,0.0174,0.7911,0.9369,0.9006,0.0096,55.95,TIER_3_RESTRICTED_CAUTION,train
8953,1,0.8841,0.1402,0.8417,0.7085,0.0323,6.91,TIER_4_QUARANTINE_FRAUD,train
8954,0,0.0149,0.7967,0.9095,0.9959,0.2029,64.99,TIER_3_RESTRICTED_CAUTION,train
8955,0,0.3518,0.5403,0.9086,0.9875,0.1559,55.44,TIER_3_RESTRICTED_CAUTION,test
8956,0,0.0297,0.8984,0.9247,0.921,0.1874,65.78,TIER_2_STANDARD_TRUST,train
8957,1,0.5166,0.4142,0.882,0.995,0.0298,42.35,TIER_4_QUARANTINE_FRAUD,train
8958,0,0.0604,0.8964,0.9323,0.6412,0.4706,68.72,TIER_2_STANDARD_TRUST,train
8959,0,0.6067,0.3745,0.9026,0.9121,0.118,37.17,TIER_4_QUARANTINE_FRAUD,train
8960,0,0.0113,0.8171,0.9209,0.7375,0.0171,52.76,TIER_3_RESTRICTED_CAUTION,train
8961,1,0.8616,0.1935,0.8983,0.6916,0.4949,16.49,TIER_4_QUARANTINE_FRAUD,train
8962,0,0.0129,0.7922,0.9201,0.9705,0.1061,60.94,TIER_3_RESTRICTED_CAUTION,train
8963,0,0.0034,0.8023,0.8697,0.907,0.1298,59.98,TIER_3_RESTRICTED_CAUTION,train
8964,0,0.7202,0.399,0.936,0.6885,0.4636,46.84,TIER_3_RESTRICTED_CAUTION,train
8965,1,0.6711,0.3239,0.8803,0.6047,0.1206,24.68,TIER_4_QUARANTINE_FRAUD,val
8966,0,0.3971,0.4619,0.8821,0.8514,0.205,51.14,TIER_3_RESTRICTED_CAUTION,train
8967,1,0.1658,0.6796,0.7613,0.9507,0.152,57.09,TIER_3_RESTRICTED_CAUTION,train
8968,1,0.8423,0.1911,0.8899,0.5681,0.4284,14.39,TIER_4_QUARANTINE_FRAUD,train
8969,0,0.0018,0.9269,0.9202,0.8927,0.4453,74.91,TIER_2_STANDARD_TRUST,train
8970,0,0.0109,0.9272,0.9098,0.9757,0.0247,62.17,TIER_3_RESTRICTED_CAUTION,train
8971,0,0.2349,0.6538,0.8713,0.55,0.55,61.33,TIER_3_RESTRICTED_CAUTION,test
8972,0,0.1233,0.7113,0.9142,0.9051,0.0934,56.38,TIER_3_RESTRICTED_CAUTION,train
8973,0,0.21,0.648,0.8983,0.9063,0.1615,56.73,TIER_3_RESTRICTED_CAUTION,train
8974,0,0.0028,0.833,0.8967,0.9662,0.1565,63.59,TIER_3_RESTRICTED_CAUTION,train
8975,0,0.0032,0.9287,0.8656,0.8474,0.5555,77.15,TIER_2_STANDARD_TRUST,test
8976,0,0.0321,0.8169,0.8999,0.7788,0.438,68.31,TIER_2_STANDARD_TRUST,train
8977,0,0.8953,0.132,0.822,0.3656,0.039,4.61,TIER_4_QUARANTINE_FRAUD,train
8978,1,0.8138,0.1931,0.8368,0.9625,0.1291,14.23,TIER_4_QUARANTINE_FRAUD,train
8979,1,0.6716,0.3192,0.848,0.995,0.0648,28.92,TIER_4_QUARANTINE_FRAUD,test
8980,0,0.7565,0.2391,0.9103,0.7476,0.0356,15.92,TIER_4_QUARANTINE_FRAUD,train
8981,1,0.9644,0.0859,0.8291,0.7591,0.1091,3.91,TIER_4_QUARANTINE_FRAUD,train
8982,1,0.9525,0.1206,0.8265,0.6768,0.4623,8.12,TIER_4_QUARANTINE_FRAUD,test
8983,1,0.9585,0.0941,0.8619,0.6898,0.0557,4.0,TIER_4_QUARANTINE_FRAUD,test
8984,1,0.9893,0.0907,0.87,0.6944,0.0259,3.7,TIER_4_QUARANTINE_FRAUD,train
8985,1,0.9601,0.0883,0.8649,0.8025,0.1346,4.34,TIER_4_QUARANTINE_FRAUD,test
8986,0,0.0216,0.9236,0.8679,0.8466,0.4222,72.33,TIER_2_STANDARD_TRUST,test
8987,0,0.0635,0.7934,0.8526,0.9499,0.0269,57.02,TIER_3_RESTRICTED_CAUTION,train
8988,0,0.0014,0.9286,0.9036,0.7891,0.4251,71.5,TIER_2_STANDARD_TRUST,train
8989,1,0.9929,0.0603,0.893,0.6894,0.0218,2.11,TIER_4_QUARANTINE_FRAUD,train
8990,0,0.0839,0.8567,0.8659,0.8233,0.55,74.19,TIER_2_STANDARD_TRUST,test
8991,0,0.4322,0.4895,0.874,0.7346,0.0471,43.44,TIER_4_QUARANTINE_FRAUD,train
8992,1,0.9678,0.0966,0.8756,0.7765,0.1337,4.84,TIER_4_QUARANTINE_FRAUD,test
8993,1,0.9253,0.092,0.8844,0.6612,0.0291,3.7,TIER_4_QUARANTINE_FRAUD,train
8994,1,0.9879,0.0735,0.8434,0.695,0.1157,3.04,TIER_4_QUARANTINE_FRAUD,train
8995,0,0.8735,0.1648,0.8145,0.9752,0.0241,10.38,TIER_4_QUARANTINE_FRAUD,val
8996,0,0.0167,0.9134,0.8478,0.8896,0.4864,75.15,TIER_2_STANDARD_TRUST,train
8997,0,0.0007,0.9272,0.9044,0.9445,0.4537,76.35,TIER_2_STANDARD_TRUST,val
8998,1,0.9603,0.0865,0.6839,0.8703,0.1378,4.22,TIER_4_QUARANTINE_FRAUD,test
8999,1,0.974,0.1024,0.8882,0.6258,0.019,4.13,TIER_4_QUARANTINE_FRAUD,train
9000,1,0.7964,0.2066,0.8382,0.8844,0.1268,14.95,TIER_4_QUARANTINE_FRAUD,train
9001,0,0.0094,0.7669,0.8693,0.9907,0.1048,60.13,TIER_3_RESTRICTED_CAUTION,train
9002,0,0.331,0.6911,0.8056,0.938,0.4608,68.37,TIER_2_STANDARD_TRUST,train
9003,0,0.0754,0.8625,0.9304,0.7875,0.043,56.37,TIER_3_RESTRICTED_CAUTION,train
9004,1,0.887,0.1676,0.8975,0.2667,0.0279,5.99,TIER_4_QUARANTINE_FRAUD,train
9005,0,0.2286,0.6616,0.8693,0.815,0.5196,67.1,TIER_2_STANDARD_TRUST,train
9006,1,0.7218,0.2113,0.8051,1.0,0.55,21.94,TIER_4_QUARANTINE_FRAUD,train
9007,1,0.9081,0.1443,0.8863,0.5983,0.1185,7.36,TIER_4_QUARANTINE_FRAUD,train
9008,1,0.9009,0.1276,0.8324,0.4033,0.0287,4.51,TIER_4_QUARANTINE_FRAUD,train
9009,0,0.0643,0.8801,0.9322,0.9528,0.5985,80.49,TIER_1_VERIFIED_SAFE,train
9010,0,0.1154,0.7515,0.8783,0.965,0.0992,58.93,TIER_3_RESTRICTED_CAUTION,train
9011,0,0.0321,0.8028,0.8965,0.9634,0.1332,61.79,TIER_3_RESTRICTED_CAUTION,train
9012,0,0.0049,0.8251,0.9103,0.9707,0.1062,61.84,TIER_3_RESTRICTED_CAUTION,train
9013,0,0.693,0.3104,0.9156,0.9511,0.4104,34.92,TIER_4_QUARANTINE_FRAUD,test
9014,0,0.0093,0.8071,0.8562,0.9915,0.1287,62.07,TIER_3_RESTRICTED_CAUTION,val
9015,0,0.9283,0.1066,0.7814,0.2009,0.0233,2.59,TIER_4_QUARANTINE_FRAUD,train
9016,1,0.9557,0.2128,0.794,0.9061,0.037,14.46,TIER_4_QUARANTINE_FRAUD,train
9017,0,0.0195,0.9228,0.8407,1.0,0.1094,64.92,TIER_3_RESTRICTED_CAUTION,test
9018,0,0.016,0.7987,0.9244,0.99,0.094,61.24,TIER_3_RESTRICTED_CAUTION,test
9019,1,0.975,0.075,0.8753,0.902,0.1518,3.79,TIER_4_QUARANTINE_FRAUD,train
9020,0,0.4879,0.4111,0.8391,0.8817,0.1377,42.3,TIER_4_QUARANTINE_FRAUD,train
9021,0,0.0006,0.9309,0.8914,0.963,0.5155,78.96,TIER_2_STANDARD_TRUST,train
9022,0,0.3005,0.6091,0.9115,0.7982,0.5389,66.2,TIER_2_STANDARD_TRUST,train
9023,1,0.7599,0.2528,0.7986,0.7599,0.1493,18.8,TIER_4_QUARANTINE_FRAUD,train
9024,0,0.0026,0.9028,0.9107,0.9246,0.1186,63.46,TIER_3_RESTRICTED_CAUTION,train
9025,0,0.9087,0.1441,0.8637,0.8846,0.4284,11.39,TIER_4_QUARANTINE_FRAUD,train
9026,0,0.5912,0.3755,0.8732,1.0,0.1449,39.58,TIER_4_QUARANTINE_FRAUD,train
9027,0,0.0052,0.9278,0.9341,0.9539,0.4163,75.6,TIER_2_STANDARD_TRUST,train
9028,0,0.7875,0.2136,0.8662,0.9127,0.1505,16.38,TIER_4_QUARANTINE_FRAUD,train
9029,0,0.0082,0.8027,0.9289,0.915,0.1143,60.24,TIER_3_RESTRICTED_CAUTION,test
9030,0,0.0453,0.7902,0.8738,0.8904,0.1075,58.47,TIER_3_RESTRICTED_CAUTION,train
9031,0,0.0049,0.8009,0.8871,0.9001,0.1376,60.22,TIER_3_RESTRICTED_CAUTION,test
9032,0,0.9177,0.1168,0.8055,0.3375,0.0204,3.59,TIER_4_QUARANTINE_FRAUD,val
9033,0,0.0102,0.8031,0.919,0.885,0.1228,59.7,TIER_3_RESTRICTED_CAUTION,train
9034,0,0.7853,0.2419,0.8143,0.9514,0.4659,24.76,TIER_4_QUARANTINE_FRAUD,test
9035,0,0.9693,0.0762,0.802,0.2912,0.0204,1.82,TIER_4_QUARANTINE_FRAUD,train
9036,0,0.8934,0.143,0.7864,0.3611,0.4535,8.35,TIER_4_QUARANTINE_FRAUD,train
9037,0,0.5355,0.5326,0.906,0.8242,0.5711,65.63,TIER_2_STANDARD_TRUST,train
9038,0,0.9138,0.0878,0.7924,0.875,0.5002,5.97,TIER_4_QUARANTINE_FRAUD,train
9039,0,0.4857,0.4388,0.8423,0.3425,0.0319,30.25,TIER_4_QUARANTINE_FRAUD,train
9040,1,0.9395,0.1186,0.8603,1.0,0.1327,7.39,TIER_4_QUARANTINE_FRAUD,train
9041,1,0.9845,0.0655,0.8269,0.7071,0.1258,2.64,TIER_4_QUARANTINE_FRAUD,test
9042,1,0.9345,0.103,0.8361,0.9141,0.1216,5.67,TIER_4_QUARANTINE_FRAUD,train
9043,1,0.8139,0.1943,0.8787,1.0,0.185,15.46,TIER_4_QUARANTINE_FRAUD,val
9044,1,0.8565,0.1653,0.8885,0.2414,0.113,6.48,TIER_4_QUARANTINE_FRAUD,train
9045,0,0.0217,0.805,0.8719,0.9932,0.1749,63.82,TIER_3_RESTRICTED_CAUTION,train
9046,0,0.0846,0.7456,0.9018,0.9613,0.1535,60.79,TIER_3_RESTRICTED_CAUTION,train
9047,0,0.0179,0.9269,0.9358,0.946,0.5504,80.08,TIER_1_VERIFIED_SAFE,train
9048,0,0.0107,0.8027,0.9227,0.8986,0.4237,70.6,TIER_2_STANDARD_TRUST,val
9049,0,0.8782,0.281,0.8747,0.9579,0.1958,26.01,TIER_4_QUARANTINE_FRAUD,train
9050,1,0.9868,0.0632,0.8897,1.0,0.1169,3.11,TIER_4_QUARANTINE_FRAUD,test
9051,0,0.394,0.5326,0.8823,0.8433,0.0181,46.52,TIER_3_RESTRICTED_CAUTION,val
9052,0,0.0971,0.7499,0.8617,0.9207,0.0946,57.44,TIER_3_RESTRICTED_CAUTION,train
9053,0,0.4187,0.4931,0.9523,1.0,0.1726,55.36,TIER_3_RESTRICTED_CAUTION,train
9054,1,0.4076,0.5172,0.8937,0.7575,0.056,45.35,TIER_3_RESTRICTED_CAUTION,train
9055,0,0.5257,0.5402,0.9105,0.9428,0.2222,56.66,TIER_3_RESTRICTED_CAUTION,train
9056,1,0.8529,0.2925,0.8725,0.985,0.1156,26.38,TIER_4_QUARANTINE_FRAUD,train
9057,0,0.7352,0.2535,0.8533,0.9721,0.1275,21.29,TIER_4_QUARANTINE_FRAUD,test
9058,1,0.9423,0.1177,0.8905,0.8767,0.4607,8.83,TIER_4_QUARANTINE_FRAUD,train
9059,0,0.7045,0.2891,0.8907,0.9117,0.1273,25.22,TIER_4_QUARANTINE_FRAUD,train
9060,1,0.8459,0.1227,0.8368,0.875,0.1156,7.01,TIER_4_QUARANTINE_FRAUD,test
9061,1,0.8483,0.168,0.739,0.9146,0.1269,11.04,TIER_4_QUARANTINE_FRAUD,train
9062,0,0.9231,0.1383,0.9029,0.8205,0.4325,10.53,TIER_4_QUARANTINE_FRAUD,train
9063,0,0.005,0.8327,0.9162,0.9932,0.1011,62.51,TIER_3_RESTRICTED_CAUTION,train
9064,0,0.0023,0.8067,0.889,0.8827,0.1492,60.38,TIER_3_RESTRICTED_CAUTION,train
9065,0,0.0111,0.8007,0.9416,0.9397,0.1157,60.98,TIER_3_RESTRICTED_CAUTION,train
9066,0,0.0009,0.9289,0.9216,0.8399,0.4342,73.28,TIER_2_STANDARD_TRUST,test
9067,1,0.0638,0.7924,0.8631,0.9002,0.0623,57.09,TIER_3_RESTRICTED_CAUTION,test
9068,0,0.0577,0.765,0.8784,0.9347,0.124,59.44,TIER_3_RESTRICTED_CAUTION,train
9069,1,0.0201,0.8125,0.8971,0.9492,0.1025,60.67,TIER_3_RESTRICTED_CAUTION,test
9070,0,0.0548,0.8978,0.9205,0.9319,0.5084,77.23,TIER_2_STANDARD_TRUST,train
9071,0,0.67,0.3334,0.9185,0.7109,0.4431,35.53,TIER_4_QUARANTINE_FRAUD,val
9072,0,0.0013,0.9353,0.9281,0.9143,0.5351,78.93,TIER_2_STANDARD_TRUST,train
9073,1,0.9412,0.112,0.8561,0.72,0.1136,5.56,TIER_4_QUARANTINE_FRAUD,val
9074,0,0.1504,0.6885,0.8819,0.975,0.1174,57.96,TIER_3_RESTRICTED_CAUTION,train
9075,0,0.2556,0.6151,0.8708,0.8314,0.0987,51.4,TIER_3_RESTRICTED_CAUTION,val
9076,0,0.0547,0.8937,0.8681,0.6885,0.4294,67.73,TIER_2_STANDARD_TRUST,train
9077,1,0.8233,0.1948,0.7698,0.836,0.1151,12.95,TIER_4_QUARANTINE_FRAUD,train
9078,1,0.1236,0.7278,0.8827,0.8769,0.1089,56.4,TIER_3_RESTRICTED_CAUTION,train
9079,0,0.0123,0.9823,0.9384,0.9648,0.4148,77.49,TIER_2_STANDARD_TRUST,train
9080,0,0.0122,0.8957,0.9222,0.855,0.1405,62.38,TIER_3_RESTRICTED_CAUTION,train
9081,0,0.0084,0.7969,0.9169,0.9369,0.0479,58.17,TIER_3_RESTRICTED_CAUTION,train
9082,0,0.0188,0.8185,0.8732,0.9043,0.1004,59.41,TIER_3_RESTRICTED_CAUTION,val
9083,1,0.876,0.1726,0.9052,0.6462,0.1083,9.84,TIER_4_QUARANTINE_FRAUD,train
9084,0,0.0073,0.922,0.8878,0.9321,0.4377,75.16,TIER_2_STANDARD_TRUST,train
9085,0,0.0025,0.8173,0.91,0.9471,0.0126,57.74,TIER_3_RESTRICTED_CAUTION,train
9086,0,0.273,0.6257,0.9039,0.995,0.0079,52.96,TIER_3_RESTRICTED_CAUTION,train
9087,0,0.7007,0.2803,0.8972,0.995,0.1752,26.15,TIER_4_QUARANTINE_FRAUD,test
9088,0,0.088,0.7587,0.9116,0.8131,0.4561,68.17,TIER_2_STANDARD_TRUST,train
9089,0,0.0197,0.8059,0.9048,0.9,0.0573,57.73,TIER_3_RESTRICTED_CAUTION,train
9090,1,0.822,0.1368,0.8107,0.7861,0.1276,7.72,TIER_4_QUARANTINE_FRAUD,test
9091,1,0.9661,0.0802,0.8472,0.3517,0.0467,2.26,TIER_4_QUARANTINE_FRAUD,val
9092,0,0.3198,0.5889,0.9247,0.8081,0.5213,65.36,TIER_2_STANDARD_TRUST,train
9093,0,0.0125,0.8853,0.9266,0.9616,0.4188,74.52,TIER_2_STANDARD_TRUST,val
9094,1,0.6414,0.3235,0.8489,0.3478,0.0324,18.24,TIER_4_QUARANTINE_FRAUD,val
9095,0,0.0003,0.9169,0.8738,0.921,0.464,75.51,TIER_2_STANDARD_TRUST,test
9096,0,0.1624,0.7199,0.8536,0.7085,0.4507,63.62,TIER_3_RESTRICTED_CAUTION,test
9097,0,0.0739,0.7719,0.9183,0.9121,0.4376,70.46,TIER_2_STANDARD_TRUST,test
9098,0,0.0035,0.8395,0.9353,0.8642,0.1029,59.74,TIER_3_RESTRICTED_CAUTION,train
9099,1,0.9224,0.0738,0.8958,0.6568,0.125,3.05,TIER_4_QUARANTINE_FRAUD,test
9100,1,0.9502,0.1203,0.8939,1.0,0.4454,9.57,TIER_4_QUARANTINE_FRAUD,test
9101,0,0.0787,0.7508,0.8615,0.9203,0.1238,58.48,TIER_3_RESTRICTED_CAUTION,train
9102,0,0.048,0.7957,0.924,0.73,0.4306,66.43,TIER_2_STANDARD_TRUST,val
9103,0,0.639,0.3301,0.8358,0.9111,0.1304,30.49,TIER_4_QUARANTINE_FRAUD,train
9104,1,0.8715,0.1655,0.8793,1.0,0.1284,11.78,TIER_4_QUARANTINE_FRAUD,test
9105,1,0.9029,0.1267,0.8432,1.0,0.1315,8.05,TIER_4_QUARANTINE_FRAUD,val
9106,1,0.9566,0.1049,0.8853,0.8956,0.0352,5.36,TIER_4_QUARANTINE_FRAUD,train
9107,0,0.0051,0.8346,0.8759,0.9388,0.1247,61.63,TIER_3_RESTRICTED_CAUTION,train
9108,1,0.9476,0.0513,0.8783,1.0,0.0496,2.2,TIER_4_QUARANTINE_FRAUD,val
9109,0,0.1638,0.8178,0.9286,0.7825,0.5248,71.75,TIER_2_STANDARD_TRUST,test
9110,1,0.92,0.0828,0.8438,0.7418,0.1047,3.67,TIER_4_QUARANTINE_FRAUD,test
9111,1,0.9416,0.119,0.8983,1.0,0.9552,12.59,TIER_4_QUARANTINE_FRAUD,val
9112,0,0.0136,0.7944,0.9246,0.8945,0.0977,58.86,TIER_3_RESTRICTED_CAUTION,test
9113,1,0.9323,0.0916,0.8596,1.0,0.1047,5.05,TIER_4_QUARANTINE_FRAUD,test
9114,0,0.0514,0.7805,0.8996,0.8819,0.1158,58.51,TIER_3_RESTRICTED_CAUTION,train
9115,0,0.2677,0.6056,0.8608,0.8962,0.0945,52.49,TIER_3_RESTRICTED_CAUTION,train
9116,0,0.1172,0.8391,0.9081,0.8869,0.4738,73.01,TIER_2_STANDARD_TRUST,train
9117,0,0.1752,0.7764,0.8817,0.8386,0.097,56.47,TIER_3_RESTRICTED_CAUTION,train
9118,0,0.7955,0.2166,0.861,0.9879,0.118,16.98,TIER_4_QUARANTINE_FRAUD,train
9119,0,0.377,0.5216,0.8744,0.9154,0.1183,51.42,TIER_3_RESTRICTED_CAUTION,train
9120,0,0.1023,0.8532,0.932,0.9063,0.4355,72.82,TIER_2_STANDARD_TRUST,train
9121,0,0.4526,0.4674,0.851,0.9057,0.1032,48.79,TIER_3_RESTRICTED_CAUTION,train
9122,0,0.0765,0.7739,0.9215,0.5164,0.9622,79.02,TIER_2_STANDARD_TRUST,train
9123,0,0.1795,0.6713,0.887,0.9858,0.1011,57.19,TIER_3_RESTRICTED_CAUTION,train
9124,0,0.8262,0.2871,0.8684,0.7684,0.1055,22.41,TIER_4_QUARANTINE_FRAUD,test
9125,0,0.0955,0.7508,0.8813,0.7902,0.9755,85.24,TIER_1_VERIFIED_SAFE,train
9126,0,0.0114,0.8831,0.9371,0.9244,0.4362,74.24,TIER_2_STANDARD_TRUST,train
9127,0,0.0532,0.7974,0.863,0.9901,0.1471,62.45,TIER_3_RESTRICTED_CAUTION,train
9128,0,0.1167,0.7514,0.889,0.9153,0.4142,68.81,TIER_2_STANDARD_TRUST,train
9129,0,0.095,0.7594,0.9101,0.7718,0.4335,66.35,TIER_2_STANDARD_TRUST,train
9130,0,0.4827,0.4437,0.8979,0.985,0.2109,53.31,TIER_3_RESTRICTED_CAUTION,test
9131,0,0.0203,0.8241,0.8444,0.9813,0.4269,72.64,TIER_2_STANDARD_TRUST,test
9132,0,0.1424,0.703,0.9191,0.8325,0.0145,51.6,TIER_3_RESTRICTED_CAUTION,train
9133,0,0.9027,0.1577,0.7911,0.7711,0.0416,8.54,TIER_4_QUARANTINE_FRAUD,train
9134,1,0.5564,0.4218,0.8571,0.688,0.1134,38.97,TIER_4_QUARANTINE_FRAUD,train
9135,0,0.004,0.8015,0.8981,0.9195,0.136,60.77,TIER_3_RESTRICTED_CAUTION,train
9136,0,0.3575,0.5646,0.8826,0.9634,0.2441,58.4,TIER_3_RESTRICTED_CAUTION,val
9137,1,0.8857,0.2562,0.9088,0.4092,0.4248,20.13,TIER_4_QUARANTINE_FRAUD,train
9138,1,0.8764,0.1481,0.7601,0.905,0.1644,9.53,TIER_4_QUARANTINE_FRAUD,train
9139,0,0.001,0.839,0.9057,0.7383,0.4825,69.57,TIER_2_STANDARD_TRUST,test
9140,1,0.1957,0.6641,0.8491,1.0,0.0516,55.22,TIER_3_RESTRICTED_CAUTION,test
9141,0,0.0071,0.8979,0.926,0.9497,0.1125,63.88,TIER_3_RESTRICTED_CAUTION,val
9142,0,0.9056,0.1243,0.8058,0.2434,0.0199,3.48,TIER_4_QUARANTINE_FRAUD,test
9143,0,0.117,0.8154,0.9203,0.8556,0.1114,58.96,TIER_3_RESTRICTED_CAUTION,train
9144,1,0.9527,0.0914,0.8921,0.7562,0.0273,3.97,TIER_4_QUARANTINE_FRAUD,val
9145,0,0.0465,0.7693,0.9113,0.635,0.0232,48.88,TIER_3_RESTRICTED_CAUTION,train
9146,0,0.4921,0.4407,0.8592,0.9467,0.1579,49.64,TIER_3_RESTRICTED_CAUTION,train
9147,1,0.9576,0.0858,0.8469,1.0,0.0641,4.44,TIER_4_QUARANTINE_FRAUD,test
9148,1,0.8063,0.2098,0.8227,0.9421,0.4306,19.7,TIER_4_QUARANTINE_FRAUD,train
9149,0,0.7696,0.2611,0.8494,1.0,0.444,28.03,TIER_4_QUARANTINE_FRAUD,train
9150,0,0.0419,0.9598,0.8944,0.8814,0.4533,75.64,TIER_2_STANDARD_TRUST,train
9151,1,0.8359,0.1982,0.8878,0.83,0.0941,13.38,TIER_4_QUARANTINE_FRAUD,train
9152,0,0.0071,0.9184,0.9175,0.9685,0.6596,84.03,TIER_1_VERIFIED_SAFE,test
9153,1,0.9142,0.1546,0.8284,0.8156,0.1121,9.28,TIER_4_QUARANTINE_FRAUD,test
9154,1,0.9405,0.0992,0.764,0.8956,0.1216,5.22,TIER_4_QUARANTINE_FRAUD,test
9155,1,0.8656,0.2726,0.8954,0.8275,0.477,28.41,TIER_4_QUARANTINE_FRAUD,train
9156,1,0.9047,0.1833,0.8183,0.8688,0.0959,12.06,TIER_4_QUARANTINE_FRAUD,train
9157,0,0.0742,0.7586,0.9082,0.68,0.1611,54.48,TIER_3_RESTRICTED_CAUTION,train
9158,0,0.1145,0.9023,0.9101,0.9517,0.4189,74.62,TIER_2_STANDARD_TRUST,train
9159,1,0.8309,0.2081,0.8696,0.9233,0.0382,14.44,TIER_4_QUARANTINE_FRAUD,val
9160,0,0.0067,0.9053,0.9056,0.97,0.4348,75.68,TIER_2_STANDARD_TRUST,train
9161,0,0.7709,0.2258,0.8718,0.9105,0.1237,17.38,TIER_4_QUARANTINE_FRAUD,test
9162,1,0.8896,0.1547,0.8533,0.871,0.1026,9.62,TIER_4_QUARANTINE_FRAUD,train
9163,0,0.0004,0.9041,0.9387,0.9705,0.1843,67.22,TIER_2_STANDARD_TRUST,train
9164,1,0.9768,0.0727,0.8531,0.894,0.0531,3.26,TIER_4_QUARANTINE_FRAUD,train
9165,1,0.9647,0.0872,0.866,0.6874,0.0471,3.57,TIER_4_QUARANTINE_FRAUD,train
9166,0,0.0054,0.7987,0.8681,0.9595,0.1117,60.54,TIER_3_RESTRICTED_CAUTION,train
9167,1,0.9183,0.1193,0.9032,0.5777,0.0749,5.28,TIER_4_QUARANTINE_FRAUD,train
9168,1,0.7519,0.2746,0.8929,0.7167,0.0251,18.92,TIER_4_QUARANTINE_FRAUD,train
9169,0,0.0882,0.8405,0.8817,0.8856,0.0915,59.38,TIER_3_RESTRICTED_CAUTION,test
9170,1,0.9541,0.0949,0.854,1.0,0.1778,5.64,TIER_4_QUARANTINE_FRAUD,train
9171,0,0.0066,0.8013,0.9131,0.8782,0.0926,58.37,TIER_3_RESTRICTED_CAUTION,train
9172,0,0.363,0.5327,0.926,0.941,0.1784,55.01,TIER_3_RESTRICTED_CAUTION,test
9173,0,0.0545,0.7721,0.8476,0.99,0.0286,57.39,TIER_3_RESTRICTED_CAUTION,test
9174,0,0.2188,0.6385,0.9131,0.995,0.3307,64.73,TIER_3_RESTRICTED_CAUTION,train
9175,0,0.0059,0.8175,0.9423,0.9815,0.0922,61.71,TIER_3_RESTRICTED_CAUTION,train
9176,1,0.6478,0.3417,0.9004,0.8786,0.0684,30.49,TIER_4_QUARANTINE_FRAUD,test
9177,0,0.0037,0.9201,0.933,0.9738,0.41,75.63,TIER_2_STANDARD_TRUST,val
9178,1,0.9437,0.1048,0.8948,0.4638,0.013,3.63,TIER_4_QUARANTINE_FRAUD,test
9179,0,0.1538,0.6893,0.883,0.9564,0.1466,58.55,TIER_3_RESTRICTED_CAUTION,train
9180,1,0.9236,0.1148,0.8525,0.7387,0.0247,5.3,TIER_4_QUARANTINE_FRAUD,val
9181,0,0.0203,0.8895,0.8797,1.0,0.0845,63.44,TIER_3_RESTRICTED_CAUTION,train
9182,1,0.9206,0.1155,0.8904,1.0,0.1093,7.03,TIER_4_QUARANTINE_FRAUD,val
9183,0,0.0179,0.7908,0.9306,0.9192,0.1022,59.58,TIER_3_RESTRICTED_CAUTION,test
9184,1,0.9718,0.0865,0.8934,0.5164,0.1131,3.33,TIER_4_QUARANTINE_FRAUD,train
9185,1,0.928,0.1086,0.8016,0.3475,0.0535,3.44,TIER_4_QUARANTINE_FRAUD,train
9186,0,0.1602,0.6835,0.9188,0.8801,0.1019,55.27,TIER_3_RESTRICTED_CAUTION,train
9187,0,0.0039,0.8031,0.91,0.9782,0.1148,61.67,TIER_3_RESTRICTED_CAUTION,train
9188,0,0.7236,0.261,0.6706,0.86,0.1267,19.93,TIER_4_QUARANTINE_FRAUD,train
9189,0,0.2024,0.6548,0.8685,0.7563,0.1005,50.76,TIER_3_RESTRICTED_CAUTION,train
9190,1,0.9764,0.0832,0.7479,1.0,0.1405,4.45,TIER_4_QUARANTINE_FRAUD,train
9191,0,0.1349,0.7037,0.9184,0.8679,0.1043,55.64,TIER_3_RESTRICTED_CAUTION,train
9192,1,0.9665,0.0773,0.8565,0.7726,0.1184,3.48,TIER_4_QUARANTINE_FRAUD,train
9193,1,0.8344,0.1283,0.7906,0.9085,0.1341,7.66,TIER_4_QUARANTINE_FRAUD,val
9194,0,0.0014,0.9212,0.9359,0.8801,0.4695,75.43,TIER_2_STANDARD_TRUST,train
9195,0,0.003,0.9256,0.9208,0.9281,0.4265,75.11,TIER_2_STANDARD_TRUST,train
9196,1,0.9646,0.0796,0.7715,1.0,0.1988,4.43,TIER_4_QUARANTINE_FRAUD,train
9197,1,0.9448,0.0684,0.8917,0.565,0.1108,2.5,TIER_4_QUARANTINE_FRAUD,train
9198,0,0.0176,0.9138,0.9231,0.9314,0.4245,74.79,TIER_2_STANDARD_TRUST,train
9199,1,0.9113,0.1324,0.8265,1.0,0.063,8.04,TIER_4_QUARANTINE_FRAUD,test
9200,1,0.9236,0.1157,0.8725,0.7518,0.1191,6.01,TIER_4_QUARANTINE_FRAUD,test
9201,1,0.8142,0.2161,0.8998,0.8283,0.124,15.62,TIER_4_QUARANTINE_FRAUD,val
9202,0,0.5412,0.5147,0.8502,0.8889,0.0351,47.4,TIER_3_RESTRICTED_CAUTION,val
9203,1,0.9466,0.1138,0.8959,0.8205,0.1445,6.35,TIER_4_QUARANTINE_FRAUD,train
9204,0,0.0094,0.7951,0.9336,0.9279,0.119,60.55,TIER_3_RESTRICTED_CAUTION,test
9205,0,0.8887,0.1648,0.8332,0.9043,0.4227,13.73,TIER_4_QUARANTINE_FRAUD,train
9206,0,0.1534,0.7026,0.8696,0.9369,0.4415,68.65,TIER_2_STANDARD_TRUST,train
9207,1,0.9155,0.12,0.8496,0.859,0.104,6.67,TIER_4_QUARANTINE_FRAUD,train
9208,1,0.8785,0.1692,0.8708,0.7957,0.0994,10.42,TIER_4_QUARANTINE_FRAUD,train
9209,0,0.0861,0.7566,0.8234,0.7979,0.6513,73.67,TIER_2_STANDARD_TRUST,train
9210,0,0.2921,0.5925,0.9018,0.9564,0.0206,51.42,TIER_3_RESTRICTED_CAUTION,val
9211,0,0.0044,0.806,0.9269,0.926,0.4546,72.51,TIER_2_STANDARD_TRUST,val
9212,1,0.9261,0.1122,0.7894,0.995,0.1532,6.82,TIER_4_QUARANTINE_FRAUD,val
9213,0,0.3046,0.6029,0.9042,0.7888,0.5395,65.73,TIER_2_STANDARD_TRUST,train
9214,0,0.0564,0.7622,0.8699,0.9354,0.1282,59.44,TIER_3_RESTRICTED_CAUTION,train
9215,0,0.7916,0.2194,0.8512,0.9795,0.1158,17.15,TIER_4_QUARANTINE_FRAUD,train
9216,1,0.9337,0.1041,0.8275,0.5836,0.0225,3.99,TIER_4_QUARANTINE_FRAUD,train
9217,1,0.87,0.1758,0.8081,1.0,0.1324,12.67,TIER_4_QUARANTINE_FRAUD,val
9218,0,0.7668,0.2297,0.9283,0.905,0.2267,19.5,TIER_4_QUARANTINE_FRAUD,val
9219,0,0.0403,0.8861,0.8702,0.9657,0.9767,93.61,TIER_1_VERIFIED_SAFE,test
9220,1,0.8642,0.1859,0.8738,0.8862,0.0549,12.17,TIER_4_QUARANTINE_FRAUD,train
9221,0,0.4833,0.5429,0.9194,0.8386,0.168,52.33,TIER_3_RESTRICTED_CAUTION,test
9222,1,0.8962,0.1492,0.8859,0.975,0.0648,9.52,TIER_4_QUARANTINE_FRAUD,val
9223,1,0.7457,0.2494,0.8317,0.9541,0.1417,20.71,TIER_4_QUARANTINE_FRAUD,train
9224,1,0.7263,0.3976,0.9082,0.855,0.47,50.08,TIER_3_RESTRICTED_CAUTION,test
9225,0,0.0169,0.9105,0.9183,0.8946,0.4279,73.84,TIER_2_STANDARD_TRUST,test
9226,1,0.9444,0.0941,0.8922,0.8788,0.1256,4.98,TIER_4_QUARANTINE_FRAUD,train
9227,0,0.0164,0.909,0.8628,0.8955,0.0596,60.37,TIER_3_RESTRICTED_CAUTION,train
9228,0,0.915,0.1169,0.8191,0.2778,0.0201,3.36,TIER_4_QUARANTINE_FRAUD,train
9229,0,0.0218,0.8215,0.8432,0.9623,0.1134,61.1,TIER_3_RESTRICTED_CAUTION,train
9230,1,0.8684,0.2561,0.7981,0.8483,0.4514,25.31,TIER_4_QUARANTINE_FRAUD,test
9231,0,0.2762,0.5949,0.8475,0.9234,0.1407,54.33,TIER_3_RESTRICTED_CAUTION,train
9232,1,0.974,0.0854,0.8691,0.995,0.1119,4.62,TIER_4_QUARANTINE_FRAUD,val
9233,1,0.8382,0.1984,0.8656,0.7775,0.0409,12.23,TIER_4_QUARANTINE_FRAUD,train
9234,0,0.9,0.128,0.6784,0.2953,0.0233,3.67,TIER_4_QUARANTINE_FRAUD,test
9235,0,0.0071,0.9294,0.8928,0.9588,0.1687,66.68,TIER_2_STANDARD_TRUST,train
9236,1,0.9625,0.0811,0.8956,1.0,0.1541,4.5,TIER_4_QUARANTINE_FRAUD,train
9237,1,0.5733,0.5177,0.8684,0.9414,0.4451,63.33,TIER_3_RESTRICTED_CAUTION,train
9238,1,0.919,0.113,0.8662,1.0,0.1844,7.22,TIER_4_QUARANTINE_FRAUD,val
9239,0,0.9833,0.0811,0.8402,0.8486,0.06,3.68,TIER_4_QUARANTINE_FRAUD,train
9240,0,0.1734,0.6762,0.8969,0.8939,0.095,54.93,TIER_3_RESTRICTED_CAUTION,train
9241,0,0.0105,0.7435,0.915,0.9227,0.1318,59.14,TIER_3_RESTRICTED_CAUTION,train
9242,0,0.7345,0.2572,0.8732,1.0,0.1677,22.87,TIER_4_QUARANTINE_FRAUD,val
9243,1,0.9555,0.0846,0.8786,1.0,0.55,6.33,TIER_4_QUARANTINE_FRAUD,train
9244,0,0.1147,0.8452,0.9444,0.7432,0.4493,69.11,TIER_2_STANDARD_TRUST,train
9245,0,0.08,0.8743,0.917,0.99,0.9799,94.44,TIER_1_VERIFIED_SAFE,train
9246,0,0.8293,0.2129,0.9032,0.9684,0.0262,15.33,TIER_4_QUARANTINE_FRAUD,test
9247,0,0.1105,0.7579,0.8798,0.8706,0.4291,68.32,TIER_2_STANDARD_TRUST,train
9248,0,0.0028,0.9353,0.9362,0.9464,0.458,77.11,TIER_2_STANDARD_TRUST,test
9249,0,0.004,0.8198,0.9035,0.9346,0.0046,57.16,TIER_3_RESTRICTED_CAUTION,test
9250,1,0.8224,0.1867,0.734,0.2879,0.0379,6.84,TIER_4_QUARANTINE_FRAUD,train
9251,0,0.3708,0.5267,0.8634,0.9421,0.1279,52.46,TIER_3_RESTRICTED_CAUTION,train
9252,0,0.0072,0.8229,0.9358,0.975,0.0233,59.24,TIER_3_RESTRICTED_CAUTION,test
9253,0,0.0072,0.813,0.8605,1.0,0.1111,61.88,TIER_3_RESTRICTED_CAUTION,test
9254,1,0.951,0.1096,0.9057,1.0,0.55,9.02,TIER_4_QUARANTINE_FRAUD,train
9255,0,0.8164,0.1964,0.8418,0.9721,0.1172,14.54,TIER_4_QUARANTINE_FRAUD,test
9256,0,0.0075,0.7982,0.9025,0.9959,0.1954,64.71,TIER_3_RESTRICTED_CAUTION,train
9257,1,0.8458,0.1776,0.8598,0.805,0.4332,14.69,TIER_4_QUARANTINE_FRAUD,test
9258,0,0.3804,0.651,0.8764,0.8374,0.096,52.59,TIER_3_RESTRICTED_CAUTION,train
9259,0,0.0073,0.9262,0.9264,0.9707,0.5578,80.84,TIER_1_VERIFIED_SAFE,train
9260,0,0.0048,0.9366,0.9359,0.9181,0.0951,63.74,TIER_3_RESTRICTED_CAUTION,train
9261,0,0.4801,0.5781,0.8636,0.8667,0.4593,63.72,TIER_3_RESTRICTED_CAUTION,val
9262,1,0.8872,0.0894,0.8245,0.98,0.1507,4.98,TIER_4_QUARANTINE_FRAUD,train
9263,0,0.0049,0.9105,0.8803,0.795,0.537,74.79,TIER_2_STANDARD_TRUST,train
9264,1,0.7622,0.2332,0.8781,0.345,0.1126,12.06,TIER_4_QUARANTINE_FRAUD,val
9265,0,0.4545,0.5841,0.8586,0.9271,0.1123,53.22,TIER_3_RESTRICTED_CAUTION,train
9266,0,0.0061,0.9314,0.9068,0.9685,0.4392,76.59,TIER_2_STANDARD_TRUST,test
9267,0,0.0046,0.8005,0.8778,0.9058,0.1183,59.58,TIER_3_RESTRICTED_CAUTION,train
9268,0,0.3586,0.4963,0.8063,0.99,0.1397,52.59,TIER_3_RESTRICTED_CAUTION,train
9269,1,0.8938,0.1512,0.8925,0.9745,0.1222,10.2,TIER_4_QUARANTINE_FRAUD,train
9270,1,0.9732,0.081,0.7621,0.8741,0.1221,3.89,TIER_4_QUARANTINE_FRAUD,train
9271,0,0.009,0.9291,0.9301,0.8878,0.4301,74.42,TIER_2_STANDARD_TRUST,train
9272,1,0.6987,0.3172,0.7915,0.725,0.0294,23.22,TIER_4_QUARANTINE_FRAUD,train
9273,1,0.928,0.11,0.878,0.6544,0.1132,5.19,TIER_4_QUARANTINE_FRAUD,train
9274,1,0.8842,0.1482,0.8518,0.8522,0.1074,8.97,TIER_4_QUARANTINE_FRAUD,train
9275,0,0.8609,0.159,0.4658,0.2467,0.0521,4.5,TIER_4_QUARANTINE_FRAUD,train
9276,0,0.15,0.8148,0.877,0.9383,0.1245,61.03,TIER_3_RESTRICTED_CAUTION,test
9277,0,0.7931,0.2114,0.9065,1.0,0.1561,17.18,TIER_4_QUARANTINE_FRAUD,train
9278,1,0.9667,0.0409,0.8054,0.8282,0.1163,1.51,TIER_4_QUARANTINE_FRAUD,train
9279,1,0.7793,0.1745,0.8683,0.7075,0.1234,10.49,TIER_4_QUARANTINE_FRAUD,train
9280,0,0.135,0.7402,0.8808,0.7017,0.4525,64.4,TIER_3_RESTRICTED_CAUTION,train
9281,1,0.9742,0.0424,0.837,1.0,0.0419,1.67,TIER_4_QUARANTINE_FRAUD,val
9282,0,0.0401,0.7795,0.9127,0.9226,0.1095,59.41,TIER_3_RESTRICTED_CAUTION,train
9283,1,0.9001,0.1287,0.8791,0.97,0.1626,8.37,TIER_4_QUARANTINE_FRAUD,test
9284,1,0.9271,0.116,0.8892,1.0,0.0925,6.97,TIER_4_QUARANTINE_FRAUD,val
9285,1,0.9833,0.0701,0.8277,1.0,0.0487,3.31,TIER_4_QUARANTINE_FRAUD,test
9286,1,0.8411,0.2004,0.8851,0.9028,0.0886,14.17,TIER_4_QUARANTINE_FRAUD,train
9287,0,0.0035,0.8137,0.901,1.0,0.0791,61.19,TIER_3_RESTRICTED_CAUTION,val
9288,0,0.31,0.5758,0.9013,0.9657,0.1934,57.2,TIER_3_RESTRICTED_CAUTION,test
9289,0,0.0066,0.9293,0.9356,0.9713,0.4158,76.07,TIER_2_STANDARD_TRUST,train
9290,0,0.0021,0.9418,0.924,0.987,0.4187,76.82,TIER_2_STANDARD_TRUST,train
9291,0,0.7042,0.2998,0.8101,0.6817,0.0815,21.82,TIER_4_QUARANTINE_FRAUD,train
9292,0,0.0068,0.807,0.9137,0.9642,0.429,72.47,TIER_2_STANDARD_TRUST,train
9293,1,0.8812,0.1433,0.8377,0.8275,0.1145,8.44,TIER_4_QUARANTINE_FRAUD,test
9294,1,0.9842,0.0178,0.7739,0.8741,0.1244,0.52,TIER_4_QUARANTINE_FRAUD,train
9295,0,0.9487,0.1009,0.9041,0.79,0.0469,4.79,TIER_4_QUARANTINE_FRAUD,train
9296,1,0.9568,0.1087,0.8087,0.7159,0.1204,5.28,TIER_4_QUARANTINE_FRAUD,train
9297,0,0.5937,0.3831,0.8979,0.8,0.9631,60.18,TIER_3_RESTRICTED_CAUTION,test
9298,1,0.7819,0.233,0.9011,0.8233,0.107,17.14,TIER_4_QUARANTINE_FRAUD,train
9299,0,0.283,0.6186,0.8654,0.9372,0.1283,55.13,TIER_3_RESTRICTED_CAUTION,train
9300,0,0.043,0.959,0.9236,0.8892,0.4098,74.58,TIER_2_STANDARD_TRUST,train
9301,0,0.0175,0.8999,0.9402,0.96,0.0957,63.75,TIER_3_RESTRICTED_CAUTION,train
9302,0,0.9265,0.1323,0.9143,0.41,0.3951,7.57,TIER_4_QUARANTINE_FRAUD,train
9303,0,0.184,0.6642,0.8431,0.9524,0.1304,56.73,TIER_3_RESTRICTED_CAUTION,train
9304,0,0.0092,0.7951,0.9015,0.9727,0.1063,60.91,TIER_3_RESTRICTED_CAUTION,val
9305,1,0.8414,0.178,0.8646,0.995,0.1354,13.06,TIER_4_QUARANTINE_FRAUD,train
9306,1,0.9089,0.158,0.8936,0.5435,0.4539,11.07,TIER_4_QUARANTINE_FRAUD,train
9307,1,0.984,0.0213,0.8225,0.9002,0.1188,0.68,TIER_4_QUARANTINE_FRAUD,train
9308,1,0.8949,0.092,0.7036,0.9295,0.1414,4.82,TIER_4_QUARANTINE_FRAUD,val
9309,1,0.9649,0.0282,0.8677,0.7482,0.1281,0.89,TIER_4_QUARANTINE_FRAUD,train
9310,0,0.4766,0.4505,0.8074,0.947,0.0404,46.68,TIER_3_RESTRICTED_CAUTION,train
9311,0,0.0636,0.7827,0.8207,0.9407,0.9743,89.31,TIER_1_VERIFIED_SAFE,test
9312,0,0.0036,0.9165,0.9258,0.8992,0.4261,74.15,TIER_2_STANDARD_TRUST,train
9313,0,0.2491,0.6169,0.8677,0.9369,0.2021,57.68,TIER_3_RESTRICTED_CAUTION,train
9314,0,0.3531,0.5679,0.8828,0.8483,0.4539,62.96,TIER_3_RESTRICTED_CAUTION,train
9315,0,0.3346,0.5783,0.7965,0.95,0.1319,53.68,TIER_3_RESTRICTED_CAUTION,train
9316,1,0.8455,0.1701,0.8773,0.54,0.0194,7.92,TIER_4_QUARANTINE_FRAUD,train
9317,0,0.8528,0.17,0.8869,0.8638,0.0216,10.24,TIER_4_QUARANTINE_FRAUD,test
9318,0,0.713,0.3063,0.8972,0.56,0.0743,21.08,TIER_4_QUARANTINE_FRAUD,train
9319,0,0.9582,0.0862,0.8503,0.9635,0.133,4.65,TIER_4_QUARANTINE_FRAUD,train
9320,0,0.3143,0.6889,0.9325,0.9419,0.1111,57.43,TIER_3_RESTRICTED_CAUTION,train
9321,1,0.8772,0.0976,0.8929,1.0,0.0829,5.45,TIER_4_QUARANTINE_FRAUD,test
9322,0,0.0108,0.9307,0.9021,0.9296,0.4057,74.38,TIER_2_STANDARD_TRUST,test
9323,1,0.9682,0.0857,0.8506,0.8042,0.1182,4.09,TIER_4_QUARANTINE_FRAUD,train
9324,1,0.9619,0.1181,0.8374,1.0,0.2319,7.91,TIER_4_QUARANTINE_FRAUD,train
9325,0,0.2427,0.6481,0.9166,0.7752,0.9611,81.63,TIER_1_VERIFIED_SAFE,test
9326,0,0.8516,0.1668,0.8719,0.8585,0.1005,10.65,TIER_4_QUARANTINE_FRAUD,train
9327,0,0.3914,0.5185,0.8598,0.9047,0.1061,50.48,TIER_3_RESTRICTED_CAUTION,test
9328,0,0.0258,0.9106,0.9066,0.8686,0.9605,91.71,TIER_1_VERIFIED_SAFE,train
9329,0,0.2338,0.6282,0.8831,0.9246,0.0098,51.14,TIER_3_RESTRICTED_CAUTION,train
9330,0,0.8609,0.1847,0.8646,0.8655,0.0969,12.32,TIER_4_QUARANTINE_FRAUD,val
9331,0,0.0011,0.8032,0.915,0.9485,0.1009,60.49,TIER_3_RESTRICTED_CAUTION,test
9332,0,0.0158,0.7926,0.9105,0.9196,0.203,62.98,TIER_3_RESTRICTED_CAUTION,train
9333,0,0.0077,0.7991,0.8678,0.3388,0.12,45.32,TIER_3_RESTRICTED_CAUTION,train
9334,0,0.9113,0.1214,0.8089,0.3441,0.016,3.8,TIER_4_QUARANTINE_FRAUD,train
9335,1,0.8803,0.1593,0.8355,0.922,0.0278,9.63,TIER_4_QUARANTINE_FRAUD,train
9336,0,0.8187,0.1907,0.8574,0.8982,0.1364,13.61,TIER_4_QUARANTINE_FRAUD,train
9337,0,0.1628,0.6795,0.9074,1.0,0.1753,60.6,TIER_3_RESTRICTED_CAUTION,train
9338,0,0.0153,0.7951,0.8737,0.8732,0.0967,57.8,TIER_3_RESTRICTED_CAUTION,train
9339,0,0.0115,0.9853,0.9405,0.9799,0.4491,79.18,TIER_2_STANDARD_TRUST,test
9340,1,0.8665,0.1819,0.8675,0.8041,0.0171,10.73,TIER_4_QUARANTINE_FRAUD,train
9341,1,0.7227,0.2772,0.9001,0.8805,0.111,23.02,TIER_4_QUARANTINE_FRAUD,test
9342,0,0.0877,0.7369,0.9128,0.9686,0.1559,60.91,TIER_3_RESTRICTED_CAUTION,val
9343,0,0.4842,0.4438,0.9213,0.825,0.024,43.2,TIER_4_QUARANTINE_FRAUD,train
9344,1,0.9696,0.0867,0.8616,0.765,0.0262,3.68,TIER_4_QUARANTINE_FRAUD,train
9345,1,0.8857,0.1643,0.8116,0.9207,0.1099,10.77,TIER_4_QUARANTINE_FRAUD,train
9346,1,0.9147,0.15,0.8982,0.54,0.4215,10.0,TIER_4_QUARANTINE_FRAUD,test
9347,0,0.0139,0.9241,0.9226,0.8905,0.4079,73.49,TIER_2_STANDARD_TRUST,val
9348,0,0.2463,0.6474,0.9237,0.55,0.4311,57.5,TIER_3_RESTRICTED_CAUTION,train
9349,0,0.02,0.9243,0.8827,0.7779,0.6023,77.08,TIER_2_STANDARD_TRUST,train
9350,0,0.0124,0.796,0.9175,0.9538,0.1229,61.2,TIER_3_RESTRICTED_CAUTION,test
9351,1,0.937,0.1313,0.8121,0.9035,0.1345,7.93,TIER_4_QUARANTINE_FRAUD,train
9352,0,0.0002,0.9244,0.9072,0.9287,0.4803,76.83,TIER_2_STANDARD_TRUST,train
9353,0,0.0092,0.8258,0.9005,0.8744,0.4807,72.46,TIER_2_STANDARD_TRUST,test
9354,0,0.872,0.2861,0.8707,0.8583,0.4263,29.78,TIER_4_QUARANTINE_FRAUD,val
9355,0,0.8732,0.153,0.8336,0.9419,0.0308,9.24,TIER_4_QUARANTINE_FRAUD,train
9356,0,0.7306,0.2772,0.918,0.995,0.028,23.09,TIER_4_QUARANTINE_FRAUD,train
9357,0,0.0209,0.9167,0.8876,0.9257,0.9748,93.64,TIER_1_VERIFIED_SAFE,train
9358,0,0.6351,0.3479,0.7946,0.8862,0.1085,31.73,TIER_4_QUARANTINE_FRAUD,test
9359,1,0.8733,0.1717,0.8621,0.8786,0.1503,11.71,TIER_4_QUARANTINE_FRAUD,train
9360,0,0.4639,0.4573,0.8888,0.99,0.1553,52.79,TIER_3_RESTRICTED_CAUTION,train
9361,0,0.0072,0.827,0.8185,0.9394,0.1176,60.6,TIER_3_RESTRICTED_CAUTION,train
9362,0,0.0026,0.8365,0.9171,0.9356,0.4188,72.31,TIER_2_STANDARD_TRUST,train
9363,0,0.7996,0.2422,0.8296,0.995,0.1918,21.07,TIER_4_QUARANTINE_FRAUD,train
9364,1,0.8474,0.1822,0.8941,1.0,0.1345,13.62,TIER_4_QUARANTINE_FRAUD,val
9365,0,0.8694,0.1543,0.8759,0.8562,0.1062,9.58,TIER_4_QUARANTINE_FRAUD,test
9366,1,0.8881,0.1406,0.851,0.9115,0.1106,8.68,TIER_4_QUARANTINE_FRAUD,train
9367,0,0.0668,0.7903,0.9176,0.9601,0.1112,60.78,TIER_3_RESTRICTED_CAUTION,train
9368,0,0.0024,0.8071,0.9138,0.9821,0.1099,61.75,TIER_3_RESTRICTED_CAUTION,train
9369,0,0.0006,0.9276,0.9246,0.8821,0.4624,75.31,TIER_2_STANDARD_TRUST,train
9370,0,0.0002,0.8067,0.9254,0.9784,0.1831,64.32,TIER_3_RESTRICTED_CAUTION,train
9371,0,0.1556,0.6916,0.884,0.9635,0.0446,55.24,TIER_3_RESTRICTED_CAUTION,train
9372,0,0.4871,0.3882,0.9194,0.65,0.1598,35.23,TIER_4_QUARANTINE_FRAUD,train
9373,0,0.0113,0.9753,0.926,0.9096,0.0189,61.92,TIER_3_RESTRICTED_CAUTION,train
9374,1,0.9779,0.0776,0.8469,0.8328,0.0405,3.36,TIER_4_QUARANTINE_FRAUD,train
9375,0,0.6901,0.3053,0.9226,0.72,0.4672,31.85,TIER_4_QUARANTINE_FRAUD,train
9376,1,0.9548,0.0981,0.8501,0.8486,0.0381,4.69,TIER_4_QUARANTINE_FRAUD,train
9377,0,0.0015,0.993,0.9361,0.7892,0.4016,72.94,TIER_2_STANDARD_TRUST,train
9378,1,0.4644,0.483,0.8565,0.9091,0.1172,49.88,TIER_3_RESTRICTED_CAUTION,train
9379,0,0.0821,0.7695,0.9123,0.7117,0.9668,83.84,TIER_1_VERIFIED_SAFE,train
9380,0,0.2844,0.5976,0.9377,0.977,0.1628,57.43,TIER_3_RESTRICTED_CAUTION,test
9381,0,0.9584,0.0868,0.8978,0.4673,0.0073,2.77,TIER_4_QUARANTINE_FRAUD,train
9382,0,0.0706,0.8866,0.8946,0.8692,0.5001,74.78,TIER_2_STANDARD_TRUST,test
9383,0,0.1478,0.6908,0.9136,0.8728,0.0892,54.8,TIER_3_RESTRICTED_CAUTION,train
9384,0,0.6293,0.2815,0.8495,0.92,0.1356,24.29,TIER_4_QUARANTINE_FRAUD,train
9385,1,0.8271,0.2165,0.8046,0.6395,0.1154,13.36,TIER_4_QUARANTINE_FRAUD,train
9386,1,0.1431,0.8068,0.9019,0.6157,0.052,50.43,TIER_3_RESTRICTED_CAUTION,train
9387,1,0.9262,0.1082,0.7257,0.09,0.0268,2.15,TIER_4_QUARANTINE_FRAUD,train
9388,1,0.9421,0.1156,0.8933,0.995,0.1342,7.17,TIER_4_QUARANTINE_FRAUD,test
9389,0,0.0962,0.8444,0.9219,0.9812,0.1114,62.98,TIER_3_RESTRICTED_CAUTION,train
9390,0,0.0145,0.8039,0.9304,0.8431,0.1026,58.09,TIER_3_RESTRICTED_CAUTION,train
9391,1,0.878,0.1063,0.777,0.7668,0.0549,4.91,TIER_4_QUARANTINE_FRAUD,train
9392,0,0.0075,0.82,0.9263,0.893,0.0896,59.32,TIER_3_RESTRICTED_CAUTION,train
9393,0,0.0023,0.9323,0.9411,0.9174,0.4065,74.54,TIER_2_STANDARD_TRUST,train
9394,0,0.4591,0.573,0.8318,1.0,0.0008,50.54,TIER_3_RESTRICTED_CAUTION,test
9395,0,0.3248,0.5812,0.8558,0.9771,0.0131,50.88,TIER_3_RESTRICTED_CAUTION,test
9396,0,0.9447,0.0996,0.6609,0.56,0.429,5.44,TIER_4_QUARANTINE_FRAUD,train
9397,0,0.014,0.8276,0.8948,0.9355,0.4444,72.72,TIER_2_STANDARD_TRUST,train
9398,0,0.0044,0.8131,0.9187,0.9348,0.149,62.17,TIER_3_RESTRICTED_CAUTION,train
9399,0,0.291,0.5428,0.8201,0.975,0.1228,53.16,TIER_3_RESTRICTED_CAUTION,train
9400,1,0.8857,0.1594,0.7764,0.9543,0.025,9.67,TIER_4_QUARANTINE_FRAUD,train
9401,0,0.1737,0.7759,0.895,0.987,0.1174,61.01,TIER_3_RESTRICTED_CAUTION,test
9402,0,0.4725,0.584,0.9095,1.0,0.4312,66.71,TIER_2_STANDARD_TRUST,train
9403,0,0.0124,0.7973,0.9053,0.9283,0.1015,59.73,TIER_3_RESTRICTED_CAUTION,train
9404,0,0.3675,0.5464,0.8688,0.8338,0.4272,60.88,TIER_3_RESTRICTED_CAUTION,test
9405,0,0.011,0.8991,0.9318,0.9349,0.4196,74.35,TIER_2_STANDARD_TRUST,train
9406,0,0.6229,0.3395,0.8745,0.8579,0.1061,30.57,TIER_4_QUARANTINE_FRAUD,train
9407,0,0.1101,0.7524,0.9291,0.8011,0.4446,67.45,TIER_2_STANDARD_TRUST,test
9408,0,0.0348,0.7371,0.8117,0.9475,0.1254,58.31,TIER_3_RESTRICTED_CAUTION,train
9409,0,0.0041,0.8811,0.9323,0.933,0.0093,59.41,TIER_3_RESTRICTED_CAUTION,train
9410,1,0.8554,0.1631,0.8002,0.3019,0.0584,6.01,TIER_4_QUARANTINE_FRAUD,train
9411,1,0.8368,0.1838,0.8771,0.4669,0.0195,8.32,TIER_4_QUARANTINE_FRAUD,train
9412,1,0.9717,0.0971,0.8785,0.9143,0.1102,5.23,TIER_4_QUARANTINE_FRAUD,train
9413,0,0.0833,0.6986,0.4215,1.0,0.1772,56.37,TIER_3_RESTRICTED_CAUTION,train
9414,1,0.9525,0.094,0.7916,0.7848,0.1104,4.47,TIER_4_QUARANTINE_FRAUD,train
9415,0,0.0015,0.9007,0.921,0.9698,0.1201,64.68,TIER_3_RESTRICTED_CAUTION,train
9416,0,0.2568,0.6169,0.8989,0.9176,0.1403,55.34,TIER_3_RESTRICTED_CAUTION,test
9417,1,0.7068,0.2234,0.8858,1.0,0.1515,18.45,TIER_4_QUARANTINE_FRAUD,train
9418,0,0.1794,0.8054,0.9353,0.9648,0.5137,75.61,TIER_2_STANDARD_TRUST,train
9419,1,0.9771,0.0384,0.8973,1.0,0.0695,1.53,TIER_4_QUARANTINE_FRAUD,train
9420,0,0.17,0.6954,0.8624,0.946,0.55,72.38,TIER_2_STANDARD_TRUST,train
9421,0,0.5446,0.4011,0.8889,0.9358,0.1302,42.09,TIER_4_QUARANTINE_FRAUD,test
9422,0,0.7619,0.3665,0.9014,0.6157,0.422,38.42,TIER_4_QUARANTINE_FRAUD,train
9423,0,0.0019,0.8034,0.9041,0.9255,0.1393,61.15,TIER_3_RESTRICTED_CAUTION,val
9424,0,0.0026,0.8043,0.8814,0.972,0.0161,57.81,TIER_3_RESTRICTED_CAUTION,test
9425,0,0.1601,0.6891,0.87,0.869,0.1207,55.32,TIER_3_RESTRICTED_CAUTION,train
9426,0,0.5477,0.4015,0.9062,0.9233,0.1379,42.26,TIER_4_QUARANTINE_FRAUD,test
9427,0,0.005,0.9,0.9396,0.9666,0.1211,64.8,TIER_3_RESTRICTED_CAUTION,train
9428,0,0.5144,0.4435,0.9301,0.99,0.01,46.81,TIER_3_RESTRICTED_CAUTION,train
9429,0,0.6402,0.4442,0.921,0.7171,0.0388,41.12,TIER_4_QUARANTINE_FRAUD,train
9430,0,0.2053,0.6861,0.8997,0.9635,0.435,68.89,TIER_2_STANDARD_TRUST,train
9431,1,0.8492,0.1653,0.8859,1.0,0.0949,11.46,TIER_4_QUARANTINE_FRAUD,test
9432,0,0.1829,0.7804,0.9197,0.9488,0.4405,71.75,TIER_2_STANDARD_TRUST,train
9433,1,0.6171,0.3001,0.7633,0.9056,0.0137,23.48,TIER_4_QUARANTINE_FRAUD,train
9434,0,0.1058,0.7301,0.8511,0.9538,0.1309,58.84,TIER_3_RESTRICTED_CAUTION,train
9435,0,0.0335,0.8013,0.9303,0.7482,0.5214,70.3,TIER_2_STANDARD_TRUST,train
9436,1,0.9031,0.1373,0.849,0.39,0.4232,7.94,TIER_4_QUARANTINE_FRAUD,train
9437,0,0.4952,0.4346,0.8502,1.0,0.1536,49.62,TIER_3_RESTRICTED_CAUTION,train
9438,0,0.8046,0.234,0.8752,0.65,0.4572,20.53,TIER_4_QUARANTINE_FRAUD,train
9439,0,0.0088,0.9346,0.9157,0.9873,0.4322,77.0,TIER_2_STANDARD_TRUST,test
9440,0,0.2179,0.6411,0.8751,0.9776,0.1406,57.35,TIER_3_RESTRICTED_CAUTION,train
9441,0,0.0861,0.7704,0.8529,1.0,0.4382,71.98,TIER_2_STANDARD_TRUST,train
9442,0,0.1885,0.7804,0.9057,0.985,0.9799,91.39,TIER_1_VERIFIED_SAFE,train
9443,0,0.0103,0.7967,0.9284,0.8181,0.1722,59.67,TIER_3_RESTRICTED_CAUTION,train
9444,1,0.9694,0.1062,0.8925,1.0,0.1488,6.47,TIER_4_QUARANTINE_FRAUD,train
9445,1,0.821,0.2208,0.7193,0.9445,0.1303,16.65,TIER_4_QUARANTINE_FRAUD,train
9446,0,0.2741,0.6299,0.9273,0.7217,0.0118,46.63,TIER_3_RESTRICTED_CAUTION,test
9447,1,0.9483,0.0942,0.844,0.9288,0.1085,5.01,TIER_4_QUARANTINE_FRAUD,train
9448,0,0.0024,0.829,0.9141,1.0,0.1278,63.49,TIER_3_RESTRICTED_CAUTION,val
9449,0,0.0161,0.7919,0.9049,1.0,0.1108,61.69,TIER_3_RESTRICTED_CAUTION,test
9450,0,0.8237,0.2175,0.8304,0.9588,0.1249,16.78,TIER_4_QUARANTINE_FRAUD,test
9451,1,0.9569,0.0933,0.8976,1.0,0.1326,5.36,TIER_4_QUARANTINE_FRAUD,test
9452,0,0.3295,0.5724,0.876,0.8594,0.0938,50.7,TIER_3_RESTRICTED_CAUTION,test
9453,0,0.1594,0.6889,0.9105,0.9626,0.1653,59.62,TIER_3_RESTRICTED_CAUTION,val
9454,0,0.0217,0.9666,0.933,0.8828,0.1005,63.91,TIER_3_RESTRICTED_CAUTION,train
9455,0,0.1542,0.6884,0.8822,0.9528,0.1407,58.22,TIER_3_RESTRICTED_CAUTION,test
9456,0,0.0237,0.8038,0.8608,0.8927,0.0994,58.52,TIER_3_RESTRICTED_CAUTION,test
9457,1,0.9718,0.1919,0.8238,0.883,0.1629,13.8,TIER_4_QUARANTINE_FRAUD,train
9458,0,0.5338,0.4038,0.8588,0.98,0.1437,43.63,TIER_4_QUARANTINE_FRAUD,train
9459,0,0.0714,0.7797,0.861,0.9278,0.55,74.45,TIER_2_STANDARD_TRUST,train
9460,0,0.821,0.3035,1.0,0.4388,0.0364,18.79,TIER_4_QUARANTINE_FRAUD,test
9461,0,0.022,0.8053,0.9093,0.9774,0.1233,62.0,TIER_3_RESTRICTED_CAUTION,train
9462,0,0.9484,0.1254,0.9018,0.3933,0.4183,7.07,TIER_4_QUARANTINE_FRAUD,train
9463,0,0.0012,0.8147,0.9303,0.9829,0.4352,73.55,TIER_2_STANDARD_TRUST,train
9464,0,0.8492,0.1664,0.8835,0.87,0.0312,10.06,TIER_4_QUARANTINE_FRAUD,test
9465,0,0.0014,0.9884,0.9306,0.9915,0.4181,78.38,TIER_2_STANDARD_TRUST,train
9466,1,0.9239,0.1116,0.7955,0.3819,0.0172,3.5,TIER_4_QUARANTINE_FRAUD,test
9467,0,0.0077,0.7987,0.9194,0.8433,0.1184,58.38,TIER_3_RESTRICTED_CAUTION,train
9468,0,0.0116,0.8012,0.9512,0.963,0.1071,61.37,TIER_3_RESTRICTED_CAUTION,train
9469,0,0.2057,0.652,0.8814,0.8743,0.093,53.49,TIER_3_RESTRICTED_CAUTION,val
9470,0,0.5435,0.4034,0.8513,1.0,0.1103,42.92,TIER_4_QUARANTINE_FRAUD,val
9471,0,0.0038,0.8376,0.9286,0.9648,0.427,73.48,TIER_2_STANDARD_TRUST,train
9472,0,0.0645,0.7864,0.8754,0.8192,0.4412,68.27,TIER_2_STANDARD_TRUST,train
9473,0,0.1977,0.6866,0.9043,0.9968,0.1318,59.17,TIER_3_RESTRICTED_CAUTION,train
9474,1,0.8903,0.1616,0.8752,0.6057,0.0277,7.85,TIER_4_QUARANTINE_FRAUD,train
9475,1,0.8965,0.1321,0.8294,0.3085,0.0147,4.16,TIER_4_QUARANTINE_FRAUD,train
9476,1,0.8477,0.267,0.8267,0.3691,0.0341,13.54,TIER_4_QUARANTINE_FRAUD,test
9477,0,1e-04,0.9354,0.9139,0.956,0.0071,61.35,TIER_3_RESTRICTED_CAUTION,train
9478,0,0.8029,0.2039,0.8231,0.9177,0.1433,15.12,TIER_4_QUARANTINE_FRAUD,val
9479,0,0.6668,0.4191,0.9553,0.7117,0.1514,41.22,TIER_4_QUARANTINE_FRAUD,train
9480,0,0.3722,0.6245,0.8989,0.795,0.0551,49.53,TIER_3_RESTRICTED_CAUTION,train
9481,1,0.9246,0.0829,0.8146,0.9067,0.1105,4.12,TIER_4_QUARANTINE_FRAUD,val
9482,1,0.9164,0.1185,0.8016,0.8856,0.0384,6.19,TIER_4_QUARANTINE_FRAUD,train
9483,0,0.6479,0.2853,0.8078,1.0,0.0957,24.87,TIER_4_QUARANTINE_FRAUD,train
9484,0,0.8637,0.2671,0.8672,0.8313,0.1025,20.83,TIER_4_QUARANTINE_FRAUD,train
9485,0,0.7381,0.2616,0.8886,0.917,0.1122,21.54,TIER_4_QUARANTINE_FRAUD,train
9486,0,0.6204,0.3474,0.8077,0.995,0.1245,34.1,TIER_4_QUARANTINE_FRAUD,train
9487,0,0.0136,0.8131,0.9097,0.9495,0.1197,61.42,TIER_3_RESTRICTED_CAUTION,train
9488,0,0.173,0.7783,0.9273,0.8881,0.0991,58.29,TIER_3_RESTRICTED_CAUTION,train
9489,0,0.6646,0.2597,0.8591,0.8801,0.1656,21.62,TIER_4_QUARANTINE_FRAUD,val
9490,1,0.7978,0.219,0.8965,0.8061,0.0142,14.18,TIER_4_QUARANTINE_FRAUD,train
9491,0,0.4049,0.5137,0.8462,1.0,0.1234,53.19,TIER_3_RESTRICTED_CAUTION,train
9492,1,0.2741,0.733,0.8353,0.9196,0.1281,57.82,TIER_3_RESTRICTED_CAUTION,train
9493,0,0.0193,0.8135,0.9346,0.9605,0.4301,72.82,TIER_2_STANDARD_TRUST,test
9494,0,0.9516,0.1076,0.8134,0.8946,0.1055,5.82,TIER_4_QUARANTINE_FRAUD,train
9495,1,0.3521,0.5718,0.8754,0.9,0.4624,64.59,TIER_3_RESTRICTED_CAUTION,train
9496,0,0.1209,0.8501,0.9267,0.8305,0.6035,76.65,TIER_2_STANDARD_TRUST,train
9497,0,0.7165,0.2711,0.9348,0.995,0.1669,24.94,TIER_4_QUARANTINE_FRAUD,train
9498,1,0.1273,0.7224,0.9017,0.6967,0.0406,49.53,TIER_3_RESTRICTED_CAUTION,val
9499,0,0.4258,0.521,0.8717,0.9926,0.0125,49.6,TIER_3_RESTRICTED_CAUTION,train
9500,0,0.0767,0.8665,0.9289,0.843,0.0967,59.74,TIER_3_RESTRICTED_CAUTION,train
9501,1,0.2469,0.5715,0.765,0.98,0.1403,54.21,TIER_3_RESTRICTED_CAUTION,train
9502,1,0.9742,0.075,0.8859,0.9453,0.0595,3.58,TIER_4_QUARANTINE_FRAUD,train
9503,0,0.0009,0.9139,0.9089,0.9811,0.018,61.66,TIER_3_RESTRICTED_CAUTION,train
9504,0,0.9461,0.1052,0.8903,1.0,0.0312,5.77,TIER_4_QUARANTINE_FRAUD,val
9505,0,0.3948,0.543,0.8747,0.8603,0.4242,61.39,TIER_3_RESTRICTED_CAUTION,train
9506,0,0.0788,0.7805,0.8906,0.937,0.9784,89.99,TIER_1_VERIFIED_SAFE,train
9507,1,0.8337,0.179,0.8326,0.8725,0.1091,11.86,TIER_4_QUARANTINE_FRAUD,train
9508,1,0.9716,0.2007,0.8974,1.0,0.94,25.51,TIER_4_QUARANTINE_FRAUD,train
9509,0,0.9573,0.1042,0.8945,0.52,0.0193,3.84,TIER_4_QUARANTINE_FRAUD,train
9510,0,0.1045,0.7509,0.9076,0.9784,0.1057,59.76,TIER_3_RESTRICTED_CAUTION,val
9511,0,0.0057,0.9871,0.9325,0.9372,0.4256,77.26,TIER_2_STANDARD_TRUST,val
9512,0,0.4024,0.5199,0.9029,0.8741,0.4692,62.9,TIER_3_RESTRICTED_CAUTION,train
9513,0,0.5119,0.4202,0.8723,0.8647,0.1054,42.67,TIER_4_QUARANTINE_FRAUD,train
9514,0,0.1499,0.6916,0.8545,0.9405,0.1224,57.09,TIER_3_RESTRICTED_CAUTION,train
9515,0,0.008,0.9328,0.9268,0.9608,0.4188,75.93,TIER_2_STANDARD_TRUST,train
9516,0,0.3289,0.5736,0.8961,0.9346,0.1034,53.15,TIER_3_RESTRICTED_CAUTION,test
9517,1,0.9046,0.1257,0.7499,0.56,0.1118,5.56,TIER_4_QUARANTINE_FRAUD,train
9518,0,0.0006,0.829,0.9067,0.9233,0.0217,57.78,TIER_3_RESTRICTED_CAUTION,train
9519,0,0.0932,0.8701,0.907,0.8059,0.1013,58.87,TIER_3_RESTRICTED_CAUTION,train
9520,0,0.0363,0.8799,0.9328,0.8724,0.1067,61.27,TIER_3_RESTRICTED_CAUTION,val
9521,1,0.9317,0.1205,0.8903,0.7838,0.1108,6.49,TIER_4_QUARANTINE_FRAUD,train
9522,1,0.965,0.0922,0.8902,0.485,0.0342,3.18,TIER_4_QUARANTINE_FRAUD,train
9523,1,0.985,0.0917,0.9048,0.7421,0.129,4.41,TIER_4_QUARANTINE_FRAUD,test
9524,1,0.3854,0.5181,0.8457,0.8906,0.1297,50.8,TIER_3_RESTRICTED_CAUTION,train
9525,0,0.0022,0.9537,0.9279,0.9704,0.0085,62.44,TIER_3_RESTRICTED_CAUTION,train
9526,0,0.004,0.9373,0.9244,0.9372,0.4632,77.0,TIER_2_STANDARD_TRUST,test
9527,0,0.0067,0.9257,0.9305,0.859,0.0155,59.09,TIER_3_RESTRICTED_CAUTION,test
9528,0,0.0153,0.7949,0.9287,0.9462,0.0923,60.02,TIER_3_RESTRICTED_CAUTION,train
9529,0,0.0047,0.9884,0.9373,0.9751,0.4088,77.71,TIER_2_STANDARD_TRUST,train
9530,0,0.2226,0.6452,0.8676,0.9006,0.1331,55.21,TIER_3_RESTRICTED_CAUTION,test
9531,0,0.2436,0.5696,0.8428,0.9867,0.1084,53.98,TIER_3_RESTRICTED_CAUTION,train
9532,0,0.1121,0.8376,0.9242,0.8105,0.9716,88.64,TIER_1_VERIFIED_SAFE,train
9533,0,0.0151,0.7954,0.9015,0.8299,0.095,56.95,TIER_3_RESTRICTED_CAUTION,train
9534,0,0.9564,0.0865,0.8321,0.4336,0.0368,2.7,TIER_4_QUARANTINE_FRAUD,train
9535,0,0.2694,0.6036,0.8929,0.9822,0.1581,57.13,TIER_3_RESTRICTED_CAUTION,train
9536,1,0.9522,0.1023,0.8752,0.8636,0.1158,5.46,TIER_4_QUARANTINE_FRAUD,test
9537,0,0.9651,0.0889,0.9213,0.4233,0.0292,2.85,TIER_4_QUARANTINE_FRAUD,val
9538,1,0.7803,0.2339,0.8301,0.7875,0.025,15.32,TIER_4_QUARANTINE_FRAUD,train
9539,0,0.0035,0.8345,0.9374,0.9504,0.0995,61.65,TIER_3_RESTRICTED_CAUTION,train
9540,0,0.0082,0.8014,0.8662,0.9773,0.1092,60.96,TIER_3_RESTRICTED_CAUTION,train
9541,1,0.8863,0.142,0.8273,0.6107,0.0418,6.53,TIER_4_QUARANTINE_FRAUD,train
9542,1,0.5744,0.3963,0.8508,1.0,0.453,51.93,TIER_3_RESTRICTED_CAUTION,train
9543,0,0.7131,0.2388,0.9029,0.9878,0.2653,22.02,TIER_4_QUARANTINE_FRAUD,train
9544,0,0.0581,0.7603,0.8681,0.9761,0.213,63.35,TIER_3_RESTRICTED_CAUTION,val
9545,0,0.1057,0.8645,0.8489,0.7625,0.418,68.12,TIER_2_STANDARD_TRUST,train
9546,1,0.9162,0.1442,0.8899,0.3621,0.0134,5.18,TIER_4_QUARANTINE_FRAUD,train
9547,0,0.5277,0.4081,0.8718,0.9206,0.0931,41.6,TIER_4_QUARANTINE_FRAUD,train
9548,1,0.9215,0.1425,0.8694,0.7071,0.0468,7.24,TIER_4_QUARANTINE_FRAUD,train
9549,0,0.0032,0.801,0.926,0.9461,0.1485,62.14,TIER_3_RESTRICTED_CAUTION,train
9550,0,0.0031,0.9189,0.9161,0.9761,0.009,61.45,TIER_3_RESTRICTED_CAUTION,test
9551,0,0.0493,0.7954,0.9163,0.9621,0.9631,90.79,TIER_1_VERIFIED_SAFE,train
9552,0,0.0042,0.7984,0.8873,0.899,0.1101,59.15,TIER_3_RESTRICTED_CAUTION,train
9553,0,0.1233,0.7459,0.9192,0.9525,0.0117,55.79,TIER_3_RESTRICTED_CAUTION,train
9554,0,0.1765,0.694,0.874,0.945,0.1105,57.05,TIER_3_RESTRICTED_CAUTION,test
9555,0,0.1018,0.7286,0.8574,0.8106,0.0323,51.83,TIER_3_RESTRICTED_CAUTION,train
9556,0,0.0974,0.8329,0.9261,0.8346,0.1061,58.83,TIER_3_RESTRICTED_CAUTION,train
9557,1,0.0274,0.7816,0.8518,0.9137,0.108,58.59,TIER_3_RESTRICTED_CAUTION,train
9558,1,0.3807,0.5194,0.8436,0.9685,0.1009,51.76,TIER_3_RESTRICTED_CAUTION,train
9559,1,0.9766,0.0256,0.7541,1.0,0.6615,1.36,TIER_4_QUARANTINE_FRAUD,train
9560,0,0.1295,0.8278,0.9219,0.9307,0.1773,63.52,TIER_3_RESTRICTED_CAUTION,test
9561,0,0.0242,0.8914,0.8636,0.9858,0.1469,65.16,TIER_2_STANDARD_TRUST,val
9562,1,0.962,0.083,0.8824,0.9092,0.0256,3.88,TIER_4_QUARANTINE_FRAUD,train
9563,0,0.0017,0.9088,0.9305,0.9752,0.4984,78.39,TIER_2_STANDARD_TRUST,test
9564,0,0.6653,0.3071,0.8776,0.9169,0.1556,28.21,TIER_4_QUARANTINE_FRAUD,train
9565,0,0.2437,0.624,0.8675,0.8866,0.1015,53.11,TIER_3_RESTRICTED_CAUTION,test
9566,1,0.5943,0.3747,0.8236,0.8433,0.1151,35.14,TIER_4_QUARANTINE_FRAUD,train
9567,0,0.7801,0.2528,0.9269,0.545,0.0103,14.57,TIER_4_QUARANTINE_FRAUD,train
9568,0,0.0729,0.7838,0.8907,0.9553,0.4364,71.58,TIER_2_STANDARD_TRUST,train
9569,1,0.946,0.1321,0.8856,0.8623,0.4235,10.0,TIER_4_QUARANTINE_FRAUD,train
9570,1,0.2766,0.6274,0.8775,0.6817,0.0402,46.05,TIER_3_RESTRICTED_CAUTION,train
9571,0,0.0086,0.804,0.9386,0.9319,0.1111,60.69,TIER_3_RESTRICTED_CAUTION,train
9572,0,0.0439,0.7796,0.8902,0.8906,0.097,57.95,TIER_3_RESTRICTED_CAUTION,train
9573,1,0.9839,0.024,0.7416,0.8442,0.1372,0.75,TIER_4_QUARANTINE_FRAUD,train
9574,1,0.9781,0.0981,0.8405,0.817,0.1095,4.92,TIER_4_QUARANTINE_FRAUD,val
9575,1,0.9775,0.0838,0.8892,0.7911,0.1255,4.0,TIER_4_QUARANTINE_FRAUD,train
9576,0,0.0314,0.9134,0.8897,0.8888,0.4482,74.2,TIER_2_STANDARD_TRUST,train
9577,0,0.1254,0.7213,0.9095,0.995,0.1917,62.32,TIER_3_RESTRICTED_CAUTION,train
9578,1,0.8504,0.1663,0.8985,0.99,0.1225,11.8,TIER_4_QUARANTINE_FRAUD,train
9579,0,0.1192,0.7146,0.8745,0.9714,0.1493,59.69,TIER_3_RESTRICTED_CAUTION,val
9580,0,0.962,0.0957,0.888,0.6,0.4176,5.53,TIER_4_QUARANTINE_FRAUD,train
9581,0,0.0037,0.9317,0.9268,0.7955,0.4176,71.72,TIER_2_STANDARD_TRUST,train
9582,0,0.2828,0.7119,0.9165,0.995,0.1264,59.82,TIER_3_RESTRICTED_CAUTION,train
9583,0,0.0044,0.8028,0.9164,0.9891,0.1072,61.73,TIER_3_RESTRICTED_CAUTION,train
9584,0,0.4599,0.4686,0.8764,0.9077,0.097,48.91,TIER_3_RESTRICTED_CAUTION,test
9585,0,0.0013,0.8045,0.8639,0.9667,0.1109,60.82,TIER_3_RESTRICTED_CAUTION,train
9586,0,0.2156,0.6633,0.8561,0.825,0.0266,50.01,TIER_3_RESTRICTED_CAUTION,train
9587,1,0.9707,0.0765,0.8881,0.995,0.0261,3.69,TIER_4_QUARANTINE_FRAUD,test
9588,1,0.7549,0.3723,0.8861,0.8383,0.492,45.5,TIER_4_QUARANTINE_FRAUD,train
9589,0,0.0005,0.9333,0.9258,0.97,0.4235,76.33,TIER_2_STANDARD_TRUST,train
9590,0,0.4278,0.4827,0.8516,0.9338,0.1132,50.3,TIER_3_RESTRICTED_CAUTION,train
9591,0,0.4063,0.5135,0.8937,0.6712,0.4163,55.7,TIER_3_RESTRICTED_CAUTION,test
9592,0,0.8923,0.1418,0.8947,0.3788,0.0165,5.18,TIER_4_QUARANTINE_FRAUD,test
9593,1,0.9755,0.0993,0.8796,0.8079,0.4419,6.66,TIER_4_QUARANTINE_FRAUD,train
9594,0,0.0584,0.7943,0.929,0.7017,0.4078,64.93,TIER_3_RESTRICTED_CAUTION,train
9595,0,0.0265,0.8016,0.9313,0.7482,0.0812,54.91,TIER_3_RESTRICTED_CAUTION,train
9596,0,0.0093,0.9211,0.9242,0.9897,0.4267,76.55,TIER_2_STANDARD_TRUST,train
9597,0,0.0162,0.9132,0.9431,0.965,0.9687,94.86,TIER_1_VERIFIED_SAFE,train
9598,0,0.7948,0.2396,0.9079,0.75,0.1017,17.0,TIER_4_QUARANTINE_FRAUD,val
9599,0,0.0078,0.8334,0.9129,0.9828,0.4067,72.93,TIER_2_STANDARD_TRUST,train
9600,0,0.4618,0.4665,0.8813,0.815,0.4862,60.2,TIER_3_RESTRICTED_CAUTION,train
9601,0,0.8165,0.2939,0.8733,0.865,0.0961,24.45,TIER_4_QUARANTINE_FRAUD,train
9602,0,0.0277,0.9651,0.8951,0.7571,0.4642,73.08,TIER_2_STANDARD_TRUST,train
9603,0,0.0055,0.9369,0.9365,0.9646,0.4169,76.18,TIER_2_STANDARD_TRUST,train
9604,0,0.033,0.7788,0.8879,0.9472,0.1468,61.06,TIER_3_RESTRICTED_CAUTION,train
9605,0,0.6855,0.2907,0.8923,0.8738,0.0992,24.35,TIER_4_QUARANTINE_FRAUD,train
9606,0,0.2962,0.6003,0.9142,0.645,0.5417,62.24,TIER_3_RESTRICTED_CAUTION,train
9607,1,0.706,0.2755,0.8463,0.5275,0.021,16.2,TIER_4_QUARANTINE_FRAUD,train
9608,0,0.0126,0.8221,0.9198,0.9393,0.1233,61.66,TIER_3_RESTRICTED_CAUTION,train
9609,0,0.1045,0.8598,0.9148,1.0,0.4875,77.01,TIER_2_STANDARD_TRUST,train
9610,1,0.8543,0.1877,0.901,0.2514,0.4021,11.23,TIER_4_QUARANTINE_FRAUD,train
9611,0,0.7014,0.315,0.8822,0.845,0.4378,34.42,TIER_4_QUARANTINE_FRAUD,train
9612,0,0.0387,0.9101,0.9039,0.8617,0.465,74.16,TIER_2_STANDARD_TRUST,train
9613,0,0.9129,0.1257,0.8554,0.99,0.4315,9.94,TIER_4_QUARANTINE_FRAUD,val
9614,0,0.0073,0.8005,0.9171,0.9717,0.1025,61.07,TIER_3_RESTRICTED_CAUTION,train
9615,0,0.8363,0.2136,0.9014,0.985,0.4534,21.23,TIER_4_QUARANTINE_FRAUD,train
9616,0,0.9544,0.0562,0.831,0.8767,0.0207,2.18,TIER_4_QUARANTINE_FRAUD,train
9617,1,0.6267,0.3359,0.8101,0.6767,0.0744,25.78,TIER_4_QUARANTINE_FRAUD,train
9618,1,0.9411,0.1131,0.8327,0.985,0.1107,6.68,TIER_4_QUARANTINE_FRAUD,train
9619,0,0.3132,0.6717,0.8743,0.8545,0.0946,53.57,TIER_3_RESTRICTED_CAUTION,train
9620,0,0.1703,0.6902,0.8983,0.9719,0.1228,58.28,TIER_3_RESTRICTED_CAUTION,train
9621,0,0.3113,0.5992,0.9322,0.555,0.4645,57.43,TIER_3_RESTRICTED_CAUTION,train
9622,1,0.943,0.0999,0.7888,0.8717,0.0436,4.84,TIER_4_QUARANTINE_FRAUD,train
9623,0,0.7416,0.2478,0.8719,0.5384,0.0314,14.14,TIER_4_QUARANTINE_FRAUD,train
9624,0,0.0029,0.942,0.9223,0.9629,0.4124,75.99,TIER_2_STANDARD_TRUST,test
9625,0,0.329,0.5908,0.8996,1.0,0.4344,66.92,TIER_2_STANDARD_TRUST,test
9626,0,0.1726,0.6721,0.8711,0.9641,0.1699,58.92,TIER_3_RESTRICTED_CAUTION,train
9627,1,0.9022,0.1373,0.894,0.7875,0.1101,7.82,TIER_4_QUARANTINE_FRAUD,train
9628,0,0.8338,0.2146,0.9048,0.9105,0.4327,20.39,TIER_4_QUARANTINE_FRAUD,train
9629,1,0.9645,0.0315,0.8266,0.9196,0.1255,1.15,TIER_4_QUARANTINE_FRAUD,train
9630,0,0.4306,0.4878,0.8665,0.891,0.0922,48.8,TIER_3_RESTRICTED_CAUTION,train
9631,0,0.0067,0.8016,0.9103,0.8648,0.0955,58.12,TIER_3_RESTRICTED_CAUTION,train
9632,0,0.0136,0.8028,0.9326,0.9141,0.1274,60.72,TIER_3_RESTRICTED_CAUTION,train
9633,0,0.8653,0.1833,0.9296,0.5907,0.0732,10.0,TIER_4_QUARANTINE_FRAUD,val
9634,0,0.0161,0.7946,0.8992,0.9218,0.0944,59.18,TIER_3_RESTRICTED_CAUTION,train
9635,1,0.9522,0.0881,0.8716,1.0,0.0686,4.65,TIER_4_QUARANTINE_FRAUD,train
9636,0,0.6361,0.3399,0.9225,0.8827,0.0624,30.32,TIER_4_QUARANTINE_FRAUD,test
9637,1,0.9505,0.1109,0.8827,0.9596,0.0481,6.12,TIER_4_QUARANTINE_FRAUD,train
9638,0,0.3635,0.6498,0.9152,0.4692,0.55,59.63,TIER_3_RESTRICTED_CAUTION,val
9639,0,0.0042,0.9079,0.9173,0.9571,0.4189,75.0,TIER_2_STANDARD_TRUST,train
9640,0,0.7537,0.256,0.8223,0.8838,0.4545,25.89,TIER_4_QUARANTINE_FRAUD,train
9641,1,0.9826,0.0758,0.8042,0.8578,0.1174,3.54,TIER_4_QUARANTINE_FRAUD,train
9642,0,0.6072,0.3512,0.8712,0.8868,0.1079,32.75,TIER_4_QUARANTINE_FRAUD,test
9643,0,0.693,0.3034,0.8608,0.9111,0.4404,33.48,TIER_4_QUARANTINE_FRAUD,test
9644,0,0.9334,0.135,0.8774,0.9275,0.0317,7.76,TIER_4_QUARANTINE_FRAUD,val
9645,0,0.3135,0.5272,0.8411,0.9574,0.1212,52.4,TIER_3_RESTRICTED_CAUTION,train
9646,0,0.9314,0.1347,0.8025,0.9364,0.1273,8.33,TIER_4_QUARANTINE_FRAUD,test
9647,1,0.3261,0.5163,0.7983,0.81,0.1144,47.73,TIER_3_RESTRICTED_CAUTION,val
9648,1,0.5647,0.392,0.8974,0.9707,0.2041,43.58,TIER_4_QUARANTINE_FRAUD,train
9649,0,0.912,0.1234,0.8348,0.4233,0.0206,4.34,TIER_4_QUARANTINE_FRAUD,val
9650,0,0.0668,0.7551,0.8476,0.9524,0.1323,59.57,TIER_3_RESTRICTED_CAUTION,test
9651,1,0.9669,0.0849,0.8751,0.4438,0.0335,2.69,TIER_4_QUARANTINE_FRAUD,train
9652,1,0.9777,0.0744,0.8812,1.0,0.1395,3.94,TIER_4_QUARANTINE_FRAUD,train
9653,0,0.1345,0.7044,0.8514,0.9738,0.1039,57.63,TIER_3_RESTRICTED_CAUTION,train
9654,0,0.401,0.6072,0.916,0.9384,0.45,66.59,TIER_2_STANDARD_TRUST,train
9655,0,0.0539,0.7926,0.912,0.962,0.1096,60.78,TIER_3_RESTRICTED_CAUTION,train
9656,0,0.7482,0.2435,0.9194,0.3339,0.0582,12.1,TIER_4_QUARANTINE_FRAUD,train
9657,0,0.055,0.7914,0.8809,0.9572,0.0254,57.37,TIER_3_RESTRICTED_CAUTION,train
9658,1,0.9482,0.1026,0.8907,1.0,0.0737,5.79,TIER_4_QUARANTINE_FRAUD,train
9659,0,0.0042,0.8013,0.8982,0.9286,0.1369,61.03,TIER_3_RESTRICTED_CAUTION,train
9660,0,0.0114,0.8955,0.9379,0.9547,0.1599,65.71,TIER_2_STANDARD_TRUST,train
9661,0,0.9298,0.1315,0.8314,0.9478,0.145,8.29,TIER_4_QUARANTINE_FRAUD,train
9662,1,0.8773,0.1589,0.8243,0.9467,0.1263,10.62,TIER_4_QUARANTINE_FRAUD,train
9663,1,0.2266,0.636,0.8537,0.8865,0.1162,53.84,TIER_3_RESTRICTED_CAUTION,train
9664,0,0.0221,0.8906,0.908,1.0,0.4494,76.53,TIER_2_STANDARD_TRUST,train
9665,0,0.4768,0.4701,0.884,0.9721,0.0202,47.95,TIER_3_RESTRICTED_CAUTION,train
9666,0,0.2816,0.6221,0.9192,1.0,0.4092,67.18,TIER_2_STANDARD_TRUST,test
9667,0,0.4173,0.4945,0.9069,0.9876,0.1609,54.23,TIER_3_RESTRICTED_CAUTION,train
9668,0,0.0003,0.9049,0.9138,0.9507,0.0494,61.78,TIER_3_RESTRICTED_CAUTION,train
9669,1,0.1553,0.6849,0.89,0.8956,0.1145,55.85,TIER_3_RESTRICTED_CAUTION,train
9670,0,0.1938,0.6591,0.869,0.97,0.1377,57.53,TIER_3_RESTRICTED_CAUTION,train
9671,0,0.2029,0.6739,0.8604,0.9329,0.0962,55.51,TIER_3_RESTRICTED_CAUTION,train
9672,0,0.9239,0.1474,0.923,0.99,0.1237,10.02,TIER_4_QUARANTINE_FRAUD,test
9673,0,0.4001,0.4536,0.8461,0.9815,0.1353,51.34,TIER_3_RESTRICTED_CAUTION,val
9674,0,0.6603,0.4411,0.9132,1.0,0.4463,61.37,TIER_3_RESTRICTED_CAUTION,train
9675,0,0.0045,0.9314,0.9192,0.9689,0.414,75.85,TIER_2_STANDARD_TRUST,val
9676,0,0.4127,0.4972,0.8655,0.9191,0.1025,50.14,TIER_3_RESTRICTED_CAUTION,train
9677,0,0.4841,0.4618,0.9068,0.99,0.4629,63.87,TIER_3_RESTRICTED_CAUTION,train
9678,0,0.0067,0.972,0.9336,0.9655,0.1001,66.14,TIER_2_STANDARD_TRUST,test
9679,1,0.9383,0.1228,0.8676,1.0,0.0981,7.54,TIER_4_QUARANTINE_FRAUD,train
9680,0,0.9442,0.1265,0.8828,0.8636,0.4542,9.63,TIER_4_QUARANTINE_FRAUD,train
9681,0,0.1991,0.6643,0.8864,0.9821,0.1586,58.9,TIER_3_RESTRICTED_CAUTION,test
9682,0,0.396,0.5113,0.9202,0.8838,0.0276,47.6,TIER_3_RESTRICTED_CAUTION,test
9683,1,0.9543,0.1048,0.8971,0.9096,0.123,5.89,TIER_4_QUARANTINE_FRAUD,train
9684,0,0.5137,0.4217,0.8867,0.902,0.1493,45.31,TIER_3_RESTRICTED_CAUTION,train
9685,0,0.6214,0.3556,0.8684,1.0,0.1239,35.84,TIER_4_QUARANTINE_FRAUD,train
9686,0,0.5257,0.4401,0.8721,0.9128,0.4278,58.02,TIER_3_RESTRICTED_CAUTION,train
9687,1,0.9608,0.1118,0.8985,0.985,0.112,6.69,TIER_4_QUARANTINE_FRAUD,test
9688,0,0.0084,0.7958,0.8556,0.9767,0.1225,61.14,TIER_3_RESTRICTED_CAUTION,train
9689,0,0.5867,0.3726,0.8658,0.9776,0.1246,38.06,TIER_4_QUARANTINE_FRAUD,train
9690,0,0.0288,0.9156,0.9114,0.9522,0.9686,94.29,TIER_1_VERIFIED_SAFE,test
9691,0,0.7262,0.2649,0.8809,0.405,0.4634,21.65,TIER_4_QUARANTINE_FRAUD,val
9692,1,0.9048,0.1348,0.7925,0.7135,0.0317,6.45,TIER_4_QUARANTINE_FRAUD,test
9693,0,0.0432,0.8889,0.9174,0.9698,0.3926,73.83,TIER_2_STANDARD_TRUST,train
9694,1,0.8813,0.0987,0.8301,1.0,0.1325,5.69,TIER_4_QUARANTINE_FRAUD,test
9695,0,0.0198,0.8219,0.847,0.8969,0.55,74.8,TIER_2_STANDARD_TRUST,train
9696,0,0.2997,0.6045,0.9122,0.895,0.0089,49.94,TIER_3_RESTRICTED_CAUTION,train
9697,0,0.0392,0.793,0.8713,1.0,0.4249,72.38,TIER_2_STANDARD_TRUST,val
9698,0,0.8098,0.2202,0.9181,0.455,0.0151,10.94,TIER_4_QUARANTINE_FRAUD,train
9699,0,0.0024,0.934,0.9378,0.9429,0.4161,75.53,TIER_2_STANDARD_TRUST,train
9700,1,0.9532,0.0931,0.8589,0.955,0.1079,5.03,TIER_4_QUARANTINE_FRAUD,train
9701,1,0.8336,0.2071,0.8767,0.9333,0.4281,19.44,TIER_4_QUARANTINE_FRAUD,train
9702,0,0.2677,0.6012,0.8643,0.8785,0.1302,53.2,TIER_3_RESTRICTED_CAUTION,train
9703,0,0.4643,0.485,0.8598,0.9464,0.436,62.07,TIER_3_RESTRICTED_CAUTION,train
9704,0,0.008,0.8216,0.9392,0.9544,0.146,63.01,TIER_3_RESTRICTED_CAUTION,val
9705,0,0.0072,0.9794,0.9168,0.9312,0.4274,76.79,TIER_2_STANDARD_TRUST,train
9706,0,0.0187,0.7944,0.9327,0.9643,0.1332,61.93,TIER_3_RESTRICTED_CAUTION,test
9707,1,0.9308,0.1148,0.8062,0.9585,0.1205,6.72,TIER_4_QUARANTINE_FRAUD,train
9708,1,0.8645,0.1667,0.8387,1.0,0.1161,11.67,TIER_4_QUARANTINE_FRAUD,train
9709,0,0.0007,0.9298,0.9149,0.9111,0.4134,74.29,TIER_2_STANDARD_TRUST,train
9710,1,0.9019,0.132,0.8027,0.8869,0.0286,7.14,TIER_4_QUARANTINE_FRAUD,train
9711,0,0.4448,0.4921,0.9119,0.8492,0.0646,47.37,TIER_3_RESTRICTED_CAUTION,train
9712,0,0.0024,0.9929,0.8951,0.9448,0.4267,77.3,TIER_2_STANDARD_TRUST,train
9713,1,0.8659,0.2586,0.8796,1.0,0.0501,21.08,TIER_4_QUARANTINE_FRAUD,train
9714,0,0.1111,0.8575,0.8994,0.9324,0.4108,72.4,TIER_2_STANDARD_TRUST,train
9715,0,0.2058,0.6823,0.8681,0.8636,0.9517,84.05,TIER_1_VERIFIED_SAFE,train
9716,0,0.8755,0.1743,0.8591,1.0,0.1212,12.55,TIER_4_QUARANTINE_FRAUD,train
9717,0,0.896,0.251,0.8838,0.9827,0.1179,21.09,TIER_4_QUARANTINE_FRAUD,train
9718,1,0.8989,0.0794,0.8442,0.9192,0.1088,3.94,TIER_4_QUARANTINE_FRAUD,test
9719,1,0.9549,0.0713,0.8202,0.862,0.0314,3.01,TIER_4_QUARANTINE_FRAUD,test
9720,1,0.9437,0.1194,0.8908,0.485,0.0321,4.59,TIER_4_QUARANTINE_FRAUD,test
9721,0,0.2541,0.6138,0.9295,0.9896,0.2205,60.17,TIER_3_RESTRICTED_CAUTION,train
9722,1,0.8913,0.1379,0.7797,0.8436,0.1161,7.97,TIER_4_QUARANTINE_FRAUD,test
9723,1,0.3369,0.6787,0.8931,0.8215,0.4256,64.73,TIER_3_RESTRICTED_CAUTION,test
9724,1,0.9424,0.1108,0.8704,0.8325,0.0309,5.48,TIER_4_QUARANTINE_FRAUD,train
9725,0,0.0012,0.9163,0.925,0.978,0.005,61.36,TIER_3_RESTRICTED_CAUTION,test
9726,0,0.3347,0.56,0.9051,0.99,0.4479,66.28,TIER_2_STANDARD_TRUST,train
9727,0,0.5553,0.386,0.8792,0.9525,0.1416,40.25,TIER_4_QUARANTINE_FRAUD,train
9728,0,0.8207,0.1895,0.9086,0.4943,0.0223,9.07,TIER_4_QUARANTINE_FRAUD,train
9729,0,0.121,0.8318,0.9102,0.8738,0.9809,90.23,TIER_1_VERIFIED_SAFE,train
9730,0,0.1174,0.7254,0.9063,1.0,0.1587,61.38,TIER_3_RESTRICTED_CAUTION,test
9731,1,0.8721,0.1616,0.8579,0.6768,0.1282,9.2,TIER_4_QUARANTINE_FRAUD,train
9732,0,0.3532,0.5435,0.8796,1.0,0.1715,56.1,TIER_3_RESTRICTED_CAUTION,val
9733,0,0.0158,0.8016,0.8796,0.9704,0.1146,61.12,TIER_3_RESTRICTED_CAUTION,train
9734,0,0.0015,0.818,0.9416,0.8754,0.1551,61.27,TIER_3_RESTRICTED_CAUTION,test
9735,1,0.6584,0.3483,0.8844,0.6967,0.4515,37.63,TIER_4_QUARANTINE_FRAUD,train
9736,0,0.2767,0.6,0.8568,0.8591,0.134,52.73,TIER_3_RESTRICTED_CAUTION,test
9737,0,0.1069,0.7282,0.8484,0.9838,0.14,59.83,TIER_3_RESTRICTED_CAUTION,train
9738,0,0.7684,0.23,0.8755,0.8315,0.0945,16.61,TIER_4_QUARANTINE_FRAUD,train
9739,0,0.012,0.9075,0.9525,0.9218,0.1255,64.19,TIER_3_RESTRICTED_CAUTION,train
9740,1,0.837,0.1282,0.785,0.8588,0.1166,7.28,TIER_4_QUARANTINE_FRAUD,train
9741,0,0.4754,0.5554,0.8929,1.0,0.4708,67.07,TIER_2_STANDARD_TRUST,train
9742,1,0.9443,0.0943,0.8911,0.65,0.13,4.27,TIER_4_QUARANTINE_FRAUD,train
9743,0,0.5693,0.4034,0.8689,0.8607,0.0943,39.56,TIER_4_QUARANTINE_FRAUD,test
9744,0,0.0751,0.7503,0.8721,0.8545,0.0955,55.93,TIER_3_RESTRICTED_CAUTION,train
9745,0,0.2769,0.6222,0.8786,1.0,0.55,71.7,TIER_2_STANDARD_TRUST,val
9746,0,0.2074,0.6789,0.8807,0.8719,0.4309,66.05,TIER_2_STANDARD_TRUST,val
9747,1,0.7627,0.2375,0.7146,1.0,0.14,19.24,TIER_4_QUARANTINE_FRAUD,train
9748,0,0.008,0.9261,0.905,0.9727,0.0953,64.49,TIER_3_RESTRICTED_CAUTION,test
9749,0,0.8534,0.3024,0.9172,0.995,0.4846,35.84,TIER_4_QUARANTINE_FRAUD,test
9750,0,0.0104,0.8034,0.9178,0.8493,0.0161,55.08,TIER_3_RESTRICTED_CAUTION,train
9751,0,0.0013,0.8374,0.9244,0.9395,0.0406,59.28,TIER_3_RESTRICTED_CAUTION,train
9752,0,0.1357,0.7005,0.8654,0.9868,0.1322,58.96,TIER_3_RESTRICTED_CAUTION,test
9753,0,0.0337,0.9171,0.9092,0.995,0.4349,76.7,TIER_2_STANDARD_TRUST,train
9754,0,0.8661,0.1903,0.8161,0.8906,0.1477,13.49,TIER_4_QUARANTINE_FRAUD,val
9755,0,0.4152,0.5292,0.9151,1.0,0.1178,54.15,TIER_3_RESTRICTED_CAUTION,train
9756,1,0.9442,0.097,0.8928,1.0,0.1209,5.59,TIER_4_QUARANTINE_FRAUD,train
9757,0,0.3846,0.6391,0.9224,0.8131,0.4684,65.12,TIER_2_STANDARD_TRUST,train
9758,0,0.0062,0.9519,0.9447,0.967,0.0193,62.86,TIER_3_RESTRICTED_CAUTION,train
9759,0,0.2459,0.6213,0.8734,0.963,0.1512,56.74,TIER_3_RESTRICTED_CAUTION,val
9760,0,0.0053,0.9204,0.8712,0.951,0.4135,74.57,TIER_2_STANDARD_TRUST,test
9761,0,0.9039,0.2435,0.8466,1.0,0.4587,25.57,TIER_4_QUARANTINE_FRAUD,val
9762,0,0.1024,0.7541,0.9159,0.835,0.511,70.54,TIER_2_STANDARD_TRUST,train
9763,0,0.4222,0.491,0.8686,0.9484,0.133,51.78,TIER_3_RESTRICTED_CAUTION,val
9764,0,0.0002,0.9326,0.9246,1.0,0.024,63.06,TIER_3_RESTRICTED_CAUTION,train
9765,0,0.0021,0.918,0.9277,0.9248,0.1622,65.62,TIER_2_STANDARD_TRUST,train
9766,0,0.0127,0.9186,0.9401,0.9473,0.4078,74.91,TIER_2_STANDARD_TRUST,train
9767,1,0.9568,0.098,0.7958,1.0,0.1229,5.54,TIER_4_QUARANTINE_FRAUD,train
9768,0,0.9002,0.2314,0.8702,0.865,0.1065,17.27,TIER_4_QUARANTINE_FRAUD,train
9769,0,0.0129,0.9031,0.9234,1.0,0.4071,75.57,TIER_2_STANDARD_TRUST,test
9770,0,0.1569,0.6847,0.8625,0.967,0.1259,57.75,TIER_3_RESTRICTED_CAUTION,train
9771,0,0.1017,0.7477,0.8471,0.8741,0.4467,68.39,TIER_2_STANDARD_TRUST,train
9772,1,0.8086,0.1547,0.8412,0.9702,0.1235,10.39,TIER_4_QUARANTINE_FRAUD,train
9773,0,0.0025,0.9391,0.9298,0.8989,0.4156,74.49,TIER_2_STANDARD_TRUST,train
9774,0,0.5232,0.4136,0.8851,0.9707,0.2445,48.47,TIER_3_RESTRICTED_CAUTION,train
9775,0,0.5185,0.417,0.8522,0.99,0.135,45.75,TIER_3_RESTRICTED_CAUTION,train
9776,1,0.923,0.2407,0.8827,0.6867,0.4121,21.12,TIER_4_QUARANTINE_FRAUD,train
9777,1,0.9793,0.1091,0.8932,1.0,0.1069,6.49,TIER_4_QUARANTINE_FRAUD,test
9778,0,0.9041,0.1596,0.8659,0.7861,0.0299,8.88,TIER_4_QUARANTINE_FRAUD,train
9779,0,0.8754,0.1731,0.8635,0.9421,0.1013,11.82,TIER_4_QUARANTINE_FRAUD,train
9780,0,0.1101,0.7206,0.88,0.9318,0.1357,58.46,TIER_3_RESTRICTED_CAUTION,val
9781,0,0.7572,0.364,0.9102,0.2244,0.399,30.05,TIER_4_QUARANTINE_FRAUD,train
9782,0,0.4437,0.4935,0.8693,0.7905,0.1172,47.36,TIER_3_RESTRICTED_CAUTION,train
9783,1,0.8123,0.2044,0.8337,0.8575,0.1123,14.28,TIER_4_QUARANTINE_FRAUD,train
9784,0,0.0171,0.8125,0.9179,0.9469,0.1133,61.19,TIER_3_RESTRICTED_CAUTION,train
9785,0,0.0178,0.8254,0.8864,0.9668,0.0988,61.26,TIER_3_RESTRICTED_CAUTION,train
9786,1,0.9596,0.0887,0.8199,0.9657,0.1141,4.73,TIER_4_QUARANTINE_FRAUD,train
9787,0,0.3885,0.5194,0.8197,0.9338,0.0982,50.56,TIER_3_RESTRICTED_CAUTION,train
9788,0,0.0166,0.8066,0.8792,0.9922,0.4091,72.12,TIER_2_STANDARD_TRUST,val
9789,0,0.004,0.802,0.8786,0.9393,0.1344,61.03,TIER_3_RESTRICTED_CAUTION,train
9790,0,0.6424,0.3263,0.8815,0.8692,0.1071,29.03,TIER_4_QUARANTINE_FRAUD,train
9791,0,0.1614,0.6849,0.9017,0.9685,0.0227,54.57,TIER_3_RESTRICTED_CAUTION,train
9792,0,0.8552,0.1609,0.8561,0.9685,0.1042,10.83,TIER_4_QUARANTINE_FRAUD,train
9793,1,0.8688,0.1569,0.8181,0.57,0.0276,7.14,TIER_4_QUARANTINE_FRAUD,train
9794,1,0.8756,0.1478,0.8221,0.555,0.1408,7.4,TIER_4_QUARANTINE_FRAUD,train
9795,0,0.6118,0.3709,0.874,0.9428,0.5493,48.73,TIER_3_RESTRICTED_CAUTION,train
9796,0,0.8566,0.1636,0.8707,0.8369,0.0998,10.21,TIER_4_QUARANTINE_FRAUD,train
9797,0,0.2189,0.6545,0.9219,1.0,0.1187,58.01,TIER_3_RESTRICTED_CAUTION,train
9798,0,0.4794,0.4426,0.8931,0.99,0.1159,49.92,TIER_3_RESTRICTED_CAUTION,test
9799,1,0.7832,0.2212,0.7869,0.8786,0.1206,16.16,TIER_4_QUARANTINE_FRAUD,train
9800,0,0.7574,0.2531,0.8584,1.0,0.1228,21.52,TIER_4_QUARANTINE_FRAUD,train
9801,1,0.9228,0.1104,0.8859,0.83,0.1265,6.01,TIER_4_QUARANTINE_FRAUD,train
9802,0,0.0091,0.8393,0.9245,1.0,0.4244,74.28,TIER_2_STANDARD_TRUST,train
9803,0,0.4508,0.5685,0.8662,0.906,0.1015,51.92,TIER_3_RESTRICTED_CAUTION,train
9804,0,0.3101,0.6877,0.9129,0.9541,0.4417,69.07,TIER_2_STANDARD_TRUST,test
9805,0,0.0062,0.8376,0.9177,0.9811,0.0977,62.25,TIER_3_RESTRICTED_CAUTION,train
9806,0,0.0558,0.9367,0.9098,0.9742,0.0294,62.58,TIER_3_RESTRICTED_CAUTION,train
9807,0,0.3283,0.5639,0.9319,0.9027,0.0359,50.06,TIER_3_RESTRICTED_CAUTION,train
9808,1,0.9665,0.0861,0.8432,0.9142,0.123,4.45,TIER_4_QUARANTINE_FRAUD,train
9809,1,0.8925,0.1421,0.8236,0.8636,0.0695,8.16,TIER_4_QUARANTINE_FRAUD,train
9810,0,0.4113,0.5984,0.8541,1.0,0.1354,56.23,TIER_3_RESTRICTED_CAUTION,train
9811,0,0.0127,0.7971,0.9287,0.9101,0.1028,59.55,TIER_3_RESTRICTED_CAUTION,val
9812,0,0.1232,0.7151,0.918,0.9754,0.1722,61.04,TIER_3_RESTRICTED_CAUTION,train
9813,0,0.1425,0.6953,0.8532,0.96,0.1228,57.69,TIER_3_RESTRICTED_CAUTION,train
9814,0,0.0018,0.9474,0.9406,0.9027,0.4046,74.56,TIER_2_STANDARD_TRUST,train
9815,0,0.9751,0.0887,0.8444,1.0,0.0438,4.56,TIER_4_QUARANTINE_FRAUD,test
9816,0,0.0039,0.8034,0.8766,0.882,0.112,58.84,TIER_3_RESTRICTED_CAUTION,train
9817,0,0.2415,0.6239,0.8838,0.9669,0.1605,57.35,TIER_3_RESTRICTED_CAUTION,train
9818,1,0.9768,0.1936,0.9042,1.0,0.4124,18.14,TIER_4_QUARANTINE_FRAUD,train
9819,0,0.775,0.2211,0.8785,0.9791,0.1269,17.61,TIER_4_QUARANTINE_FRAUD,train
9820,1,0.6507,0.3426,0.8817,0.995,0.1292,34.03,TIER_4_QUARANTINE_FRAUD,train
9821,0,0.0091,0.8219,0.937,0.9262,0.1107,61.06,TIER_3_RESTRICTED_CAUTION,train
9822,0,0.0334,0.8113,0.9118,0.7244,0.4137,66.05,TIER_2_STANDARD_TRUST,val
9823,1,0.8728,0.1847,0.9003,0.57,0.4837,14.37,TIER_4_QUARANTINE_FRAUD,train
9824,0,0.0022,0.9412,0.9228,0.9203,0.1008,64.0,TIER_3_RESTRICTED_CAUTION,train
9825,1,0.5174,0.4356,0.8408,1.0,0.1329,49.0,TIER_3_RESTRICTED_CAUTION,train
9826,0,0.0476,0.9036,0.8931,0.9233,0.5122,77.05,TIER_2_STANDARD_TRUST,test
9827,0,0.8814,0.1462,0.875,0.9105,0.0975,9.11,TIER_4_QUARANTINE_FRAUD,train
9828,0,0.43,0.4818,0.865,0.9497,0.1325,51.48,TIER_3_RESTRICTED_CAUTION,train
9829,0,0.0015,0.9304,0.8945,0.9293,0.4773,76.79,TIER_2_STANDARD_TRUST,test
9830,0,0.661,0.318,0.8687,1.0,0.1446,30.75,TIER_4_QUARANTINE_FRAUD,train
9831,0,0.1172,0.7154,0.8433,0.99,0.1244,59.0,TIER_3_RESTRICTED_CAUTION,train
9832,0,0.0718,0.7806,0.8535,0.9749,0.4601,72.43,TIER_2_STANDARD_TRUST,train
9833,0,0.1896,0.6846,0.8492,1.0,0.0173,54.63,TIER_3_RESTRICTED_CAUTION,train
9834,0,0.0028,0.9071,0.9175,0.99,0.1024,64.72,TIER_3_RESTRICTED_CAUTION,train
9835,1,0.9756,0.0849,0.8286,0.9823,0.0244,4.14,TIER_4_QUARANTINE_FRAUD,train
9836,0,0.3319,0.5635,0.8771,1.0,0.0065,50.9,TIER_3_RESTRICTED_CAUTION,train
9837,0,0.0096,0.9265,0.9359,0.9626,0.4096,75.55,TIER_2_STANDARD_TRUST,val
9838,1,0.9851,0.0894,0.8263,0.99,0.1233,4.9,TIER_4_QUARANTINE_FRAUD,train
9839,0,0.0002,0.9265,0.9257,0.969,0.4713,77.77,TIER_2_STANDARD_TRUST,val
9840,0,0.7201,0.2647,0.8582,0.45,0.0588,14.97,TIER_4_QUARANTINE_FRAUD,train
9841,0,0.0015,0.9122,0.9288,0.9028,0.4335,74.4,TIER_2_STANDARD_TRUST,train
9842,1,0.9511,0.0959,0.8446,0.985,0.1416,5.48,TIER_4_QUARANTINE_FRAUD,train
9843,0,0.0142,0.9427,0.9589,0.8819,0.1593,65.49,TIER_2_STANDARD_TRUST,train
9844,0,0.0041,0.9245,0.9262,0.97,0.4767,77.93,TIER_2_STANDARD_TRUST,test
9845,1,0.9143,0.1537,0.8969,0.98,0.4358,13.2,TIER_4_QUARANTINE_FRAUD,train
9846,0,0.9126,0.1187,0.78,0.995,0.2335,7.86,TIER_4_QUARANTINE_FRAUD,train
9847,0,0.2681,0.6034,0.8903,0.9646,0.1307,55.69,TIER_3_RESTRICTED_CAUTION,train
9848,0,0.0677,0.762,0.871,0.982,0.1317,60.73,TIER_3_RESTRICTED_CAUTION,train
9849,0,0.0138,0.8293,0.8633,0.9751,0.5968,78.78,TIER_2_STANDARD_TRUST,train
9850,0,0.0643,0.8852,0.9376,0.56,0.4362,65.2,TIER_2_STANDARD_TRUST,train
9851,0,0.2361,0.6643,0.8472,0.975,0.4344,67.98,TIER_2_STANDARD_TRUST,train
9852,0,0.1453,0.7098,0.9034,0.9,0.0977,56.24,TIER_3_RESTRICTED_CAUTION,train
9853,1,0.9551,0.0886,0.9033,1.0,0.2008,5.29,TIER_4_QUARANTINE_FRAUD,train
9854,0,0.0835,0.7465,0.8775,0.9742,0.0232,56.34,TIER_3_RESTRICTED_CAUTION,train
9855,0,0.9344,0.1024,0.7556,0.3856,0.0193,3.06,TIER_4_QUARANTINE_FRAUD,train
9856,1,0.5043,0.4374,0.8428,0.9143,0.1216,46.91,TIER_3_RESTRICTED_CAUTION,test
9857,0,0.0978,0.7615,0.9148,0.9525,0.9716,89.81,TIER_1_VERIFIED_SAFE,train
9858,0,0.6735,0.4182,0.909,0.7825,0.135,41.75,TIER_4_QUARANTINE_FRAUD,train
9859,0,0.4753,0.5847,0.876,0.9913,0.4494,66.81,TIER_2_STANDARD_TRUST,test
9860,0,0.8489,0.1693,0.8715,0.8774,0.1022,11.03,TIER_4_QUARANTINE_FRAUD,test
9861,0,0.0262,0.9184,0.9427,0.9148,0.441,75.28,TIER_2_STANDARD_TRUST,train
9862,1,0.5149,0.4337,0.7574,1.0,0.4818,59.53,TIER_3_RESTRICTED_CAUTION,train
9863,0,0.645,0.2756,0.8162,1.0,0.1533,24.74,TIER_4_QUARANTINE_FRAUD,train
9864,0,0.0525,0.8673,0.9064,0.9368,0.1033,62.12,TIER_3_RESTRICTED_CAUTION,test
9865,1,0.9637,0.098,0.8969,1.0,0.55,7.74,TIER_4_QUARANTINE_FRAUD,train
9866,0,0.339,0.5574,0.8319,0.995,0.2,56.92,TIER_3_RESTRICTED_CAUTION,train
9867,0,0.8407,0.1761,0.8655,0.8745,0.0952,11.56,TIER_4_QUARANTINE_FRAUD,train
9868,1,0.9086,0.1262,0.8936,0.4777,0.0237,4.88,TIER_4_QUARANTINE_FRAUD,test
9869,0,0.2342,0.7645,0.8748,0.9626,0.1582,61.28,TIER_3_RESTRICTED_CAUTION,train
9870,1,0.7381,0.2682,0.8439,0.946,0.1296,22.8,TIER_4_QUARANTINE_FRAUD,train
9871,0,0.8084,0.1975,0.8465,0.9433,0.1449,14.76,TIER_4_QUARANTINE_FRAUD,train
9872,1,0.9147,0.0666,0.8968,1.0,0.6473,4.89,TIER_4_QUARANTINE_FRAUD,test
9873,0,0.0152,0.8216,0.925,1.0,0.0971,62.3,TIER_3_RESTRICTED_CAUTION,val
9874,0,0.8918,0.1524,0.8736,1.0,0.141,10.59,TIER_4_QUARANTINE_FRAUD,test
9875,0,0.0139,0.8114,0.924,0.97,0.0175,58.45,TIER_3_RESTRICTED_CAUTION,train
9876,0,0.0074,0.8159,0.8831,0.9765,0.1432,62.73,TIER_3_RESTRICTED_CAUTION,test
9877,0,0.8674,0.1052,0.7839,0.8583,0.2695,6.33,TIER_4_QUARANTINE_FRAUD,train
9878,0,0.0066,0.9132,0.909,0.894,0.1513,64.13,TIER_3_RESTRICTED_CAUTION,train
9879,0,0.1979,0.6824,0.9065,0.9668,0.0272,54.66,TIER_3_RESTRICTED_CAUTION,train
9880,0,0.0065,0.801,0.9305,0.9624,0.1317,62.01,TIER_3_RESTRICTED_CAUTION,val
9881,0,0.0957,0.7366,0.8899,0.9811,0.1291,60.04,TIER_3_RESTRICTED_CAUTION,train
9882,0,0.4349,0.4796,0.9155,1.0,0.1868,55.08,TIER_3_RESTRICTED_CAUTION,test
9883,1,0.967,0.0821,0.8254,0.995,0.1334,4.41,TIER_4_QUARANTINE_FRAUD,train
9884,0,0.0109,0.7945,0.9156,0.9818,0.1338,62.22,TIER_3_RESTRICTED_CAUTION,train
9885,0,0.9344,0.1047,0.7953,0.995,0.0495,5.67,TIER_4_QUARANTINE_FRAUD,train
9886,0,0.1733,0.7026,0.8633,0.9807,0.1262,58.64,TIER_3_RESTRICTED_CAUTION,train
9887,1,0.3396,0.5228,0.8709,0.99,0.1724,55.18,TIER_3_RESTRICTED_CAUTION,train
9888,1,0.9406,0.1052,0.7968,0.8903,0.1185,5.67,TIER_4_QUARANTINE_FRAUD,train
9889,1,0.8599,0.1758,0.777,0.8955,0.4479,15.07,TIER_4_QUARANTINE_FRAUD,train
9890,0,0.0176,0.7941,0.9291,0.6632,0.0267,50.63,TIER_3_RESTRICTED_CAUTION,train
9891,0,0.727,0.257,0.8717,0.9722,0.1256,21.79,TIER_4_QUARANTINE_FRAUD,train
9892,0,0.1679,0.6903,0.855,0.9658,0.1131,57.36,TIER_3_RESTRICTED_CAUTION,test
9893,1,0.424,0.5146,0.8242,0.91,0.4965,63.8,TIER_3_RESTRICTED_CAUTION,val
9894,0,0.3988,0.5064,0.8992,0.9665,0.0221,49.12,TIER_3_RESTRICTED_CAUTION,train
9895,0,0.0313,0.8842,0.9248,0.9419,0.0034,59.44,TIER_3_RESTRICTED_CAUTION,train
9896,0,0.1789,0.7062,0.9112,1.0,0.4163,69.87,TIER_2_STANDARD_TRUST,train
9897,0,0.0349,0.8148,0.8987,0.8786,0.9544,88.8,TIER_1_VERIFIED_SAFE,val
9898,0,0.0039,0.9822,0.9328,0.9596,0.4023,76.87,TIER_2_STANDARD_TRUST,train
9899,1,0.9302,0.1327,0.8285,0.985,0.0667,8.02,TIER_4_QUARANTINE_FRAUD,train
9900,0,0.0108,0.7946,0.924,0.9798,0.1094,61.4,TIER_3_RESTRICTED_CAUTION,test
9901,0,0.0569,0.8785,0.8795,0.977,0.1347,64.29,TIER_3_RESTRICTED_CAUTION,test
9902,0,0.0675,0.8558,0.9236,0.8482,0.0883,59.2,TIER_3_RESTRICTED_CAUTION,train
9903,0,0.0148,0.7924,0.9269,0.9805,0.1282,62.04,TIER_3_RESTRICTED_CAUTION,train
9904,0,0.1399,0.7009,0.9041,0.995,0.1117,58.85,TIER_3_RESTRICTED_CAUTION,train
9905,0,0.0839,0.7422,0.918,0.984,0.1651,61.82,TIER_3_RESTRICTED_CAUTION,train
9906,0,0.0059,0.797,0.9108,0.9649,0.0992,60.61,TIER_3_RESTRICTED_CAUTION,train
9907,0,0.925,0.1091,0.5575,0.12,0.0171,1.97,TIER_4_QUARANTINE_FRAUD,train
9908,0,0.8895,0.1661,0.8669,0.98,0.4797,15.04,TIER_4_QUARANTINE_FRAUD,train
9909,0,0.7858,0.2131,0.8595,1.0,0.1282,16.83,TIER_4_QUARANTINE_FRAUD,train
9910,0,0.0205,0.9109,0.917,0.7625,0.5885,76.15,TIER_2_STANDARD_TRUST,test
9911,0,0.6946,0.3138,0.9195,0.9833,0.0192,27.45,TIER_4_QUARANTINE_FRAUD,test
9912,0,0.0043,0.8063,0.8996,0.9637,0.1287,61.78,TIER_3_RESTRICTED_CAUTION,train
9913,0,0.8048,0.2362,0.9149,0.7067,0.4494,21.47,TIER_4_QUARANTINE_FRAUD,train
9914,0,0.0144,0.7976,0.9031,0.9735,0.0919,60.51,TIER_3_RESTRICTED_CAUTION,train
9915,0,0.0741,0.8634,0.9123,0.995,0.4433,75.41,TIER_2_STANDARD_TRUST,train
9916,0,0.9237,0.1101,0.41,0.32,0.0173,2.57,TIER_4_QUARANTINE_FRAUD,train
9917,0,0.0089,0.818,0.9388,0.9343,0.55,76.53,TIER_2_STANDARD_TRUST,test
9918,0,0.8405,0.1784,0.7775,0.8817,0.0234,10.81,TIER_4_QUARANTINE_FRAUD,train
9919,0,0.025,0.8225,0.8168,0.9856,0.4459,73.09,TIER_2_STANDARD_TRUST,train
9920,1,0.9799,0.0193,0.7121,0.9346,0.1303,0.59,TIER_4_QUARANTINE_FRAUD,val
9921,0,0.3284,0.5942,0.908,0.9246,0.5513,69.32,TIER_2_STANDARD_TRUST,train
9922,0,0.0217,0.8158,0.9167,0.9833,0.507,75.97,TIER_2_STANDARD_TRUST,train
9923,0,0.0158,0.7964,0.9222,0.9794,0.1133,61.56,TIER_3_RESTRICTED_CAUTION,train
9924,0,0.1155,0.7186,0.9217,0.995,0.1457,60.75,TIER_3_RESTRICTED_CAUTION,train
9925,1,0.9584,0.0885,0.8043,0.9777,0.1123,4.72,TIER_4_QUARANTINE_FRAUD,test
9926,0,0.8792,0.0949,0.8359,0.57,0.022,3.47,TIER_4_QUARANTINE_FRAUD,test
9927,0,0.0354,0.7798,0.9446,0.972,0.641,79.57,TIER_2_STANDARD_TRUST,train
9928,1,0.97,0.081,0.8534,0.8838,0.1087,3.97,TIER_4_QUARANTINE_FRAUD,train
9929,0,0.0212,0.8183,0.9216,0.9507,0.9512,90.82,TIER_1_VERIFIED_SAFE,test
9930,0,0.5677,0.3898,0.8296,1.0,0.0603,39.09,TIER_4_QUARANTINE_FRAUD,train
9931,0,0.008,0.8025,0.897,0.9746,0.1511,62.7,TIER_3_RESTRICTED_CAUTION,test
9932,1,0.9406,0.1016,0.8445,0.76,0.0404,4.61,TIER_4_QUARANTINE_FRAUD,train
9933,0,0.572,0.3908,0.8549,1.0,0.0675,39.66,TIER_4_QUARANTINE_FRAUD,train
9934,0,0.7788,0.2295,0.8696,0.956,0.4839,23.52,TIER_4_QUARANTINE_FRAUD,train
9935,0,0.5163,0.4148,0.9194,1.0,0.1232,45.84,TIER_3_RESTRICTED_CAUTION,test
9936,0,0.0592,0.7647,0.9041,0.9742,0.1106,60.21,TIER_3_RESTRICTED_CAUTION,train
9937,0,0.2792,0.6299,0.8864,0.8888,0.9682,83.87,TIER_1_VERIFIED_SAFE,train
9938,1,0.967,0.0983,0.8818,1.0,0.4619,7.32,TIER_4_QUARANTINE_FRAUD,train
9939,1,0.9198,0.1132,0.7676,0.7825,0.0116,5.16,TIER_4_QUARANTINE_FRAUD,test
9940,0,0.0021,0.9835,0.9295,0.9939,0.4113,78.04,TIER_2_STANDARD_TRUST,train
9941,0,0.1804,0.6967,0.8854,1.0,0.0432,56.27,TIER_3_RESTRICTED_CAUTION,train
9942,0,0.0376,0.7766,0.8626,0.9538,0.1209,60.0,TIER_3_RESTRICTED_CAUTION,train
9943,1,0.8882,0.1437,0.8905,0.475,0.0304,5.93,TIER_4_QUARANTINE_FRAUD,train
9944,0,0.9044,0.1326,0.8391,0.5423,0.0229,5.46,TIER_4_QUARANTINE_FRAUD,train
9945,1,0.7603,0.1852,0.7911,0.964,0.146,13.46,TIER_4_QUARANTINE_FRAUD,train
9946,0,0.9024,0.1381,0.8652,0.9116,0.1025,8.44,TIER_4_QUARANTINE_FRAUD,train
9947,0,0.182,0.6801,0.9125,0.995,0.9736,88.48,TIER_1_VERIFIED_SAFE,val
9948,0,0.9127,0.1181,0.8284,1.0,0.1322,7.28,TIER_4_QUARANTINE_FRAUD,test
9949,0,0.627,0.4458,0.8448,0.995,0.4523,61.78,TIER_3_RESTRICTED_CAUTION,val
9950,1,0.9479,0.0455,0.8862,0.7775,0.0556,1.61,TIER_4_QUARANTINE_FRAUD,val
9951,0,0.4378,0.6115,0.9034,1.0,0.4279,67.36,TIER_2_STANDARD_TRUST,train
9952,1,0.7963,0.2074,0.844,0.4769,0.0345,10.16,TIER_4_QUARANTINE_FRAUD,test
9953,0,0.0717,0.8506,0.8628,1.0,0.0853,62.13,TIER_3_RESTRICTED_CAUTION,train
9954,0,0.023,0.7885,0.9311,0.9855,0.1168,61.69,TIER_3_RESTRICTED_CAUTION,train
9955,0,0.6362,0.3581,0.8628,0.995,0.4631,44.92,TIER_4_QUARANTINE_FRAUD,train
9956,0,0.9012,0.1636,0.9212,1.0,0.4481,14.7,TIER_4_QUARANTINE_FRAUD,train
9957,0,0.3598,0.5364,0.8676,0.8933,0.0962,50.47,TIER_3_RESTRICTED_CAUTION,train
9958,0,0.0145,0.9106,0.9077,0.993,0.4516,77.03,TIER_2_STANDARD_TRUST,train
9959,0,0.1494,0.7167,0.8595,0.99,0.4322,69.97,TIER_2_STANDARD_TRUST,val
9960,0,0.2372,0.6262,0.871,0.9809,0.1272,56.47,TIER_3_RESTRICTED_CAUTION,train
9961,0,0.007,0.9204,0.915,0.9823,0.4297,76.36,TIER_2_STANDARD_TRUST,train
9962,0,0.4833,0.4482,0.9016,1.0,0.1195,51.39,TIER_3_RESTRICTED_CAUTION,train
9963,0,0.109,0.7521,0.9259,0.9635,0.1476,61.08,TIER_3_RESTRICTED_CAUTION,test
9964,1,0.8501,0.1762,0.7915,0.9685,0.121,12.31,TIER_4_QUARANTINE_FRAUD,test
9965,0,0.1253,0.7158,0.8985,0.995,0.1935,62.1,TIER_3_RESTRICTED_CAUTION,train
9966,0,0.9172,0.115,0.8358,0.5423,0.12,5.02,TIER_4_QUARANTINE_FRAUD,test
9967,1,0.9624,0.0922,0.6872,1.0,0.0427,4.6,TIER_4_QUARANTINE_FRAUD,train
9968,1,0.8523,0.1211,0.8823,0.555,0.1763,5.9,TIER_4_QUARANTINE_FRAUD,train
9969,1,0.9785,0.0676,0.8234,1.0,0.1239,3.37,TIER_4_QUARANTINE_FRAUD,train
9970,0,0.004,0.926,0.9382,0.9717,0.4194,76.13,TIER_2_STANDARD_TRUST,train
9971,1,0.8299,0.1815,0.8969,1.0,0.1287,13.49,TIER_4_QUARANTINE_FRAUD,train
9972,1,0.7525,0.2416,0.8494,0.9211,0.1194,19.13,TIER_4_QUARANTINE_FRAUD,train
9973,0,0.8532,0.1762,0.7144,1.0,0.1544,12.67,TIER_4_QUARANTINE_FRAUD,train
9974,0,0.2,0.7859,0.9056,0.9292,0.4415,71.31,TIER_2_STANDARD_TRUST,train
9975,0,0.0145,0.7985,0.9283,0.969,0.1387,62.32,TIER_3_RESTRICTED_CAUTION,train
9976,0,0.0065,0.9003,0.9384,0.9965,0.0953,64.64,TIER_3_RESTRICTED_CAUTION,train
9977,0,0.0068,0.9327,0.9417,0.9485,0.4158,75.66,TIER_2_STANDARD_TRUST,train
9978,0,0.7167,0.2893,0.8686,0.9891,0.1923,27.49,TIER_4_QUARANTINE_FRAUD,train
9979,1,0.917,0.1259,0.8288,0.99,0.4689,10.16,TIER_4_QUARANTINE_FRAUD,test
9980,0,0.0043,0.936,0.9426,0.9667,0.4297,76.71,TIER_2_STANDARD_TRUST,train
9981,1,0.8608,0.1645,0.8759,0.7775,0.1142,10.04,TIER_4_QUARANTINE_FRAUD,train
9982,1,0.9479,0.221,0.8435,0.9395,0.4289,21.25,TIER_4_QUARANTINE_FRAUD,train
9983,1,0.8571,0.1865,0.7965,1.0,0.1255,13.66,TIER_4_QUARANTINE_FRAUD,train
9984,0,0.2009,0.6588,0.8871,0.9487,0.1229,56.65,TIER_3_RESTRICTED_CAUTION,val
9985,0,0.7342,0.2529,0.8894,1.0,0.1269,21.72,TIER_4_QUARANTINE_FRAUD,train
9986,0,0.031,0.944,0.9346,0.8441,0.4381,74.1,TIER_2_STANDARD_TRUST,train
9987,0,0.8876,0.1396,0.8213,0.9757,0.028,8.25,TIER_4_QUARANTINE_FRAUD,train
9988,0,0.0885,0.7419,0.8979,0.995,0.0453,57.7,TIER_3_RESTRICTED_CAUTION,val
9989,0,0.0003,0.9356,0.925,0.9688,0.4125,75.97,TIER_2_STANDARD_TRUST,test
9990,1,0.9584,0.1001,0.837,1.0,0.1191,5.74,TIER_4_QUARANTINE_FRAUD,train
9991,0,0.012,0.7926,0.9342,0.9803,0.1082,61.41,TIER_3_RESTRICTED_CAUTION,train
9992,0,0.2523,0.641,0.8803,0.7675,0.0708,49.7,TIER_3_RESTRICTED_CAUTION,train
9993,0,0.06,0.7801,0.8886,1.0,0.1113,61.18,TIER_3_RESTRICTED_CAUTION,train
9994,1,0.9396,0.123,0.8791,0.9646,0.1129,7.51,TIER_4_QUARANTINE_FRAUD,train
9995,0,0.0052,0.8117,0.9083,0.9919,0.1105,62.1,TIER_3_RESTRICTED_CAUTION,val
9996,0,0.01,0.7948,0.9325,0.9326,0.1184,60.63,TIER_3_RESTRICTED_CAUTION,test
9997,0,0.3837,0.6519,0.8686,1.0,0.5027,70.84,TIER_2_STANDARD_TRUST,test
9998,0,0.7602,0.2614,0.9158,0.99,0.0403,21.31,TIER_4_QUARANTINE_FRAUD,train
9999,0,0.0957,0.6836,0.8378,0.9568,0.1153,56.84,TIER_3_RESTRICTED_CAUTION,train
10000,0,0.902,0.1324,0.9221,0.7571,0.0102,6.62,TIER_4_QUARANTINE_FRAUD,val
10001,0,0.1137,0.7358,0.9132,0.875,0.0343,54.28,TIER_3_RESTRICTED_CAUTION,train
10002,1,0.8985,0.0785,0.8419,0.9428,0.1188,3.98,TIER_4_QUARANTINE_FRAUD,test
10003,0,0.0005,0.8048,0.9319,0.9712,0.1281,62.23,TIER_3_RESTRICTED_CAUTION,train
10004,0,0.4967,0.4342,0.8616,0.8977,0.1007,45.44,TIER_3_RESTRICTED_CAUTION,train
10005,0,0.0076,0.828,0.9319,0.9898,0.4189,73.57,TIER_2_STANDARD_TRUST,train
10006,0,0.0,0.9335,0.9221,0.9528,0.4893,78.17,TIER_2_STANDARD_TRUST,train
10007,1,0.9806,0.0942,0.898,0.995,0.045,5.01,TIER_4_QUARANTINE_FRAUD,train
10008,1,0.8969,0.2621,0.8394,1.0,0.4569,28.35,TIER_4_QUARANTINE_FRAUD,train
10009,0,0.0543,0.7636,0.9137,0.9914,0.2214,64.58,TIER_3_RESTRICTED_CAUTION,val
10010,0,0.1622,0.7116,0.8829,0.94,0.0229,54.48,TIER_3_RESTRICTED_CAUTION,val
10011,0,0.0882,0.7689,0.8745,0.8756,0.0978,57.12,TIER_3_RESTRICTED_CAUTION,train
10012,0,0.0543,0.8998,0.9385,0.985,0.4247,75.87,TIER_2_STANDARD_TRUST,train
10013,0,0.0508,0.7635,0.8399,0.9927,0.1175,60.23,TIER_3_RESTRICTED_CAUTION,train
10014,0,0.012,0.7978,0.9369,0.8603,0.1025,58.4,TIER_3_RESTRICTED_CAUTION,train
10015,0,0.0057,0.9861,0.9377,0.9335,0.4192,76.97,TIER_2_STANDARD_TRUST,train
10016,0,0.2471,0.6197,0.8806,0.9783,0.102,55.43,TIER_3_RESTRICTED_CAUTION,train
10017,0,0.2866,0.5952,0.9183,0.7117,0.0046,44.99,TIER_4_QUARANTINE_FRAUD,test
10018,0,0.9069,0.0946,0.8751,0.995,0.0392,4.98,TIER_4_QUARANTINE_FRAUD,train
10019,0,0.6682,0.3077,0.9216,0.99,0.1703,30.0,TIER_4_QUARANTINE_FRAUD,train
10020,1,0.9739,0.182,0.8272,0.8938,0.4956,16.47,TIER_4_QUARANTINE_FRAUD,train
10021,0,0.2738,0.6117,0.9019,1.0,0.9763,86.54,TIER_1_VERIFIED_SAFE,test
10022,1,0.9648,0.0819,0.8488,0.6458,0.0206,3.03,TIER_4_QUARANTINE_FRAUD,train
10023,0,0.0083,0.8313,0.926,0.9754,0.0898,61.72,TIER_3_RESTRICTED_CAUTION,val
10024,0,0.6597,0.311,0.8558,0.985,0.1332,29.18,TIER_4_QUARANTINE_FRAUD,train
10025,0,0.0063,0.8096,0.9101,0.9691,0.102,61.19,TIER_3_RESTRICTED_CAUTION,train
10026,0,0.5116,0.4199,0.8724,0.97,0.1299,45.8,TIER_3_RESTRICTED_CAUTION,train
10027,1,0.166,0.6807,0.8746,1.0,0.1353,58.9,TIER_3_RESTRICTED_CAUTION,train
10028,1,0.6732,0.2997,0.8429,0.6222,0.0274,20.01,TIER_4_QUARANTINE_FRAUD,train
10029,0,0.4313,0.6178,0.9141,0.9495,0.1476,56.58,TIER_3_RESTRICTED_CAUTION,test
10030,0,0.1421,0.6986,0.8807,0.9016,0.1004,55.82,TIER_3_RESTRICTED_CAUTION,train
10031,0,0.2756,0.6335,0.8917,1.0,0.4246,67.78,TIER_2_STANDARD_TRUST,train
10032,0,0.7638,0.1845,0.8209,0.9778,0.1086,13.17,TIER_4_QUARANTINE_FRAUD,train
10033,0,0.8359,0.1794,0.8721,0.8707,0.0997,11.91,TIER_4_QUARANTINE_FRAUD,train
10034,0,0.3991,0.517,0.9106,0.898,0.0876,50.13,TIER_3_RESTRICTED_CAUTION,train
10035,1,0.9542,0.0905,0.8761,1.0,0.0954,4.95,TIER_4_QUARANTINE_FRAUD,train
10036,0,0.6901,0.2868,0.8533,0.98,0.1288,25.69,TIER_4_QUARANTINE_FRAUD,train
10037,0,0.1052,0.7339,0.8934,1.0,0.1056,59.65,TIER_3_RESTRICTED_CAUTION,val
10038,0,0.007,0.7991,0.8866,0.9803,0.1017,60.91,TIER_3_RESTRICTED_CAUTION,train
10039,0,0.9138,0.137,0.7933,0.963,0.1199,8.59,TIER_4_QUARANTINE_FRAUD,train
10040,0,0.0056,0.9013,0.9313,1.0,0.0081,61.64,TIER_3_RESTRICTED_CAUTION,test
10041,0,0.7773,0.2615,0.922,0.2411,0.4108,18.5,TIER_4_QUARANTINE_FRAUD,val
10042,1,0.98,0.0697,0.8931,1.0,0.13,3.59,TIER_4_QUARANTINE_FRAUD,val
10043,0,0.0263,0.7862,0.8601,0.9784,0.1001,60.15,TIER_3_RESTRICTED_CAUTION,val
10044,0,0.0065,0.907,0.9468,0.9776,0.0922,64.35,TIER_3_RESTRICTED_CAUTION,train
10045,0,0.0836,0.7723,0.9092,0.7167,0.55,69.43,TIER_2_STANDARD_TRUST,train
10046,0,0.0088,0.8285,0.8794,1.0,0.6515,81.45,TIER_1_VERIFIED_SAFE,train
10047,0,0.0247,0.7964,0.8947,1.0,0.1063,61.56,TIER_3_RESTRICTED_CAUTION,train
10048,0,0.0043,0.9309,0.9247,0.88,0.0716,61.68,TIER_3_RESTRICTED_CAUTION,test
10049,0,0.1784,0.6747,0.8917,1.0,0.1326,58.8,TIER_3_RESTRICTED_CAUTION,train
10050,0,0.0822,0.7701,0.9019,0.9707,0.2489,65.1,TIER_2_STANDARD_TRUST,val
10051,0,0.0022,0.905,0.8859,0.9707,0.1383,65.12,TIER_2_STANDARD_TRUST,train
10052,1,0.9171,0.1233,0.8206,0.995,0.1334,7.7,TIER_4_QUARANTINE_FRAUD,train
10053,1,0.9789,0.068,0.8899,0.7117,0.0347,2.57,TIER_4_QUARANTINE_FRAUD,test
10054,1,0.985,0.0183,0.7688,0.8928,0.1222,0.54,TIER_4_QUARANTINE_FRAUD,train
10055,0,0.0889,0.8618,0.9179,0.99,0.55,79.03,TIER_2_STANDARD_TRUST,val
10056,1,0.9586,0.0375,0.7817,0.9596,0.1225,1.47,TIER_4_QUARANTINE_FRAUD,train
10057,0,0.1757,0.7961,0.8782,0.9469,0.1214,60.58,TIER_3_RESTRICTED_CAUTION,train
10058,0,0.8752,0.1826,0.8921,0.995,0.0424,12.62,TIER_4_QUARANTINE_FRAUD,test
10059,0,0.0317,0.9579,0.9171,0.9037,0.4431,76.01,TIER_2_STANDARD_TRUST,val
10060,1,0.8701,0.1035,0.7761,0.995,0.0899,5.75,TIER_4_QUARANTINE_FRAUD,train
10061,0,0.0189,0.9077,0.9425,0.8111,0.4619,73.1,TIER_2_STANDARD_TRUST,train
10062,1,0.9574,0.1236,0.8716,0.995,0.0396,7.21,TIER_4_QUARANTINE_FRAUD,test
10063,0,0.5361,0.4038,0.8222,1.0,0.1198,43.02,TIER_4_QUARANTINE_FRAUD,train
10064,0,0.3451,0.5453,0.8741,0.9469,0.1073,52.53,TIER_3_RESTRICTED_CAUTION,test
10065,0,0.75,0.3508,0.8943,0.8819,0.4576,41.62,TIER_4_QUARANTINE_FRAUD,train
10066,0,0.2251,0.6546,0.8691,0.9493,0.1272,56.51,TIER_3_RESTRICTED_CAUTION,train
10067,1,0.5274,0.408,0.8369,0.4638,0.0203,28.97,TIER_4_QUARANTINE_FRAUD,train
10068,0,0.0106,0.9007,0.9111,1.0,0.4228,75.93,TIER_2_STANDARD_TRUST,train
10069,1,0.8775,0.1693,0.8888,0.8717,0.0236,10.26,TIER_4_QUARANTINE_FRAUD,val
10070,0,0.004,0.9014,0.9374,0.8583,0.0237,58.7,TIER_3_RESTRICTED_CAUTION,train
10071,1,0.961,0.0834,0.8679,1.0,0.1059,4.46,TIER_4_QUARANTINE_FRAUD,train
10072,0,0.6383,0.3474,0.879,0.8426,0.1167,31.68,TIER_4_QUARANTINE_FRAUD,train
10073,1,0.9509,0.093,0.8349,0.9338,0.1175,4.97,TIER_4_QUARANTINE_FRAUD,val
10074,1,0.9343,0.1139,0.8837,1.0,0.5273,9.34,TIER_4_QUARANTINE_FRAUD,train
10075,0,0.0181,0.7928,0.9528,0.98,0.1986,64.76,TIER_3_RESTRICTED_CAUTION,train
10076,1,0.9194,0.1225,0.8442,0.9807,0.108,7.45,TIER_4_QUARANTINE_FRAUD,test
10077,1,0.9585,0.1934,0.8627,1.0,0.55,19.58,TIER_4_QUARANTINE_FRAUD,train
10078,0,0.9612,0.0832,0.8131,0.575,0.0214,2.87,TIER_4_QUARANTINE_FRAUD,test
10079,1,0.6292,0.3311,0.8291,0.49,0.0223,20.97,TIER_4_QUARANTINE_FRAUD,test
10080,1,0.8841,0.1623,0.855,0.56,0.4502,11.47,TIER_4_QUARANTINE_FRAUD,train
10081,0,0.8732,0.1494,0.8316,0.4688,0.0388,6.17,TIER_4_QUARANTINE_FRAUD,train
10082,1,0.9182,0.1142,0.7771,0.7067,0.0521,5.16,TIER_4_QUARANTINE_FRAUD,train
10083,0,0.1401,0.8021,0.9233,0.9121,0.1025,59.68,TIER_3_RESTRICTED_CAUTION,test
10084,0,0.0928,0.8507,0.9022,1.0,0.1091,63.36,TIER_3_RESTRICTED_CAUTION,train
10085,0,0.0096,0.8255,0.9134,1.0,0.1056,62.6,TIER_3_RESTRICTED_CAUTION,test
10086,0,0.8674,0.1556,0.8233,0.9819,0.1261,10.52,TIER_4_QUARANTINE_FRAUD,train
10087,1,0.353,0.563,0.9023,0.7825,0.4384,60.82,TIER_3_RESTRICTED_CAUTION,train
10088,0,0.8892,0.1404,0.8695,0.9127,0.1006,8.63,TIER_4_QUARANTINE_FRAUD,train
10089,0,0.4424,0.5062,0.9114,1.0,0.4485,65.0,TIER_3_RESTRICTED_CAUTION,train
10090,1,0.9237,0.1142,0.6166,1.0,0.1303,6.59,TIER_4_QUARANTINE_FRAUD,train
10091,0,0.9095,0.1271,0.8832,0.995,0.1576,8.31,TIER_4_QUARANTINE_FRAUD,train
10092,0,0.8287,0.2012,0.9206,0.9685,0.4241,19.07,TIER_4_QUARANTINE_FRAUD,val
10093,1,0.9032,0.0794,0.8804,0.835,0.0423,3.52,TIER_4_QUARANTINE_FRAUD,train
10094,0,0.7225,0.2623,0.6779,0.49,0.0365,13.97,TIER_4_QUARANTINE_FRAUD,val
10095,0,0.009,0.8982,0.9332,0.9854,0.1033,64.53,TIER_3_RESTRICTED_CAUTION,train
10096,0,0.8412,0.1403,0.8669,1.0,0.0701,8.87,TIER_4_QUARANTINE_FRAUD,train
10097,0,0.0037,0.8389,0.9169,0.98,0.4294,73.87,TIER_2_STANDARD_TRUST,val
10098,0,0.1315,0.711,0.9253,1.0,0.0082,55.87,TIER_3_RESTRICTED_CAUTION,test
10099,0,0.1368,0.7018,0.8882,1.0,0.1251,59.32,TIER_3_RESTRICTED_CAUTION,train
10100,1,0.9516,0.2234,0.8573,1.0,0.059,17.03,TIER_4_QUARANTINE_FRAUD,test
10101,1,0.9809,0.0673,0.8394,0.7017,0.0269,2.44,TIER_4_QUARANTINE_FRAUD,train
10102,0,0.9009,0.1277,0.838,0.575,0.0375,5.42,TIER_4_QUARANTINE_FRAUD,train
10103,0,0.8115,0.3196,0.9089,0.9296,0.4145,36.17,TIER_4_QUARANTINE_FRAUD,train
10104,0,0.1425,0.8323,0.9399,0.995,0.4354,74.48,TIER_2_STANDARD_TRUST,test
10105,0,0.4194,0.4899,0.9242,0.9926,0.1632,54.47,TIER_3_RESTRICTED_CAUTION,train
10106,1,0.9185,0.1234,0.8449,0.9595,0.1276,7.56,TIER_4_QUARANTINE_FRAUD,val
10107,0,0.0133,0.7459,0.8603,0.9545,0.0948,58.16,TIER_3_RESTRICTED_CAUTION,val
10108,0,0.5235,0.4184,0.9296,1.0,0.244,50.39,TIER_3_RESTRICTED_CAUTION,train
10109,0,0.2118,0.6527,0.9316,0.9393,0.1093,56.21,TIER_3_RESTRICTED_CAUTION,train
10110,0,0.7612,0.2583,0.8711,0.995,0.0246,20.51,TIER_4_QUARANTINE_FRAUD,test
10111,0,0.6684,0.3035,0.8874,1.0,0.1881,29.71,TIER_4_QUARANTINE_FRAUD,val
10112,1,0.938,0.1294,0.8919,1.0,0.4367,10.51,TIER_4_QUARANTINE_FRAUD,train
10113,1,0.9683,0.1027,0.8923,1.0,0.0883,5.87,TIER_4_QUARANTINE_FRAUD,train
10114,1,0.4736,0.4737,0.9064,1.0,0.4654,64.56,TIER_3_RESTRICTED_CAUTION,train
10115,1,0.9515,0.0906,0.8425,1.0,0.1089,4.97,TIER_4_QUARANTINE_FRAUD,train
10116,1,0.4735,0.459,0.8659,0.8873,0.1109,48.49,TIER_3_RESTRICTED_CAUTION,train
10117,0,0.0669,0.7582,0.8555,1.0,0.1315,60.9,TIER_3_RESTRICTED_CAUTION,train
10118,0,0.1092,0.7375,0.9086,0.9863,0.1129,59.82,TIER_3_RESTRICTED_CAUTION,train
10119,0,0.2028,0.6669,0.8934,1.0,0.1241,58.28,TIER_3_RESTRICTED_CAUTION,train
10120,0,0.3345,0.6737,0.8866,1.0,0.1053,57.76,TIER_3_RESTRICTED_CAUTION,test
10121,0,0.0056,0.8011,0.8856,1.0,0.1339,62.57,TIER_3_RESTRICTED_CAUTION,train
10122,1,0.919,0.0666,0.8895,0.15,0.0195,1.28,TIER_4_QUARANTINE_FRAUD,train
10123,0,0.8813,0.1491,0.8441,0.995,0.0185,9.15,TIER_4_QUARANTINE_FRAUD,test
10124,0,0.6588,0.3185,0.8816,1.0,0.1394,30.78,TIER_4_QUARANTINE_FRAUD,train
10125,1,0.9098,0.1205,0.8044,0.9469,0.1244,7.16,TIER_4_QUARANTINE_FRAUD,test
10126,0,0.0166,0.7939,0.9227,0.9215,0.0962,59.45,TIER_3_RESTRICTED_CAUTION,train
10127,0,0.0111,0.8043,0.9158,0.9383,0.2059,63.95,TIER_3_RESTRICTED_CAUTION,train
10128,0,0.0157,0.8115,0.9288,0.9729,0.1131,61.92,TIER_3_RESTRICTED_CAUTION,train
10129,0,0.4905,0.4339,0.8679,0.9891,0.1281,48.55,TIER_3_RESTRICTED_CAUTION,train
10130,0,0.5997,0.3655,0.8365,0.995,0.1189,36.91,TIER_4_QUARANTINE_FRAUD,train
10131,0,0.0093,0.9122,0.9219,0.9962,0.0982,64.93,TIER_3_RESTRICTED_CAUTION,train
10132,1,0.8182,0.2081,0.8943,1.0,0.055,15.46,TIER_4_QUARANTINE_FRAUD,train
10133,0,0.0077,0.9279,0.9133,0.9646,0.4367,76.37,TIER_2_STANDARD_TRUST,train
10134,0,0.5369,0.4257,0.9206,1.0,0.0228,44.45,TIER_4_QUARANTINE_FRAUD,train
10135,1,0.9574,0.0356,0.7521,1.0,0.1138,1.39,TIER_4_QUARANTINE_FRAUD,val
10136,0,0.7398,0.2512,0.8703,0.8558,0.0977,19.24,TIER_4_QUARANTINE_FRAUD,train
10137,0,0.088,0.7386,0.8861,1.0,0.1346,60.73,TIER_3_RESTRICTED_CAUTION,train
10138,0,0.0026,0.8065,0.8855,0.9726,0.1532,62.73,TIER_3_RESTRICTED_CAUTION,train
10139,0,0.026,0.7891,0.8657,0.9941,0.1089,60.99,TIER_3_RESTRICTED_CAUTION,test
10140,0,0.4507,0.4759,0.8497,0.7117,0.0254,41.45,TIER_4_QUARANTINE_FRAUD,test
10141,0,0.6576,0.3264,0.8612,1.0,0.1448,31.93,TIER_4_QUARANTINE_FRAUD,train
10142,1,0.9751,0.0789,0.9011,1.0,0.0242,3.87,TIER_4_QUARANTINE_FRAUD,train
10143,0,0.4214,0.5132,0.8647,1.0,0.1293,53.57,TIER_3_RESTRICTED_CAUTION,train
10144,0,0.2197,0.6057,0.8861,0.995,0.0181,52.54,TIER_3_RESTRICTED_CAUTION,train
10145,0,0.0037,0.8018,0.8994,0.9953,0.1658,63.73,TIER_3_RESTRICTED_CAUTION,train
10146,0,0.013,0.7995,0.8525,1.0,0.1237,61.84,TIER_3_RESTRICTED_CAUTION,train
10147,0,0.6553,0.4528,0.9257,1.0,0.5065,65.57,TIER_2_STANDARD_TRUST,train
10148,1,0.939,0.137,0.8391,1.0,0.4833,11.6,TIER_4_QUARANTINE_FRAUD,train
10149,0,0.0058,0.8051,0.9378,0.9684,0.0036,57.87,TIER_3_RESTRICTED_CAUTION,train
10150,0,0.195,0.6604,0.9277,0.8702,0.0988,54.3,TIER_3_RESTRICTED_CAUTION,test
10151,1,0.9528,0.0918,0.7149,1.0,0.1302,4.99,TIER_4_QUARANTINE_FRAUD,train
10152,0,0.0063,0.9166,0.8533,0.99,0.4697,77.22,TIER_2_STANDARD_TRUST,test
10153,1,0.9072,0.2566,0.8831,0.7706,0.4228,24.37,TIER_4_QUARANTINE_FRAUD,train
10154,0,0.1748,0.7798,0.8582,1.0,0.0354,58.22,TIER_3_RESTRICTED_CAUTION,train
10155,1,0.9901,0.0222,0.8465,1.0,0.0346,0.71,TIER_4_QUARANTINE_FRAUD,train
10156,0,0.9063,0.1316,0.8399,1.0,0.4758,10.93,TIER_4_QUARANTINE_FRAUD,val
10157,0,0.2194,0.7595,0.9274,1.0,0.9504,90.32,TIER_1_VERIFIED_SAFE,train
10158,0,0.0092,0.8827,0.9316,0.9653,0.4144,74.43,TIER_2_STANDARD_TRUST,train
10159,0,0.7232,0.266,0.8536,1.0,0.1384,23.41,TIER_4_QUARANTINE_FRAUD,test
10160,0,0.0309,0.9151,0.9228,0.995,0.9535,94.93,TIER_1_VERIFIED_SAFE,test
10161,0,0.9447,0.0954,0.8385,1.0,0.0323,4.97,TIER_4_QUARANTINE_FRAUD,val
10162,0,0.0116,0.8158,0.8807,1.0,0.4154,72.82,TIER_2_STANDARD_TRUST,train
10163,1,0.9447,0.0964,0.7162,1.0,0.1244,5.32,TIER_4_QUARANTINE_FRAUD,train
10164,1,0.9769,0.0296,0.8073,1.0,0.1258,1.11,TIER_4_QUARANTINE_FRAUD,train
10165,0,0.0038,0.9323,0.9174,1.0,0.4032,76.25,TIER_2_STANDARD_TRUST,train
10166,0,0.0614,0.7648,0.1,1.0,0.1095,52.78,TIER_3_RESTRICTED_CAUTION,test
10167,0,0.1803,0.6871,0.9226,1.0,0.55,74.09,TIER_2_STANDARD_TRUST,test
10168,0,0.0055,0.9048,0.91,0.9957,0.1199,65.33,TIER_2_STANDARD_TRUST,train
10169,0,0.0006,0.9301,0.9135,0.9727,0.4073,75.61,TIER_2_STANDARD_TRUST,train
10170,0,0.0044,0.8112,0.9143,0.9679,0.1415,62.63,TIER_3_RESTRICTED_CAUTION,train
10171,0,0.0082,0.7961,0.9198,0.967,0.1,60.76,TIER_3_RESTRICTED_CAUTION,train
10172,1,0.9778,0.0866,0.8614,1.0,0.4641,6.16,TIER_4_QUARANTINE_FRAUD,train
10173,1,0.9877,0.0675,0.8895,1.0,0.1029,3.36,TIER_4_QUARANTINE_FRAUD,train
10174,0,0.0821,0.8626,0.9236,1.0,0.2152,67.64,TIER_2_STANDARD_TRUST,train
10175,0,0.0934,0.7622,0.8922,1.0,0.4622,72.96,TIER_2_STANDARD_TRUST,val
10176,0,0.7706,0.2277,0.8755,0.9923,0.1643,19.03,TIER_4_QUARANTINE_FRAUD,test
10177,0,0.5821,0.4035,0.887,0.8852,0.4311,50.51,TIER_3_RESTRICTED_CAUTION,train
10178,1,0.9569,0.1125,0.8593,1.0,0.0406,6.33,TIER_4_QUARANTINE_FRAUD,train
10179,0,0.5996,0.4627,0.9059,1.0,0.9653,81.72,TIER_1_VERIFIED_SAFE,val
10180,0,0.6861,0.3178,0.8938,1.0,0.4835,38.43,TIER_4_QUARANTINE_FRAUD,train
10181,1,0.9699,0.0828,0.8959,1.0,0.1151,4.48,TIER_4_QUARANTINE_FRAUD,train
10182,1,0.9358,0.058,0.8536,0.7712,0.1087,2.33,TIER_4_QUARANTINE_FRAUD,train
10183,0,0.3538,0.5414,0.8712,1.0,0.1285,54.45,TIER_3_RESTRICTED_CAUTION,train
10184,0,0.0749,0.7528,0.8647,0.9748,0.1371,60.4,TIER_3_RESTRICTED_CAUTION,train
10185,0,0.3462,0.5723,0.9083,1.0,0.0091,51.57,TIER_3_RESTRICTED_CAUTION,test
10186,0,0.0929,0.7679,0.9012,0.975,0.1055,60.12,TIER_3_RESTRICTED_CAUTION,train
10187,0,0.0071,0.9043,0.938,0.9692,0.1308,65.32,TIER_2_STANDARD_TRUST,train
10188,0,0.0068,0.9103,0.873,1.0,0.1456,66.14,TIER_2_STANDARD_TRUST,train
10189,0,0.0056,0.8025,0.8948,0.9876,0.1467,62.85,TIER_3_RESTRICTED_CAUTION,train
10190,0,0.3277,0.5658,0.8782,0.9779,0.4385,65.55,TIER_2_STANDARD_TRUST,train
10191,1,0.9503,0.0469,0.7911,0.9227,0.1287,1.95,TIER_4_QUARANTINE_FRAUD,train
10192,0,0.0306,0.786,0.8846,0.9896,0.159,62.73,TIER_3_RESTRICTED_CAUTION,train
10193,0,0.0075,0.8071,0.932,0.9479,0.4422,72.71,TIER_2_STANDARD_TRUST,train
10194,1,0.8618,0.1369,0.8838,1.0,0.1175,8.95,TIER_4_QUARANTINE_FRAUD,train
10195,0,0.0009,0.9178,0.9329,0.9624,0.45,76.67,TIER_2_STANDARD_TRUST,test
10196,0,0.6641,0.3051,0.8238,1.0,0.55,37.19,TIER_4_QUARANTINE_FRAUD,train
10197,1,0.8208,0.2006,0.8975,1.0,0.4546,19.55,TIER_4_QUARANTINE_FRAUD,train
10198,0,0.0115,0.9826,0.8992,0.983,0.4193,77.72,TIER_2_STANDARD_TRUST,train
